trH,D,Q,V,sigma,W,C
9.964202349055658603e-01,-2.006499580396129204e-02,-3.293106052881406031e-04,3.472664971583953597e-01,8.343089299587257424e-01,6.960713906088740188e-01,1.538396292083258439e-03
9.920853216967456811e-01,-3.009056147013894345e-01,-1.898896383563696390e-03,7.812774444705871124e-01,1.254550817625444736e+00,1.573897754004671912e+00,1.134286506349761574e-02
9.886885721278587669e-01,2.122824041780548843e-01,-8.390677075136585353e-04,7.967786638891662943e-01,1.268574893793190661e+00,1.609282261162404915e+00,1.572493338407242314e-02
9.964199366919702650e-01,9.396900197154792189e-04,6.301256089554534070e-05,1.014593524209509212e+00,1.427487172219478628e+00,2.037719626851163479e+00,8.532578432145077399e-03
9.982701625645272747e-01,4.281665643515376041e-01,-6.429889622659284423e-04,9.404889879950308895e-01,1.372359210783250738e+00,1.883369803421627076e+00,2.391827431565653455e-03
9.703930893916431488e-01,-5.833697609627975789e-01,5.190011055172629936e-03,9.324098797283828510e-01,1.386013453877361634e+00,1.921033294329053343e+00,5.621353487228752249e-02
9.608228381889392100e-01,-7.239343608032161592e-02,-4.437533521745541318e-03,7.398568588202996121e-01,1.240867625337279900e+00,1.539752463610180033e+00,6.003874596958096166e-02
9.827553964801586384e-01,-3.776579338498519123e-01,1.986012827708906296e-03,6.990392533230666006e-01,1.191799947367181645e+00,1.420387114544417129e+00,2.230860789828418428e-02
9.749425115172619671e-01,-7.977827846745143281e-02,-1.584709516022652460e-03,7.306525130032741622e-01,1.225351752938786065e+00,1.501486918430155582e+00,4.018189242360723640e-02
8.977381584131971515e-03,-4.441496988057984097e-01,-1.465514037110862082e-04,2.364944742937066802e-02,2.184314260712590272e+00,4.771228789552389493e+00,4.723929894693647213e+00
9.286779853159061737e-01,-5.172064718088139473e-02,6.198075126134269634e-03,3.524936672357987799e-01,8.706298667934593283e-01,7.579963649527967640e-01,5.300903048119918332e-02
1.613154411796580145e-02,1.849234038251999779e-01,-3.743297548594933400e-04,3.405996367979311629e-02,1.994365955217790587e+00,3.977495563331770345e+00,3.909375635972184071e+00
9.749246065721156596e-01,-1.460260124097581547e-01,2.537383319362921785e-03,6.757201793763507602e-01,1.177280715698849178e+00,1.385989883556394631e+00,3.454952480369312406e-02
9.075722013623499507e-02,1.956566145962672365e-03,-2.816947879318907710e-04,2.821730881768822613e-02,7.542554413517904566e-01,5.689012708087841652e-01,5.124666531734077823e-01
1.123490512232150351e-02,-2.580488176587222848e-04,-2.064819152417142687e-06,3.523681819746925692e-04,2.791141158464806593e-01,7.790468966476263302e-02,7.719995330081325102e-02
8.266779768404552975e-02,-5.217121460732046176e-03,-2.224358699924972130e-05,2.896203569230409742e-03,1.839975162356464466e-01,3.385508598088697585e-02,2.806267884242615376e-02
8.566543983429162346e-01,-5.800905135139792224e-01,6.287428987483854523e-03,5.817552149562766894e-01,1.156784794492558666e+00,1.338151060769191103e+00,1.746406308566379739e-01
9.938092389764605628e-01,-2.098525004658424176e-01,-1.102867305134131500e-03,8.791332325652152502e-01,1.331380593541861890e+00,1.772574284859880223e+00,1.430781972944977602e-02
9.694871914234177712e-01,1.279095941778299328e-01,-3.391569067829157316e-03,1.031007126568628474e+00,1.459223300320845462e+00,2.129332640199260052e+00,6.731838706200334033e-02
9.747093860177533653e-01,-4.361861212077827732e-02,-3.980388639670117724e-03,1.056647703548762252e+00,1.462220890055299760e+00,2.138089931314112846e+00,2.479452421658831854e-02
9.557780314459154436e-01,2.174860318294000727e-01,-4.721060659547750629e-03,7.808124991135655391e-01,1.269573808375086932e+00,1.611817654912022002e+00,5.019265668489096555e-02
7.258556599952945554e-01,-9.082223675979377020e-03,-8.231738945319574952e-03,5.196678604147293434e-01,1.165307855853518149e+00,1.357942398913923654e+00,3.186066780844649671e-01
9.116211894453791764e-01,-4.756993118404136967e-01,6.259065109714473038e-03,1.127956627112948196e+00,1.567244469208243229e+00,2.456255226263828195e+00,2.003419720379327473e-01
9.665467387091927209e-01,2.448125873698032695e-01,-1.419204776892363067e-02,2.396672980085013727e+00,2.242462936534945328e+00,5.028640021732931231e+00,2.352940615629026677e-01
9.014362221011830156e-01,-5.042659745663945203e-02,3.417474066933214386e-03,7.261929212285447299e-01,1.251298757055776312e+00,1.565748579409330876e+00,1.133627369522416245e-01
8.406141873068521120e-01,1.619943530487671646e-01,2.289341070707998790e-05,1.113328943054881615e+00,1.610218935460262291e+00,2.592805020114780312e+00,3.661471340050169165e-01
8.223909585402809919e-01,4.641562787807487211e-01,-2.005674773693062046e-02,1.801106013631831315e+00,2.100087519041510475e+00,4.410367587633927222e+00,8.081555603702649249e-01
9.327242695153948882e-01,-1.389342061932268835e-01,-5.919210959504524715e-03,1.610894692010608420e+00,1.830544460018654007e+00,3.350893020104985798e+00,1.291036360837692076e-01
9.921747751122288461e-01,-3.288393476695985473e-01,-1.101381235934568818e-02,2.654913470142306497e+00,2.311735907239569343e+00,5.344122904820754805e+00,3.429596453614177504e-02
8.560810093083487393e-01,5.123754474597684572e-02,-6.734517075800324111e-03,1.335532792554207093e+00,1.784319849707419969e+00,3.183797326059909505e+00,5.127317409514950963e-01
9.975523484030521804e-01,-3.560384279939505792e-01,-2.096339897345442325e-03,7.335648846756094299e-01,1.212448565210141105e+00,1.470031523280129537e+00,2.901753928910553483e-03
9.976022547804059837e-01,2.837871528039821456e-01,-2.757871237760543956e-04,7.576029076343223645e-01,1.232289187171413447e+00,1.518536640819583061e+00,3.330825550938383388e-03
9.887968391025085957e-01,-3.057826300306790701e-01,6.002564709729273779e-03,7.622151570654301933e-01,1.241108248601075603e+00,1.540349684745629055e+00,1.591937061476870682e-02
6.776505144812010606e-01,-1.487290372343359063e-02,6.895589676649146148e-04,5.043717939512772919e-01,1.210361082108782238e+00,1.464973949083542060e+00,4.562303611809874759e-01
5.401427955708012485e-01,1.932061658638811186e-01,-8.645612814653592850e-04,2.584874900977458534e-01,8.476779914466338051e-01,7.185579771829994078e-01,2.015829969875077288e-01
9.211303682484783817e-01,3.703582002724057909e-01,1.566870449066703683e-02,9.778134123021532398e-01,1.452401305911889873e+00,2.109469553414563325e+00,1.538427288102570401e-01
9.922441955487995013e-01,-3.443811612670912847e-01,-2.112329002423003288e-04,2.329797003841445058e+00,2.168159024649007893e+00,4.700913556166936402e+00,4.131954848404562064e-02
7.829562871449390338e-01,1.234106601539358694e-01,-8.023286684107863373e-03,9.830733283377891540e-01,1.588927736057273110e+00,2.524691350412091584e+00,5.585446937365130538e-01
9.809805652054877090e-01,-1.947931285259631162e-01,-6.933679819358512346e-03,1.535064674809468954e+00,1.766721769334449466e+00,3.121305810240247780e+00,5.117646062130946916e-02
9.965262284495144396e-01,1.370711005933470950e-01,1.004823578657069050e-03,1.351700855318543226e+00,1.646448239345318365e+00,2.710791804843298625e+00,7.390094206212273649e-03
9.434030312603089996e-01,-1.509034808384107085e-01,-7.429537575462998381e-03,1.155724196936304571e+00,1.548535062319282396e+00,2.397960839232183616e+00,8.651244535957439141e-02
9.763957228768330721e-01,-5.879469035697731244e-02,-5.129706957205324921e-03,1.641316738376541240e+00,1.826537230465722805e+00,3.336238254277392734e+00,5.360477752431010851e-02
8.203994677075822084e-01,-4.765472827821126134e-01,1.733118757936458892e-02,5.398397955413196669e-01,1.128189322419698382e+00,1.272811147221817984e+00,1.931315561391787894e-01
8.256415272129890015e-01,-1.501463850959652568e-01,1.091850638901708907e-02,1.030532361419196796e+00,1.572734835846199219e+00,2.473494863884170947e+00,4.124301410457769657e-01
8.866564765539075577e-01,-4.355984647000807342e-03,1.050597553559075997e-02,1.161039248268649349e+00,1.596058462810856948e+00,2.547402616710155776e+00,2.253241201728567733e-01
9.057110324362152021e-01,-2.870152601580214791e-01,-2.527548980772220937e-03,1.749381640598841603e+00,1.975146811206873965e+00,3.901204925820682234e+00,4.024416446229990285e-01
2.141264684868507961e-01,5.875733532816160287e-03,-3.149745102277023024e-04,2.374271371210109893e-02,4.943058621953312359e-01,2.443382854006698190e-01,1.968528579764676212e-01
8.404236968064809910e-01,5.129339625026983762e-02,-1.140507813247345660e-02,7.062415368797088089e-01,1.280184107623959289e+00,1.638871349412952982e+00,2.263882756535355034e-01
9.880926653670908388e-01,3.387412016476072374e-01,-3.753856977257962781e-03,2.398653833575397520e+00,2.199743332690215158e+00,4.838870729715055496e+00,4.156306256426061524e-02
2.154133765812504819e-02,1.070922302886183342e-03,-3.064140205922665232e-04,2.598827937919965733e-02,1.220133324750567905e+00,1.488725330166874805e+00,1.436748771408475456e+00
5.015708219931520606e-01,-5.038908454205125453e-01,1.916999592020064355e-02,3.491814344600972508e-01,1.186021680346379004e+00,1.406647426251648403e+00,7.082845573314539012e-01
8.077377471740838644e-01,-1.520189817629922502e-01,7.131569121156648011e-03,5.875752405211505103e-01,1.201824911104236504e+00,1.444383116950706203e+00,2.692326359084052934e-01
9.750818712621706075e-01,-7.562734668829357298e-01,7.220090918338962355e-03,1.312029336101821597e+00,1.631886312346314094e+00,2.663052936423251804e+00,3.899426421960907468e-02
9.136021685360777855e-01,-3.558715906661946704e-01,-1.032462800310924439e-02,7.936451297311357678e-01,1.322646737325555932e+00,1.749394391757937983e+00,1.621041322956665587e-01
9.547621219526128966e-01,-1.898824045747388445e-01,-6.242346267194141991e-03,9.770587144682046921e-01,1.431108118203940904e+00,2.048070445989224719e+00,9.395301705281551563e-02
9.480525635390373296e-01,5.804315944840628960e-01,-3.196251237911129379e-03,9.309635764418635606e-01,1.399344334432164549e+00,1.958164566307397436e+00,9.623741342367063412e-02
3.426539696415378256e-01,5.418747561700160142e-02,4.613396477728217739e-03,2.009191569182915138e-01,1.105054657713373967e+00,1.221145796534022221e+00,8.193074826974391378e-01
9.895667222905223381e-01,1.511491995494971818e-01,2.391500009117822779e-03,7.726287981874587762e-01,1.251589646995603156e+00,1.566476644466578527e+00,2.121904809166098860e-02
9.933198589212138829e-01,-1.698130787274074183e-01,-1.132793230547830300e-02,1.388153779311361857e+00,1.670813649908976295e+00,2.791618252722155358e+00,1.531069409943166745e-02
8.221971205799493143e-01,-2.346755558047851908e-01,-1.090117175930931104e-02,6.361119244008923701e-01,1.252546151656689588e+00,1.568871862029982855e+00,2.966480132281983928e-01
9.649381176707817476e-01,7.670273748259393010e-02,-6.777473351334219534e-03,9.350398245568577460e-01,1.389205966292189620e+00,1.929893216781816578e+00,5.981356766810103087e-02
8.662582720594446117e-01,-2.063713975924704180e-01,-8.701367437679406389e-03,1.704883691134335244e+00,1.932399441070036028e+00,3.734167599847787677e+00,3.244002175791175224e-01
9.710712777692597220e-01,-1.155995888672633476e-01,-1.516335513665248089e-02,2.262047962158918235e+00,2.153968090388204804e+00,4.639578534410610189e+00,1.154826100927726779e-01
5.434267884947143745e-01,-3.117266051175897612e-01,-4.706201415546444611e-03,4.837452400234342198e-01,1.297930312246607265e+00,1.684623095448575247e+00,7.171326154017068077e-01
9.328488285554108472e-01,1.683349135498938831e-01,-1.188362444044349783e-03,1.584264201967471752e+00,1.808628660714625358e+00,3.271137632358379399e+00,1.026092284234358804e-01
8.789872717722125861e-01,-1.083235556681928502e-01,3.410855210000317446e-03,6.091838103488121936e-01,1.235119539148815448e+00,1.525520275987181984e+00,3.071526552895575413e-01
6.757048205000032448e-01,-5.061548842884941446e-02,-5.511092477866835933e-03,5.997677555329612442e-01,1.325401379326154094e+00,1.756688816319671886e+00,5.571533052537493980e-01
9.943273731026263107e-01,-2.450929730459299460e-01,1.631201364408999162e-03,1.672700334746103579e+00,1.833896680927675771e+00,3.363177036317545276e+00,1.777636682533830642e-02
9.345967168566056138e-01,-2.474749328201170662e-01,-5.682999886502985813e-03,2.268630089837710084e+00,2.206365870971114251e+00,4.868050356586122618e+00,3.307901769107035039e-01
7.805655490508560668e-01,4.759357216890592324e-01,2.134513461715302832e-02,6.639567341725717275e-01,1.336954386909627424e+00,1.787447032676897862e+00,4.595335643317545182e-01
5.112303087999228168e-01,-2.934539895811561494e-01,-6.593336817046175496e-03,4.555634309484915545e-01,1.371948355273577391e+00,1.882242289537874091e+00,9.711154276408909825e-01
8.518021791937336884e-01,1.410943832711791801e-02,3.377152041117523033e-03,1.124051494275065677e+00,1.576325686881398180e+00,2.484802671122111839e+00,2.366996825719808739e-01
8.990317896590622748e-01,2.190616331913105563e-01,-1.180095558190588027e-04,1.804598301962903939e+00,2.044550049555264870e+00,4.180184905136436591e+00,5.709883012106291567e-01
5.753858788049341921e-01,-4.344246214112673643e-02,-4.099273660429875350e-03,4.453790689938426084e-01,1.175562781169016802e+00,1.381947852469833649e+00,4.911897144821484318e-01
5.393370880504453346e-01,3.990935529233127776e-02,-1.027023725525204149e-02,7.324362134871708063e-01,1.724212288654763725e+00,2.972908016348098315e+00,1.508035589373756480e+00
8.974501389193361156e-01,-1.790017049714006658e-01,2.456230135159392577e-03,2.094904982067186949e-01,6.753965161836941178e-01,4.561604540730709867e-01,3.717945765963354132e-02
5.616933893526044885e-01,3.353288710156203389e-02,-2.364720557970383715e-03,1.107226787007676572e-01,5.433955068647774445e-01,2.952786768808284279e-01,7.383331947929314132e-02
5.095441550823995858e-01,-6.648728057024974603e-03,-9.185957979753324280e-04,1.768802477633788228e-01,7.233430284999835536e-01,5.232251368795280966e-01,1.694646413527704232e-01
7.818372810872922241e-01,3.134084533719036503e-02,2.636232028528559253e-04,7.404794669780171423e-01,1.388250784597251597e+00,1.927240240934884774e+00,4.462813069788502673e-01
8.636887055918140987e-02,5.214689276762551895e-03,9.532632585812763292e-05,4.504936686434915516e-02,7.308865636471081340e-01,5.341951689198781716e-01,4.440964351911798613e-01
7.056166090235342914e-01,3.465730865175177255e-01,6.329173175108210488e-03,5.869349963836585360e-01,1.285987055475395158e+00,1.653762706850277153e+00,4.798927140829600257e-01
9.963990405139894202e-01,3.343574104327096119e-01,-2.115883830894832798e-03,2.037657152606126232e+00,2.020952729272818882e+00,4.084249933955255152e+00,8.935628743003779309e-03
9.977935494160882213e-01,-9.359175513406493840e-02,1.626538827239355865e-03,1.201196609565275741e+00,1.551826327947773754e+00,2.408164952111871315e+00,5.771732981319729373e-03
9.958250649960298517e-01,3.133250887126771966e-03,-2.226765153825994818e-03,8.012525223678572672e-01,1.267278983704950956e+00,1.605996022540253199e+00,3.490977804538634207e-03
1.627826421226918896e-02,4.748082551009891183e-04,-3.497389246864286502e-06,6.165656131603298182e-04,3.636594275252613695e-01,1.322481792280008339e-01,1.310150480016801511e-01
9.169335538640320804e-01,1.525311638639771650e-01,-7.495247084974342253e-04,3.120932535782418582e-01,8.175999845271479938e-01,6.684697346987926725e-01,4.428322754230889363e-02
8.473088733534411832e-01,2.030284994533877452e-01,-3.588695820375640503e-03,5.893214278017073759e-01,1.186412977095643750e+00,1.407575752220948662e+00,2.289328966175337432e-01
8.127993165224163263e-01,-2.745808536204518147e-01,1.994880947750895736e-02,5.653335555050374994e-01,1.213270953279712128e+00,1.472026406072261429e+00,3.413592950621864852e-01
8.544104101367787640e-01,2.340055788988452956e-02,-1.537470022519877265e-02,1.293500508240996050e+00,1.705753665015632858e+00,2.909595565714263810e+00,3.225945492322719321e-01
9.187916412400519706e-01,-2.976304017498621751e-02,-7.318494029906220770e-03,8.817273819575897065e-01,1.358160752038517716e+00,1.844600628377832230e+00,8.114586446265263653e-02
7.071730102494993009e-01,-4.382602549395937519e-01,-3.915896245999221301e-03,3.353130319097178957e-01,9.689176577856178918e-01,9.388014275687677213e-01,2.681753637493320408e-01
4.266804172930749317e-02,3.936892837667314848e-04,-3.016126153087669219e-05,2.317395465535674985e-03,2.658848207618926263e-01,7.069473791158377429e-02,6.605994698051241565e-02
2.469717509699265179e-03,5.955735552658214527e-05,-1.773277297149474958e-05,1.758626468989925350e-03,9.335840066270217896e-01,8.715790974297630278e-01,8.680618444917832521e-01
7.688141143763811414e-01,-4.327268106714409202e-01,-1.046346469419344449e-02,8.402327013995871674e-01,1.443768805068151195e+00,2.084468362487917226e+00,4.040029596887427799e-01
8.221158522836208293e-01,5.422668534411825836e-02,7.860154036645574868e-03,7.242654422118118829e-01,1.296875613621864209e+00,1.681886357207086569e+00,2.333554727834630527e-01
9.019986800232394630e-01,4.595530933112129679e-01,1.362356815154095249e-02,2.366621317388966084e+00,2.287246836681524620e+00,5.231498091909640991e+00,4.982554571317096559e-01
5.789119468681751535e-01,2.067507897894672875e-01,-4.355737878650268254e-04,1.622435181406644278e-01,7.332157554568157209e-01,5.376053440501090686e-01,2.131183077687801575e-01
9.475251429085175259e-01,-2.196960696041313499e-01,-1.130394332119687064e-03,4.673980924953868854e-01,9.886202310178191510e-01,9.773699611777261209e-01,4.257377618695244031e-02
9.855625941666507073e-01,2.084135897062205367e-01,1.370475849220489624e-03,4.869716810259740458e-01,9.917515992412195835e-01,9.835712345975166082e-01,9.627872545568462795e-03
9.962215062176478231e-01,1.401623189401643432e-02,4.003942224918621839e-03,8.344963252664684417e-01,1.294253933800825207e+00,1.675093245158911115e+00,6.100594625974075508e-03
9.980692897912838424e-01,-2.646815081621846089e-01,-1.553671696419261193e-03,7.498827623176332891e-01,1.225207809903548606e+00,1.501134177448650187e+00,1.368652813383761319e-03
7.840410366299732647e-01,-2.691719052877479534e-02,-8.804578722005967570e-03,6.045356356800695163e-01,1.227084071613789629e+00,1.505735318808275824e+00,2.966640474481365697e-01
9.926520329474926019e-01,2.499517553941921766e-01,-6.513687000976348986e-03,1.416998235414476115e+00,1.688610328883977107e+00,2.851404842813653584e+00,1.740837198470149283e-02
7.084058463880598122e-01,1.148291625722419329e-01,5.112223139625026759e-03,5.762226183707087612e-01,1.215460681261985920e+00,1.477344667693851088e+00,3.248994309524336210e-01
9.482907885672776649e-01,-3.561943752955521458e-01,1.310259847780464830e-02,7.246147219380396631e-01,1.227914927204424300e+00,1.507775068451446820e+00,5.854562457536760522e-02
9.916150699148549297e-01,8.111476774795325917e-02,-2.317621756146653281e-03,8.485990680973697353e-01,1.307278492975245898e+00,1.708977058195630061e+00,1.177892200089080896e-02
9.107420594062828334e-01,2.801416759705543241e-02,-9.506339096402314018e-03,6.972830605095790002e-01,1.217044445114341844e+00,1.481197181383676176e+00,8.663106036451827252e-02
9.968543443236598245e-01,4.659457813156896999e-01,-9.476161862048012273e-04,9.160566881107996551e-01,1.355726127415208371e+00,1.837993332556237869e+00,5.879956334638630593e-03
9.347666335681595884e-01,-6.796473018892174034e-02,-4.620110153392257418e-03,7.787066844557991585e-01,1.291450528560607713e+00,1.667844467719473034e+00,1.104310988078748001e-01
9.234929107449402208e-01,1.303334858402284135e-01,-5.318708398202898723e-03,8.237446553238122471e-01,1.339596134398018501e+00,1.794517803294114255e+00,1.470284926464894559e-01
8.923153611981269329e-01,4.130335580702412107e-02,3.613699939613991378e-03,6.350159660877443546e-01,1.167974316221487063e+00,1.364164003353050214e+00,9.413207117756186570e-02
9.957608801082991068e-01,9.557548338174173819e-02,-1.625300219998555059e-03,1.186621301827330832e+00,1.543821991279880734e+00,2.383386340759376054e+00,1.014373710471471769e-02
3.058185326426888784e-01,-2.950091615313907289e-02,-2.975012671029072121e-03,2.797434019658087134e-01,1.401691899786470019e+00,1.964740181927003615e+00,1.405253377995386410e+00
9.596975213412684003e-01,-1.255376233122815488e-01,-5.016424831209328160e-03,1.057937809099974924e+00,1.479106875921518682e+00,2.187757150398314643e+00,7.188153219836528052e-02
9.323702032950247354e-01,-5.912332191824937189e-02,-5.819827332605421143e-03,9.881629209746494169e-01,1.456294006441816835e+00,2.120792233198358190e+00,1.444663912490594948e-01
9.628725189227028691e-01,-7.290389388949075622e-02,-1.037188630303069285e-02,1.075152594725814037e+00,1.503634239324852961e+00,2.260915925670028859e+00,1.106107362184004794e-01
9.474841451003467308e-01,1.296872912464617777e-01,3.686459497720001935e-03,8.407954684255219968e-01,1.335400491710728721e+00,1.783294473261256341e+00,1.017035364102124168e-01
9.691217223078869569e-01,2.179835126645379983e-01,4.889673968035427622e-03,8.485510781002243430e-01,1.313700786888520877e+00,1.725809757471518768e+00,2.870760127107009271e-02
9.045153070099283266e-01,1.315610844160217952e-01,-2.553072411322660981e-02,1.882944545839713157e+00,2.018773693662013091e+00,4.075447226221768027e+00,3.095581345423415454e-01
5.830078314221215363e-01,-2.251756385152361289e-02,-3.934750354875918461e-03,3.951809920275419219e-01,1.152608412803797222e+00,1.328506153266088674e+00,5.381441692110048303e-01
9.947662133395663853e-01,-2.037267946597630941e-01,1.317333147711530520e-05,7.933383237503147667e-01,1.262892858336781554e+00,1.594898371638046264e+00,8.221724137416650674e-03
9.941812499483689836e-01,-1.567241568122592910e-01,-2.228745068744096211e-03,8.689019064019167793e-01,1.321804578081751558e+00,1.747167342637877541e+00,9.363529834044247505e-03
9.960108088634634926e-01,4.070928388204680948e-01,2.348527095503812534e-04,8.544397048687454310e-01,1.310205389905349183e+00,1.716638163737027822e+00,7.758753999537201448e-03
7.189075611384168063e-01,-8.252316508409224260e-02,8.834506627965071218e-03,1.210812504351847646e-01,5.675823715541171710e-01,3.221497484989958582e-01,7.998724762862631510e-02
9.943214117677621200e-01,-8.720485430517946335e-02,2.647302054841506151e-03,8.732600776290140310e-01,1.324731796672115047e+00,1.754914333114129921e+00,8.394177856101799756e-03
9.980383378304947817e-01,-1.434878396306282222e-01,4.196422481192864200e-04,9.492552375249058150e-01,1.378485386609169083e+00,1.900221961095030165e+00,1.711486045218643844e-03
8.827440134148637485e-01,2.063058645176764350e-01,6.933965281145594486e-04,9.344607887993986450e-01,1.469142709993410012e+00,2.158380302326780686e+00,2.894587247279838405e-01
8.858081319674785403e-01,2.252528006274696071e-01,-9.781810449770398166e-03,6.744443933982703365e-01,1.229516109002420476e+00,1.511709862296451989e+00,1.628210754999116217e-01
9.060702993156115603e-01,8.496406990892456379e-03,-1.489218388878242247e-02,1.739915614118443976e+00,1.962351576583999169e+00,3.850823710121707322e+00,3.709924818848198136e-01
9.062494720944541671e-01,9.805780449736317683e-02,-2.963363102057915699e-02,1.933885818195570039e+00,2.071879287570647321e+00,4.292683782264252734e+00,4.249121458731124346e-01
9.218796204136039396e-01,7.064218017466332433e-02,-3.211747412314283623e-02,2.274479518207493278e+00,2.216198228864849185e+00,4.911534589623694380e+00,3.625755532087077126e-01
5.803593813326499706e-01,-8.761916503995020866e-02,-5.035802201624866572e-04,1.575230929541005243e-01,7.283820506080072033e-01,5.305404116479256471e-01,2.154942257397245986e-01
6.808660911781720948e-01,-8.735783405816248404e-02,-3.706119732182687650e-03,5.020978181822647324e-01,1.190136177137259166e+00,1.416424120130889586e+00,4.122284837663600654e-01
9.660219685264114231e-01,-2.950936050835518132e-01,1.466277467381292207e-02,1.393016885706539920e+00,1.696301051404311755e+00,2.877437256995373449e+00,9.140348558229331732e-02
9.490069715734646971e-01,3.443458360579133015e-01,-1.683034822035177260e-03,1.030588085673485255e+00,1.475575165211145512e+00,2.177322068187899529e+00,1.161458968409293246e-01
9.596530724977283544e-01,5.405209283313011648e-02,1.262505847293346299e-03,1.572342758422494491e+00,1.809344773837480602e+00,3.273728510613004072e+00,1.290429937680152850e-01
8.645470181759805639e-01,-1.937693495972482305e-01,-1.265676947459013239e-03,8.163312357148477805e-01,1.411575137800362700e+00,1.992544369656112924e+00,3.598818982264177513e-01
8.866058994425033424e-01,-8.840516969798759006e-02,1.745193578127670939e-05,6.486965752675960539e-01,1.201063580900987970e+00,1.442553725366704009e+00,1.451605748315119571e-01
9.911140790323061944e-01,-6.576612664016845411e-02,1.211373054738571625e-02,1.318643937943422495e+00,1.631800497489901192e+00,2.662772863608288798e+00,2.548498772144388788e-02
9.893759617312121168e-01,5.993642285496322830e-02,-2.725239892164318511e-03,1.040747783518419123e+00,1.450023570923658855e+00,2.102568356234199243e+00,2.107278919736062239e-02
9.756240083253736595e-01,3.872691327109779036e-01,-5.027690369759918454e-04,9.865914458208336901e-01,1.421320329430426632e+00,2.020151478852216353e+00,4.696858721054926467e-02
9.672623073397220717e-01,4.362870274576813312e-01,-9.511344613809428550e-04,8.113968021529529562e-01,1.288696315684771276e+00,1.660738194059503403e+00,3.794458975359735892e-02
9.419096270173531460e-01,1.778829219713022602e-02,3.562581951739776827e-03,7.373808327089259596e-01,1.255684225006846733e+00,1.576742872931045314e+00,1.019812075131933810e-01
9.849366405431873028e-01,4.821004827834236839e-02,-7.030636960194658856e-03,9.423527952544925590e-01,1.385561455498017569e+00,1.919780546961784795e+00,3.507495645279982976e-02
9.334870465624645064e-01,-2.971676347093293313e-01,1.269341678637075747e-02,7.990898012535061490e-01,1.297462102483235569e+00,1.683407907380217949e+00,8.522830487320559589e-02
7.914482638656054059e-01,3.034921491743758359e-02,-1.407987149004032851e-02,9.437024597999535969e-01,1.519773088537522465e+00,2.309710240642880219e+00,4.223053210429736359e-01
9.597811225252161904e-01,-6.203733113766590757e-01,1.807934298165413123e-02,1.728155755743375988e+00,1.882854925074361585e+00,3.545142668876779535e+00,8.883115739002743483e-02
5.922127868602844458e-01,1.414857102457420801e-01,1.731370048680542020e-02,4.559194491376316605e-01,1.209690330471756115e+00,1.463350695636866261e+00,5.515117973616029401e-01
5.391920947045203416e-01,3.162877040927686290e-05,-2.278555147076552576e-03,3.698087516560997767e-01,1.071294491941977123e+00,1.147671888465219059e+00,4.080543851530194499e-01
6.002043448478480148e-01,1.001814662123215599e-01,-4.556236242320621001e-03,5.862212099230208473e-01,1.328858687845767994e+00,1.765865412263176060e+00,5.934229924171343651e-01
9.267446664777720944e-01,7.226364746947608331e-02,-3.803956352879351872e-03,8.550711875329978229e-01,1.348436176300187972e+00,1.818280121555071904e+00,1.081377464890765777e-01
3.811596559465745271e-01,-2.689270424336070997e-02,-4.097458336845412677e-03,3.274221725853792564e-01,1.338344289837262391e+00,1.791165438140006172e+00,1.136321092969247770e+00
9.252916074970307658e-01,5.155364848938628897e-02,1.507878693347241075e-02,1.734423028777158704e+00,1.900247931702206516e+00,3.610942201938514007e+00,1.420961443841965988e-01
8.913468001625474146e-01,-2.645432970606055312e-01,5.814657156485192845e-03,1.062078700624567107e+00,1.494750102359890365e+00,2.234277868504902731e+00,1.101204672557684616e-01
9.393437150612303776e-01,-3.009370929250677618e-01,9.056424732073522013e-03,1.386641089216750222e+00,1.693762291528689623e+00,2.868830700204517470e+00,9.554852177101748334e-02
9.983043556654240813e-01,3.304194534052138366e-01,1.539539546082987131e-03,1.088820885270548100e+00,1.477266541088246621e+00,2.182316433418832080e+00,4.674662877736151557e-03
7.321549760580248201e-02,-7.980680948658613882e-03,5.716580945701580816e-04,1.753237283315784226e-02,6.897558875260266786e-01,4.757631843768166946e-01,4.406984387105010170e-01
6.005046783346124073e-03,-1.553716400832377831e-04,-2.927956965416646848e-06,6.971384051035550092e-04,3.674331448475111617e-01,1.350071159325321180e-01,1.336128391223249945e-01
9.675138462597852040e-01,-4.115823301684463226e-02,-5.656291847951996736e-03,8.731463901456022469e-01,1.337579583183222010e+00,1.789119141348601838e+00,4.282636105739743432e-02
1.429637490685164991e-02,1.012607467829274022e-03,4.710331627753368305e-05,2.197838572589807301e-03,4.448027687445585965e-01,1.978495030828252843e-01,1.934538259376456515e-01
5.074648845049933854e-03,2.914818435897220672e-05,-1.174469986898872750e-06,6.891063312228307776e-05,1.696495713240899761e-01,2.878097705044749613e-02,2.864315578420293176e-02
9.393063870628639567e-01,-2.922773335081278040e-02,1.348694555083543994e-02,4.199257871374240669e-01,9.392508635017264851e-01,8.821921845887388258e-01,4.234061031389070584e-02
9.091244821157982159e-01,1.579638272594940385e-01,2.347149547423429267e-03,9.011238251797445420e-01,1.394462083818803544e+00,1.944524503208280075e+00,1.422768528487909079e-01
9.316897455477507473e-01,-4.462591106392942986e-01,-9.863844116398498563e-03,9.238331896595403103e-01,1.403328489771072052e+00,1.969330850203158123e+00,1.216644708840777384e-01
9.146801510650464095e-01,8.548477108636050315e-03,-1.325961026708493036e-02,8.575272252151140417e-01,1.382268406572231489e+00,1.910665947807735909e+00,1.956114973775080201e-01
8.648243569027945776e-01,-2.647382373820787449e-01,-2.026689344833899203e-02,1.983985964128168522e+00,2.129637028292320267e+00,4.535353872273744535e+00,5.673819440174081574e-01
8.782218673474138093e-01,-3.758457749431450001e-02,-1.700386644760236432e-02,1.241109323072006720e+00,1.709788923407558725e+00,2.923378162607178421e+00,4.411595164631652022e-01
8.551008496458614161e-01,-3.274538961298545936e-01,1.646403419875559077e-02,1.016547416034507156e+00,1.497224332080643983e+00,2.241680700574330665e+00,2.085858685053162687e-01
1.457405338641936110e-01,-7.952077421389494583e-03,1.296461167265865655e-04,9.115958571957790552e-03,4.392097899948649298e-01,1.929052396273333303e-01,1.746733224834177700e-01
9.918638237300919647e-01,2.384255308359685133e-01,-1.506228556132504061e-03,7.650046653960975718e-01,1.243065155781022391e+00,1.545210981516897508e+00,1.520165072470248090e-02
9.980676784726090212e-01,-3.387447884276815757e-01,5.402475161373430576e-03,1.038802468118157352e+00,1.442110801962303013e+00,2.079683565136356993e+00,2.078628900042018678e-03
2.281307144461441894e-02,4.297377793751021302e-04,-2.400593970988309700e-05,3.692583769750661798e-03,3.658200740528041450e-01,1.338243265799990978e-01,1.264391590404977672e-01
2.682287029983410065e-03,-8.963045845242212373e-05,-1.981720084296495016e-05,2.312109062911660816e-03,1.175287761700114730e+00,1.381301322802065634e+00,1.376677104676242269e+00
8.782363774077086571e-01,-2.179551704334449502e-01,1.121470938899480491e-02,6.210050363076881075e-01,1.179407349677744632e+00,1.391001696473881610e+00,1.489916238585056729e-01
9.516867371117577745e-01,-1.352042524476678997e-01,-2.426482125300078591e-02,2.450834244959295916e+00,2.261818497337909406e+00,5.115822914899918139e+00,2.141544249813264189e-01
6.618674981688785763e-01,-1.125438625203767362e-01,-1.145878660382193374e-02,5.778892385643729090e-01,1.355476717942263321e+00,1.837317132883530046e+00,6.815386557547844504e-01
8.743185928426431275e-01,-1.035731183207797002e-01,4.628093887243235269e-03,7.530990668779161679e-01,1.302032216383177454e+00,1.695287892499689253e+00,1.890897587438569449e-01
9.971619449219591980e-01,5.543908754543963591e-02,5.724738946305468930e-03,9.953782636763408576e-01,1.413614255044788992e+00,1.998305262065833476e+00,7.548734713151579109e-03
3.294152233079072900e-02,-1.679437636169969772e-03,-4.739737256271375293e-05,9.466677099195942857e-03,7.200780621998387199e-01,5.185124156614747681e-01,4.995790614630829518e-01
3.855582274368996032e-03,-2.418786722005739076e-04,1.824841826915973066e-05,3.706305698106240800e-03,1.345907871113242171e+00,1.811467997524579543e+00,1.804055386128367244e+00
7.570377959748619823e-01,4.354609092615561172e-01,6.912354471552494863e-03,5.707404762770660334e-01,1.275742138690584060e+00,1.627518004430825282e+00,4.860370518766932157e-01
9.706363002776007276e-01,2.214946115765283607e-01,-2.088328635164608382e-03,8.688142561449933021e-01,1.337865140359570493e+00,1.789883133789333058e+00,5.225462149934669009e-02
9.976814107087502714e-01,1.698435840050985593e-02,-5.800727964754460878e-04,8.310617803695404815e-01,1.290691995297923444e+00,1.665885826726134944e+00,3.762265987053904203e-03
4.319881864095420632e-02,-8.400929948260485447e-04,-2.316727746492313852e-05,2.158999597382970769e-03,3.104958817096088453e-01,9.640769255862741138e-02,9.208969336386146898e-02
6.547438685372108935e-03,-1.785679625260883086e-03,4.268582884025379199e-04,4.656495819563249809e-03,7.270272310071417277e-01,5.285685946259118806e-01,5.192556029867854139e-01
5.564961518921736072e-01,-7.393959152803528112e-02,6.922262010745842790e-04,4.135581152180098363e-02,3.903980517968194119e-01,1.524106388467520723e-01,6.969901580315009115e-02
9.796555025985632659e-01,1.699254321901559270e-02,6.962907061333086130e-03,7.484574828756680454e-01,1.235927237318017236e+00,1.527516135944546383e+00,3.060117019321040299e-02
9.820922315546525283e-01,-2.681736456116440848e-01,4.618975827634858641e-04,6.391710107374839467e-01,1.138531631134409139e+00,1.296254275093578157e+00,1.791225361861018342e-02
9.507289976764450312e-01,2.640191678192435054e-01,4.898693263114504114e-03,3.094834918823046732e-01,8.057218030376802620e-01,6.491876238902904994e-01,3.022064012568112523e-02
9.743425235412762619e-01,-1.176262154540794191e-03,-3.770421102783113980e-03,7.243597030273156712e-01,1.214100762057298111e+00,1.474040660428111771e+00,2.532125437348035912e-02
9.801320009003998690e-01,-3.102204761680354278e-02,-3.518617261943389647e-03,7.379585253714608939e-01,1.221729802905914930e+00,1.492623711308525891e+00,1.670666056560395421e-02
9.877685654476553445e-03,1.436321224035919109e-03,-1.540267978390965194e-06,1.078096270548879049e-02,1.558287832730611555e+00,2.428260969636266697e+00,2.406699044225289352e+00
1.001218978096474199e-02,-6.612661893402316249e-04,-3.824140081573344286e-05,3.303116155011690154e-03,7.902970389921506467e-01,6.245694098397609473e-01,6.179631775297376173e-01
5.055751946627927707e-01,-1.214204364950565579e-02,-1.923126829607334047e-03,7.884822862539041244e-02,5.085758630554774173e-01,2.586494084826236883e-01,1.009529512318428218e-01
9.884243634842274639e-01,-1.522932632439230327e-01,-2.295643627312640624e-03,7.658456870017475993e-01,1.245392446612895387e+00,1.551002346080453620e+00,1.931097207695850124e-02
9.973942669578842457e-01,-6.956086012791073969e-02,-9.510031680708658881e-04,8.016480405776379436e-01,1.267846937879006930e+00,1.607435857889174313e+00,4.139776733898755529e-03
8.192973374051495394e-01,-9.094789188564590676e-02,-1.931292750064153726e-04,2.685335606132241079e-02,2.601202415568442672e-01,6.766254006759100936e-02,1.395582794494619992e-02
9.957133895152051606e-01,3.443293610040835118e-01,-3.155461322561779400e-03,8.521467159960109949e-01,1.309057016294261633e+00,1.713630271909234892e+00,9.336839917212800058e-03
9.980600008093744036e-01,-6.219987803813159521e-02,-1.252312128578114952e-03,8.388203414271763192e-01,1.296249226122498488e+00,1.680262056223176481e+00,2.621373368823696603e-03
8.878770861430275163e-01,-4.353726538436594740e-02,-7.416112410973196324e-03,8.109971242929835400e-01,1.356115673879249250e+00,1.839049720940970190e+00,2.170554723550033038e-01
8.134322286324124907e-01,-8.149263358947077263e-02,-2.030131170932094470e-02,1.593641822617884785e+00,1.946499199936550628e+00,3.788859135353631391e+00,6.015754901178620440e-01
8.966125240630749005e-01,1.793394095284498169e-01,-1.153886671439894457e-02,9.460561441329642385e-01,1.422651290213006403e+00,2.023936693544731824e+00,1.318244052788035692e-01
3.104855973780945577e-01,3.361967904308550414e-01,9.888463705790041542e-04,1.228899798666668042e-01,7.496762254853522878e-01,5.620144430579647743e-01,3.162344833246311104e-01
9.400880953889274583e-01,3.786836785329548982e-02,1.644545785424285020e-02,1.024425608167787827e+00,1.468639313282235292e+00,2.156901432518115502e+00,1.080502161825399321e-01
8.050595544598518893e-01,3.721872522615442547e-01,4.285322711755491613e-04,5.901798770931396820e-01,1.181463897882346625e+00,1.395856941999348066e+00,2.154971878130687024e-01
7.925902943394638189e-01,-3.319345720813642875e-01,-6.782834448449217603e-03,6.706725535376903968e-01,1.281655964649659474e+00,1.642642011722049267e+00,3.012969046466686951e-01
2.182333801554880992e-02,-1.080975177957035904e-04,-1.568778382760675411e-05,1.774549839823710189e-03,2.812962192687708529e-01,7.912756297490440571e-02,7.557846329525698403e-02
3.457876230574807863e-03,8.333738375028779122e-06,-3.519537050166457676e-05,1.338440161374401891e-03,8.111629515550101699e-01,6.579853339754357933e-01,6.553084536526869730e-01
9.261948649887199458e-01,-4.413168145146240118e-02,2.715934126175681591e-03,1.249017868225348993e+00,1.617601538992238686e+00,2.616634738950059269e+00,1.185990024993618247e-01
6.468871747734386002e-01,-2.228633236850617316e-01,7.587546664244057895e-03,4.792727101848493487e-01,1.213289895550084596e+00,1.472072370643934924e+00,5.135269502742363379e-01
9.910274833305867670e-01,3.618479973131835670e-02,3.002176339801183348e-03,8.399273930822478418e-01,1.301915001249467130e+00,1.694982670478400122e+00,1.512788431390470548e-02
1.130321846205856184e-01,1.970325645395541031e-03,-3.871122562487644387e-05,6.554204514297347871e-03,2.373433387692106267e-01,5.633186045811627851e-02,4.322345142952158104e-02
6.117225875384435518e-03,1.611351557200962903e-04,-1.222206451435344151e-05,7.514472968983921869e-04,2.869514824271026110e-01,8.234115326711177740e-02,8.083825867331498327e-02
8.054248083145884030e-01,-1.402709664239923382e-01,7.787191338293197873e-04,3.142803292138010018e-01,8.472489884356179113e-01,7.178308484051778571e-01,8.927018997757583951e-02
7.555772309331297842e-01,4.072840013188647190e-02,-6.416689925433346868e-03,5.289951806053995176e-01,1.108431770381628434e+00,1.228620989591351131e+00,1.706306283805521240e-01
9.808039394868771632e-01,-1.334946818814868041e-01,-6.269424605183477120e-03,1.135419004143042532e+00,1.520852798377469117e+00,2.312993234332578751e+00,4.215522604649366706e-02
9.656585382986359045e-01,3.769070793307056633e-01,-1.081521911983303547e-03,6.530835848521790998e-01,1.156482574161703969e+00,1.337451944339681287e+00,3.128477463532296221e-02
4.771840663090086698e-01,-4.032039918454859151e-02,1.888483558959784319e-03,5.159321022638905380e-02,4.084179912629309350e-01,1.668052555872475418e-01,6.361883513446942029e-02
1.746492383272235660e-02,-3.421233191640803140e-04,-6.695637607223544664e-05,3.961176981326807421e-03,6.954807398634800242e-01,4.836934595210535814e-01,4.757711055583999649e-01
8.545144487998301841e-01,-3.574712752946285765e-01,2.039227397307244623e-03,5.827872786115753101e-01,1.168313253584110312e+00,1.364955858500289665e+00,1.993813012771391280e-01
2.276464285500336970e-01,-3.393092435986216904e-02,1.293087347106765478e-03,1.677492556612456553e-01,1.275307734723509112e+00,1.626409818245608152e+00,1.290911306923116841e+00
9.866354761455056188e-01,-3.831543072096820768e-01,1.130705956597158768e-03,7.656442885703662604e-01,1.245846525922540415e+00,1.552133566153263144e+00,2.084498901253075201e-02
9.747856092728394151e-01,-5.139905570945942082e-02,-1.610277425422749565e-03,6.010767612871116272e-01,1.104920482803592341e+00,1.220849273318923789e+00,1.869575074470046158e-02
1.552293686155914454e-02,-4.403595318627773203e-06,-2.590435874191849018e-05,2.617284860840285443e-03,4.364952841970388686e-01,1.905281331262537181e-01,1.852935634045731472e-01
1.007242520795226248e-02,4.972359600110762279e-05,-4.716514316481663928e-06,1.838269715400355127e-04,2.484082531335211619e-01,6.170666022484753294e-02,6.133900628176745806e-02
6.144422319385292042e-01,2.932964183084576515e-01,-7.313290584395402798e-03,4.692173539917092184e-01,1.201202188872281029e+00,1.442886698551559155e+00,5.044519905681407179e-01
8.741704282546999272e-01,-2.704299486487070636e-01,-9.175786848150490824e-03,2.257911557409383985e+00,2.324947786290401552e+00,5.405382208976638125e+00,8.895590941578704891e-01
8.097119350976073049e-01,-1.800622292455174300e-01,4.337700237351586191e-02,1.209118594720040907e+00,1.708186860241511562e+00,2.917902349501753534e+00,4.996651600616717204e-01
6.110479223986055031e-01,1.508534356065415749e-01,2.800016917063455671e-04,6.044285210894788651e-01,1.396256056160288139e+00,1.949530974364281910e+00,7.406739321853240687e-01
7.675086053803010788e-01,3.738048278160024940e-02,2.392391452037114722e-04,5.514266361097660551e-01,1.166285334128499107e+00,1.360221480603224675e+00,2.573682083836926204e-01
9.831769494083902883e-01,-3.627166312395356251e-01,4.701660219608648841e-03,2.346449949468163432e+00,2.178463677868950121e+00,4.745703995794312569e+00,5.280409685798546915e-02
9.662611295847326476e-01,-1.267202733923567803e-01,9.156349052298777547e-03,1.219744860004175369e+00,1.577034805399681883e+00,2.487038777442012183e+00,4.754905743366167475e-02
3.858456982968124782e-01,2.826864603799217335e-03,-2.163261058396538563e-03,1.773466878923839474e-01,8.547167803499722272e-01,7.305407746118226520e-01,3.758473988270547572e-01
7.892137487503867455e-01,7.572734125959677820e-02,-1.883940507762333662e-03,4.980128138251835868e-01,1.107976433477079858e+00,1.227611777140589888e+00,2.315861494902228812e-01
9.759688553468355288e-01,3.236246043720745202e-01,-1.137571902778719383e-03,1.080386127440306820e+00,1.485906455178080732e+00,2.207917993539889601e+00,4.714573865927564750e-02
2.246556085400691627e-01,-4.345867193436173115e-03,-1.252161308435201757e-03,8.462274324898066968e-02,7.127883255511391347e-01,5.080671970419967653e-01,3.388217105440354260e-01
8.824251129706105479e-01,2.474330781952024383e-01,-1.151458355421003995e-03,7.270161809076068904e-01,1.264513148306928514e+00,1.598993502241100373e+00,1.449611404258865921e-01
9.140280789166616016e-01,-2.292754670078981094e-01,-1.178195909336010941e-02,9.433603188458936639e-01,1.415829123322190908e+00,2.004572106447283897e+00,1.178514687554964024e-01
9.618328063736721889e-01,-1.807373626455975324e-01,7.717627716059879267e-03,8.579204400466401426e-01,1.341997582083075180e+00,1.800957510316819832e+00,8.511663022353944952e-02
9.311292240309677615e-01,-2.612950167035727467e-01,8.833628709463090325e-03,1.533376242807053647e+00,1.805612624489481011e+00,3.260236949715791255e+00,1.934844641016836564e-01
6.955294357489960611e-02,-4.065813184552735660e-03,-4.584563223807238037e-05,1.031071658503397888e-02,6.330073433521032911e-01,4.006982967376875315e-01,3.800768635676196050e-01
7.152678875397175950e-01,9.783528786581922876e-02,-2.665132390604479061e-03,5.581946914433136842e-01,1.248188967831368457e+00,1.557975699415937054e+00,4.415863165293097414e-01
9.144508218666129729e-01,-1.242005689778987038e-01,-4.356499929082427100e-03,1.063463121348648066e+00,1.513421824351220524e+00,2.290445618422576324e+00,1.635193757252801361e-01
6.839840800412075872e-01,2.647456725974495911e-02,-1.838250492698349824e-03,2.018219632631541027e-01,7.546224810113475456e-01,5.694550888477215578e-01,1.658111623214134078e-01
2.627314552891020227e-01,2.951515991667368055e-03,-2.146965438614440043e-04,2.379212559823164208e-02,3.473055354196112887e-01,1.206211349331028637e-01,7.303688373663956568e-02
8.473474178594692097e-01,3.549264260398204973e-01,-2.107168579164182300e-03,7.700141682072259020e-01,1.333765079388655517e+00,1.778929286996626447e+00,2.389009505821745594e-01
9.617969391398334400e-01,-4.278186206414656689e-02,-1.378707265612300753e-02,1.115469719959499395e+00,1.522774866105400582e+00,2.318843292842320825e+00,8.790385292332257572e-02
5.946262152847175964e-01,-7.179221838123875377e-02,-9.748156547180267251e-03,5.395432015687798843e-01,1.323938746616743156e+00,1.752813804793112995e+00,6.737274016555535594e-01
4.427229494545202870e-01,-4.535673070739214274e-02,1.593066570939008931e-03,1.310290423524894388e-01,7.123651819470903090e-01,5.074641524505110191e-01,2.454060677455321138e-01
6.198461378615136574e-01,-6.098484523159740378e-02,-3.550365783514987904e-03,1.991985403261964938e-01,7.349691370662982948e-01,5.401796324399791294e-01,1.417825517875861419e-01
9.375064791146703325e-01,-8.225668229523774855e-02,-9.129576507988656706e-03,9.904119202647986286e-01,1.456419916482469823e+00,2.121158973126804348e+00,1.403351325972073127e-01
9.771935007499942261e-01,-3.832850777714034152e-01,1.543704767853840316e-02,2.617086391599963591e+00,2.316610609788768205e+00,5.366684717385887815e+00,1.325119341859611333e-01
9.411755237030439147e-01,1.869722290992704705e-01,-3.251615085939629779e-04,1.183086677072844983e+00,1.557738542258132686e+00,2.426549366036492295e+00,6.037601189080239739e-02
2.598997064791785938e-02,-1.145435202458439106e-03,2.450900567473494204e-05,1.399493451036649570e-03,3.837573783877247791e-01,1.472697254670193578e-01,1.444707385649460774e-01
9.833952925313712568e-01,-7.363181027961146485e-02,5.886773823695293922e-03,8.202734179022707073e-01,1.287451536757108217e+00,1.657531459498239768e+00,1.698462369369845015e-02
9.956358986300289926e-01,3.590817084179521307e-02,-8.430311496694698240e-05,3.157758461961405194e-01,7.952886948888256979e-01,6.324841082179717411e-01,9.324158256908214029e-04
9.927260833054002420e-01,3.787472799243836730e-01,-1.844084723413144992e-04,7.148769376773095319e-01,1.200751253715182321e+00,1.441803573298582108e+00,1.204969794396337258e-02
9.834413668704924394e-01,-1.426386428258185068e-01,4.826704389698000561e-04,8.608520385068776370e-01,1.329311141142534458e+00,1.767068109965667322e+00,4.536403295191210328e-02
8.939089742769209535e-01,9.533057680715345539e-02,-3.677975920766094007e-03,7.037684043576744042e-01,1.255590707169536024e+00,1.576508023930495606e+00,1.689712152151470748e-01
4.601393043394272908e-01,-2.400421904570217424e-01,6.003451853078878298e-03,3.134529132612745572e-01,1.108832081847839213e+00,1.229508585735012982e+00,6.026027592124638677e-01
9.952835267563214794e-01,-5.582161515319243594e-02,-1.040761286885890768e-03,8.038124127973006461e-01,1.270189702378462293e+00,1.613381880028286863e+00,5.757054433685446226e-03
9.504376035951639379e-01,-6.769039839169969930e-02,-1.090897422373764657e-02,8.397077594247263077e-01,1.326138537338618750e+00,1.758643420214610842e+00,7.922790136515822645e-02
9.858399269197635206e-01,-5.748934493953724578e-01,4.186049040937040062e-03,1.517687707871867353e+00,1.752401830605425648e+00,3.070912175909246589e+00,3.553676016551166744e-02
9.872391940054933146e-01,-8.550163306415534126e-02,-5.375595088930570746e-03,1.419626454551857764e+00,1.692010675622105831e+00,2.862900126419174907e+00,2.364721731545942757e-02
9.840515874279187614e-01,3.006597586521049803e-01,-4.179235262326760035e-03,9.818226504458791304e-01,1.406734316244468097e+00,1.978901436499791444e+00,1.525613560803325275e-02
9.407189220055560686e-01,-1.315508705513590004e-01,2.043703820574235136e-02,1.600947274843933288e+00,1.861548412831658617e+00,3.465362493316066939e+00,2.634679436282004183e-01
9.036619020320164619e-01,1.373143233338347535e-01,-5.007725831254019808e-03,8.509999843018219989e-01,1.355272431425020185e+00,1.836763363380686132e+00,1.347633947770420781e-01
9.179557518300327512e-01,6.272116867717543176e-01,-3.708406031185922254e-04,1.420864550172522112e+00,1.736061668063964447e+00,3.013910115321035033e+00,1.721810149759907815e-01
8.530391660542955279e-01,-3.082739881191162712e-03,-2.648876129658267117e-02,1.732418450917110775e+00,2.001591630155231893e+00,4.006369053907477884e+00,5.415321520732560012e-01
9.821933046849662396e-01,-5.413317517477048146e-04,-1.081194583983635660e-02,2.129624263596184619e+00,2.080939222305850489e+00,4.330308046930878341e+00,7.105951973850931080e-02
9.798069304360135234e-01,4.538110938082616508e-03,-8.930265906568188305e-03,2.429337931694129260e+00,2.223225212036438858e+00,4.942730343434469376e+00,8.405448004621066116e-02
9.139526611986761306e-01,-2.310953226818376893e-02,-1.196025489543329351e-02,1.324033310053677859e+00,1.685525304574681860e+00,2.840995552361574195e+00,1.929289322542185880e-01
5.588874552907747706e-01,3.240499321564074831e-02,-9.006103240447985853e-03,5.482106440024223648e-01,1.362059265598982494e+00,1.855205443004039667e+00,7.587841549991952705e-01
9.335334733650004768e-01,4.428317481369862807e-01,8.862696857963395236e-02,3.042394188127084398e+00,2.541675047143037602e+00,6.460112045269562842e+00,3.753236690153945454e-01
9.948026988744461674e-01,8.050941498976699195e-04,-2.034930891016462388e-04,9.987480033798861179e-01,1.417578216659765689e+00,2.009528000348281829e+00,1.203199358850985147e-02
2.388629164341082856e-02,4.513592068355470888e-04,-3.619615825691159397e-05,2.722703021121141223e-03,5.537529349316862026e-01,3.066423129454562413e-01,3.011969069032139346e-01
4.038062256134025141e-01,1.932588472672052970e-01,-2.165958153556635235e-03,1.827559415945183563e-01,8.095169468938696600e-01,6.553176873083722542e-01,2.898058041193355416e-01
9.531028763387733305e-01,-2.411441825151906526e-01,4.215298791928447433e-03,1.793941640991391751e+00,1.941023060586797744e+00,3.767570521729739497e+00,1.796872397469562455e-01
1.164269553619975417e-01,-3.401727578283142428e-02,5.334241910225478306e-03,1.497420328599649020e-01,1.462934148055989203e+00,2.140176321548302951e+00,1.840692255828373591e+00
7.611142632064549218e-01,6.242459709976888593e-01,-2.028570623539601575e-02,1.692152325653191625e+00,2.150034576670527553e+00,4.622648680878815419e+00,1.238344029572431726e+00
9.535581703680424681e-01,5.567075188919490963e-02,-2.563862451865175224e-02,1.832994732769095192e+00,1.952284165874170530e+00,3.811413464323005762e+00,1.454239987848153781e-01
1.403882046558058150e-01,1.550632099495630190e-02,9.733600605665089934e-04,3.643788223187995751e-02,6.338120525085474410e-01,4.017177179050976377e-01,3.288419534413377088e-01
3.607420485894352602e-03,1.094795410129176250e-04,-8.763656538152813367e-06,2.296259023832487346e-03,9.257089193095230373e-01,8.569370032892049682e-01,8.523444852415400508e-01
5.937895629173884915e-01,-6.016362359817017252e-02,-3.115240609179845046e-03,2.913261006092556227e-01,9.294967080014094885e-01,8.639641301854574795e-01,2.813119289669461787e-01
5.985131257936153748e-01,-1.443524021540348590e-01,1.037043687604978157e-02,4.127458850268030943e-01,1.118590888229264335e+00,1.251245575229534612e+00,4.257538051759284792e-01
8.894860303477890584e-01,-9.363066526982079252e-02,-6.729346549869721569e-03,6.541758577265825991e-01,1.210408257881883110e+00,1.465088150748655060e+00,1.567364352954897788e-01
9.684541524281079505e-01,-2.328416786723966070e-01,-6.009553813476306875e-04,1.309816529227314286e+00,1.635925533635906648e+00,2.676252351601926094e+00,5.661929314729773760e-02
9.272047110479089138e-01,-1.168283570736130261e-01,-6.378452353981013505e-04,1.273093513266198018e+00,1.631386497458459983e+00,2.661421904089781520e+00,1.152348775573854706e-01
8.673496789696575338e-01,-1.665974688985629726e-01,-2.543476471366348975e-03,6.592711824487165195e-01,1.211003398649691976e+00,1.466529231541104927e+00,1.479868666436720548e-01
8.304923851277041802e-01,1.071578891471566541e-01,-2.285711295267953917e-03,6.338748537163854113e-01,1.210833207036318138e+00,1.466117055261855207e+00,1.983673478290841619e-01
9.409272291566206370e-01,-9.099011190099416668e-02,-1.703647321445137409e-03,1.027924359090710338e+00,1.473078545538912598e+00,2.169960401327037935e+00,1.141116831456170655e-01
5.210335696109957837e-02,6.339539073199201846e-04,-1.988802216100157995e-05,3.296747746269482887e-03,2.474266805358454058e-01,6.121996224098730233e-02,5.462646674844832961e-02
3.231591028664881904e-03,-2.031258580478811915e-05,-2.649317878133032155e-05,1.806167515981162977e-03,8.496950800206454213e-01,7.219817290112910957e-01,7.183693939793287520e-01
6.517710119178949935e-01,-2.539213645225919525e-01,-4.902209900085446317e-04,5.319161393773409463e-01,1.267958280938411564e+00,1.607718202200291824e+00,5.438859234456101532e-01
5.268334492280069004e-02,6.975559681190492134e-04,-4.919609518357585939e-05,4.065025087186471472e-03,3.825975825081852078e-01,1.463809101411076008e-01,1.382508599667346683e-01
2.462808874036381823e-03,1.818658020979468937e-04,-1.270151713422280775e-05,1.814107862312558514e-03,1.081689462976288540e+00,1.170052094313931645e+00,1.166423878589306407e+00
8.167029581096876267e-01,-2.144096745970547058e-01,-5.258256084796675322e-04,2.794521250259391909e-01,8.106649371243256352e-01,6.571776402827868013e-01,9.827339023090844727e-02
9.926427731023974577e-01,4.020295805003628598e-01,2.747826041097542558e-03,1.018862219642035827e+00,1.431689958388485007e+00,2.049736136950421894e+00,1.201169766635040541e-02
9.944007804157803943e-01,3.327321588603224245e-01,2.778877980749247349e-03,1.453409846073517198e+00,1.708110215927937325e+00,2.917640509757384759e+00,1.082081761035054955e-02
9.954795410677689249e-01,4.025213650888674888e-01,4.482188273531213969e-03,1.325643641104592207e+00,1.631039041591375582e+00,2.660288355195312704e+00,9.001072986128609912e-03
3.210545555395627471e-02,-1.446164421103346420e-03,6.407970406413767869e-06,2.407311364296887881e-03,4.122193812208739261e-01,1.699248182541201746e-01,1.651101955255263876e-01
2.611764621080592264e-03,-6.603337405262643678e-04,1.419205021224078582e-04,2.317140664370785034e-03,1.249507905333126390e+00,1.561270005489977297e+00,1.556635724161235634e+00
8.035282512684285283e-01,-1.602177750205393270e-01,8.162553970357498689e-03,5.192778750448785452e-01,1.088391987469921052e+00,1.184597118388724724e+00,1.460413682989677719e-01
7.578611795260756789e-01,5.039181618481416991e-02,8.391588965876909875e-03,3.441667848092854753e-01,8.741680807837250988e-01,7.641698334611013443e-01,7.583626384253051855e-02
9.705513421072224922e-01,-5.315432909292867880e-02,-6.381034979616886579e-03,8.659996961151841255e-01,1.334520049858064938e+00,1.780943763473172403e+00,4.894437124280429791e-02
1.357038541429111955e-02,7.158635974803817525e-04,-4.300781063457731007e-05,4.629312606004388174e-03,7.189336194393752821e-01,5.168655491602005547e-01,5.076069239481917350e-01
1.935011574159206660e-03,1.642162681794734347e-04,-2.480125305478224953e-05,2.167820631500747084e-03,1.453445238549976981e+00,2.112503061463599785e+00,2.108167420200598219e+00
4.484982208953187666e-01,-2.476155704465462515e-01,5.832921056476144533e-03,3.903185237400678131e-01,1.365013945184714750e+00,1.863263070548739186e+00,1.082626023068603560e+00
9.896996633433007284e-01,-4.370670020973478342e-01,9.810935738177541023e-04,1.140348992588849697e+00,1.518836711275904028e+00,2.306864955519403626e+00,2.616697034170424943e-02
7.579508469447480135e-01,-1.429427853400212223e-01,4.973803434475814432e-03,5.470303627378223510e-01,1.223482644728512314e+00,1.496909781951875074e+00,4.028490564762304271e-01
9.958580618085256519e-01,-3.754468373565575945e-01,-3.610789656416655505e-03,9.073557368986214788e-01,1.350127427211780917e+00,1.822844069709502524e+00,8.132595912259692542e-03
3.880069358409821145e-02,-5.963220932109318528e-04,-1.550026873185257406e-05,1.792703246018696392e-03,2.582923481615662653e-01,6.671493711881575084e-02,6.312953062677836846e-02
2.018715089432410181e-03,-1.253559510183133163e-04,-3.862434836235116077e-05,2.315076633932847301e-03,1.499719815387323241e+00,2.249159524665386822e+00,2.244529371397521178e+00
8.841760509547436087e-01,-2.362932681812019153e-01,-4.717074869452461986e-04,6.995183753139222471e-01,1.232692709258210506e+00,1.519531315458346965e+00,1.204945648305024153e-01
9.047630023049860748e-01,-5.676103204476709574e-02,-7.679525986171304754e-03,8.332874094176119240e-01,1.361590984463815213e+00,1.853930008973141197e+00,1.873551901379174878e-01
1.869293948289073581e-01,9.861616804215395105e-02,1.679300202316011707e-04,2.066758053793735575e-02,4.579274086653134512e-01,2.096975116069290102e-01,1.683623505310543056e-01
9.645132569087473406e-01,-1.866417451607713107e-01,6.749057208991581132e-03,1.018298215129405104e+00,1.455635943146424527e+00,2.118875998979780739e+00,8.227956872097061392e-02
8.832673751674023910e-01,-1.673788140027066274e-01,-1.118774574379341816e-02,8.846751295039891883e-01,1.388591330829924919e+00,1.928185884056021759e+00,1.588356250480433551e-01
6.215518084173483615e-01,1.219561218884260279e-01,1.440880411413198500e-04,2.285389834841191903e-01,7.674275841211993798e-01,5.889450968701005484e-01,1.318671299018622789e-01
9.434338259718676456e-01,-3.639250367663111191e-02,-4.157395915368248575e-03,7.838775591650896102e-01,1.282770822069991379e+00,1.645500981954121533e+00,7.774586362394224348e-02
1.882857315053942937e-02,2.932001652428684046e-04,-4.635650646211381907e-05,3.948843849423421849e-03,5.542734580681671908e-01,3.072190663188442694e-01,2.993213786199974136e-01
1.962969415346904611e-03,1.622514690948761995e-04,-9.682936280513797025e-06,2.319187394566884705e-03,1.513038650228359483e+00,2.289285957084856271e+00,2.284647582295722401e+00
9.699911998335829511e-01,1.481475367984874114e-01,3.725489776022466136e-03,9.191680429481166037e-01,1.385671358215479376e+00,1.920085112978731523e+00,8.174902708249819072e-02
8.120448710404921666e-01,4.366584412974375273e-02,-6.925644995402333373e-03,7.707467168644405175e-01,1.345829153667847500e+00,1.811256110862314417e+00,2.697626771334336593e-01
9.734309730243290160e-01,-1.505282149633606847e+00,-1.152801404567525140e-02,2.500152908154486653e+00,2.268578557453118538e+00,5.146448671336071534e+00,1.461428550270990612e-01
1.377075159268493776e-01,1.995344205588908681e-02,8.283412996037194543e-04,1.273344961172359346e-01,1.306675676095991001e+00,1.707401322500915475e+00,1.452732330266443661e+00
7.311020910986183452e-01,-3.188976524659895007e-02,-8.386523868669899795e-03,4.172982437836390557e-01,1.074115734847477244e+00,1.153724611846935977e+00,3.191281242796579765e-01
9.010113586011038178e-01,8.507608939235905554e-02,7.239883713114183064e-03,7.670286974232286559e-01,1.285341677512618075e+00,1.652103227950951103e+00,1.180458331044934306e-01
9.892337705858709196e-01,-1.893416633629362023e-01,-2.574329277216866416e-03,2.426860812744562335e+00,2.215111051832633571e+00,4.906716971951075479e+00,5.299534646195083742e-02
1.279429764400157321e-01,-4.103995352319205203e-01,-3.193040307077737848e-05,1.838533118516851722e-02,4.654672254613961280e-01,2.166597379787301991e-01,1.798890756083931786e-01
9.969903403912578899e-01,1.896161945158465201e-01,8.809700829180225085e-04,8.632425470126583456e-01,1.316180479309635443e+00,1.732331054115741509e+00,5.845960090424804668e-03
6.355476650819673612e-01,-2.401127487450741560e-01,1.269540001396641388e-02,6.275490498750146973e-01,1.451893107171223773e+00,2.107993594651310865e+00,8.528954949012816922e-01
9.702269263330389748e-01,5.701203636743438219e-01,2.218081657747369973e-04,1.124245736546764407e+00,1.517515043908537864e+00,2.302851908488731336e+00,5.436043539520227924e-02
8.901887047907669492e-01,-4.111956327586382964e-02,1.240935331910443876e-02,8.169161355462702945e-01,1.336445445403279031e+00,1.786086428539169102e+00,1.522541574466287073e-01
3.807520874431792324e-01,-2.973769337951595038e-01,2.445246930898268504e-03,2.722792430831936783e-01,1.172595770975824792e+00,1.374980842110388846e+00,8.304223559440016000e-01
9.271671631283270321e-01,-1.838503138236629586e-01,-5.952411946208940527e-03,9.696422431599559522e-01,1.432120282790186661e+00,2.050968504379043988e+00,1.116840180591325005e-01
9.325614681192704314e-01,1.359432410966130711e-01,-1.874739239572404716e-03,8.156477010957309259e-01,1.322489215238653371e+00,1.748977724422549063e+00,1.176823222310874190e-01
9.881863602844382921e-01,1.180742926704615170e-01,-5.807682996166364450e-03,1.402837428542130338e+00,1.684334885907319279e+00,2.836984007884422176e+00,3.130915080016120206e-02
8.309683355706375396e-01,-2.040204723406783271e-01,2.389669712932921894e-02,1.163265093609078926e+00,1.597141730439936014e+00,2.550861707112673571e+00,2.243315198945155520e-01
9.634611253850301482e-01,9.080526909081854114e-02,1.293394174195900033e-02,1.081515076926656604e+00,1.487143785407139651e+00,2.211596638475076482e+00,4.856648462176374470e-02
9.946130369614156752e-01,-1.836600389557334345e-01,5.883403379733905501e-03,1.003113153313313299e+00,1.419365901759112036e+00,2.014599563076457045e+00,8.373256449830184314e-03
6.217143621712482027e-01,3.215401459135832640e-01,-2.987070224216292758e-04,8.885608836461658111e-01,1.621200806045201448e+00,2.628292053521610772e+00,8.511702862292792604e-01
8.949804833455414776e-01,-1.834240684998052207e-01,-8.389067285085819586e-03,1.127435494901030566e+00,1.586730576305541929e+00,2.517713921782917197e+00,2.628429319808557874e-01
8.654625689633046459e-01,2.224271201323080038e-01,-1.079208650088539327e-02,7.234553974572645041e-01,1.295717109569607617e+00,1.678882828031418306e+00,2.319720331168892147e-01
9.094673967757239685e-01,-5.631061427973618749e-02,-8.146939204547615568e-03,8.487986306390108426e-01,1.360721907292760324e+00,1.851564108986447188e+00,1.539668477084253084e-01
1.272956086889256433e-01,1.292537775759092233e-03,-5.229188871166918834e-04,4.690022666643888644e-02,7.962234830346540670e-01,6.339718349358359761e-01,5.401713816029581894e-01
7.703717925794721921e-01,5.682798438333375168e-02,6.508328539963403924e-04,4.951144585430412026e-01,1.113943228749895820e+00,1.240869516877742607e+00,2.506405997916602013e-01
9.209408056067595050e-01,1.937627407697919413e-01,1.756901831172826001e-02,9.566217297199379743e-01,1.460397694010708403e+00,2.132761424671794970e+00,2.195179652319189378e-01
5.301729869645728233e-01,-8.052890775395976641e-03,-3.220766886316634575e-03,1.954427769948823002e-01,9.076901289511439819e-01,8.239013701953443736e-01,4.330158162055798288e-01
8.558450850083609840e-01,-4.064677565210985527e-02,-9.468966915549487454e-03,6.077666707036820659e-01,1.175014760411207115e+00,1.380659687184206286e+00,1.651263457768424592e-01
9.917575135819544085e-01,-4.043358767893694417e-01,1.631216267837060693e-03,2.434645573871189850e+00,2.213882603603138488e+00,4.901276182536610904e+00,3.198503479423110696e-02
8.061269357091286336e-01,2.979066963577952643e-01,2.647743065760938680e-02,8.678603976280884202e-01,1.419394524727526585e+00,2.014680816826480925e+00,2.789600215703041952e-01
9.911629472318632672e-01,3.551703016411201369e-02,1.176673131582331878e-03,1.047780720909943231e+00,1.451446007472641408e+00,2.106695512608271148e+00,1.113407078838499556e-02
1.143975779286252603e-01,-4.938282990292683361e-04,-3.543205866552755017e-05,5.693138372471556567e-03,2.359302255170162566e-01,5.566307131251015117e-02,4.427679456756704324e-02
4.039559695609318268e-03,-3.433527110450196318e-04,2.601737408457876886e-05,3.623151739076132128e-03,1.231628447163650053e+00,1.516908631862743828e+00,1.509662328384591579e+00
7.853918396180730177e-01,-1.729847415238049413e-01,2.496262142932118358e-02,5.048641381838364639e-01,1.137964497425080435e+00,1.294963197399916055e+00,2.852349210322431272e-01
9.649173237636199385e-01,-1.774385460882267340e-01,-1.193250488915007521e-03,1.875939072125623719e+00,1.966692107240116671e+00,3.867877844680570831e+00,1.159997004293241846e-01
6.616434404848665629e-01,5.046512804979084998e-02,-5.311134715870435320e-03,4.669696999202110343e-01,1.188902262825500822e+00,1.413488590551596147e+00,4.795491907111742447e-01
8.688942366586729360e-01,1.091268042142909261e-01,-8.746698684869460422e-03,6.988045650984436863e-01,1.270217684704684435e+00,1.613452966536529143e+00,2.158438363396419646e-01
9.262935452656126945e-01,4.215084881666098515e-01,-2.905637605867924383e-03,1.582570676399961185e+00,1.823724655055270150e+00,3.325971617456463747e+00,1.608302646565411553e-01
9.435952820018931320e-01,1.514719340875624043e-01,6.189889388874118305e-03,1.968025851742233545e+00,2.046176148856796662e+00,4.186836832150431675e+00,2.507851286659650292e-01
9.378545395653558048e-01,-4.050881156308260844e-01,2.945578643981083128e-02,1.864590060580568531e+00,1.990942326253805295e+00,3.963851346468914016e+00,2.346712253077765098e-01
9.765994055498805615e-01,1.739584137724024260e-01,-1.173811658546488473e-02,2.647459470869923948e+00,2.336617249308075017e+00,5.459780169764034241e+00,1.648612280241863182e-01
1.251426656123946213e-01,-1.159524913607351548e-03,-3.252646367887115832e-03,3.274111205984964745e-01,2.143527668896858085e+00,4.594710867326399217e+00,3.939888626129405491e+00
6.813309086907703982e-01,-3.064432863155081010e-03,-1.441579892027147064e-02,5.774909668095834503e-01,1.285704304158730382e+00,1.653035557732285277e+00,4.980536241131184316e-01
7.737760745606624413e-01,-6.926433515532368634e-01,1.094584385277269515e-03,6.631960378920678245e-01,1.288448859745326969e+00,1.660100464179033120e+00,3.337083883948973040e-01
9.183694148437024918e-01,-2.916580621340350010e-01,2.550866947678178927e-04,1.024234940668017790e+00,1.468950510922364616e+00,2.157815603539076310e+00,1.093457222030404380e-01
5.939218865751716425e-01,1.090542328465739924e-01,-3.204005432134502881e-03,5.154058799463632212e-01,1.361194172616123410e+00,1.852849575564092799e+00,8.220378156713662454e-01
6.520856586967919144e-01,3.184792330419793094e-02,-5.006319100019596081e-04,3.929939329382459157e-01,1.003198628220229205e+00,1.006407487662949851e+00,2.204196217864580198e-01
9.296239375863023513e-01,-1.965328011224459215e-01,-8.233460405620902922e-03,1.259320468463754894e+00,1.655208067394918103e+00,2.739713746369219827e+00,2.210728094417103995e-01
1.202983073218728549e-01,5.427537089554609895e-03,-3.102645428041127078e-03,1.351801930876634361e-01,1.545679981446594686e+00,2.389126605044745055e+00,2.118766218869418072e+00
9.739052611871112930e-01,3.008036824607479010e-01,-3.557875820357377789e-03,9.026792737520203946e-01,1.362117852229622228e+00,1.855365043362639188e+00,5.000649585859838486e-02
2.905567679276743753e-02,-1.871109562401426785e-03,-4.600966919654628554e-04,2.923778780594533944e-02,1.457380645617231130e+00,2.123958346219697368e+00,2.065482770607806717e+00
4.797341543454791690e-03,8.100415675097449864e-04,1.056666541949873944e-04,3.618626076428369930e-03,9.664299280235195688e-01,9.339868057795451817e-01,9.267495536266884271e-01
8.168831515033450064e-01,-2.967636366912946300e-01,1.015439515991959328e-02,6.507326811429364755e-01,1.222265247443010461e+00,1.493932335106923359e+00,1.924669728210507136e-01
9.646078809118791009e-01,1.140848329636696412e-01,-1.006509434798500031e-02,1.932530030796716813e+00,1.988987994690902816e+00,3.956073243024539110e+00,9.101318143110587178e-02
7.880156033178241648e-01,3.609658961648692932e-02,8.271883944016325887e-03,3.940927621608685816e-01,9.710421981271900593e-01,9.429229505436850234e-01,1.547374262219477214e-01
8.562525268341445450e-01,2.328722619682432604e-01,-9.919812709487475788e-03,7.118584535399137270e-01,1.264660722268370785e+00,1.599366742448357082e+00,1.756498353685298219e-01
5.476066038014606452e-01,3.388212916779222150e-02,-7.492303000581329760e-03,5.298378228613069840e-01,1.390224607041848470e+00,1.932724458024662084e+00,8.730488123020481162e-01
9.812629374983051767e-01,-5.456699597430079984e-02,-1.609184315128772517e-03,6.176341536987847158e-01,1.118049043752817884e+00,1.250033664236590347e+00,1.476535683902109423e-02
1.979208985709935975e-01,-1.053612100389687833e-02,-3.281735813079333930e-05,2.324553441509052618e-02,5.742408248657843162e-01,3.297525249425363181e-01,2.832614561123552033e-01
8.190604443873761298e-03,7.053891472261208939e-04,4.233122867156763493e-05,6.517087959161322382e-04,5.287048746148803602e-01,2.795288444415364171e-01,2.782254268497041383e-01
9.600271823072279442e-01,9.579231402267698869e-03,-3.751369246202158111e-03,7.568464723144517903e-01,1.264639041649548989e+00,1.599311905664289934e+00,8.561896103538631231e-02
9.420693970189151223e-01,-1.546538653442812716e-01,-4.376131421855269585e-03,6.821627216977909081e-01,1.190981778058860074e+00,1.418437595668244011e+00,5.411215227266202160e-02
9.710114365327399133e-01,1.669536682798064206e-02,-1.353107532505110197e-03,5.816142711122451736e-01,1.088313003708738513e+00,1.184425194041536678e+00,2.119665181704609436e-02
9.346648820923647571e-01,-2.002781509317911324e-01,-1.028192854401189030e-02,1.064504862317637857e+00,1.494439821719432793e+00,2.233350380740810159e+00,1.043406561055346821e-01
1.840700090604108219e-02,-3.899024204542661520e-04,-2.226954634764090544e-05,1.490040802698546288e-03,4.416934789716878695e-01,1.950931293661128663e-01,1.921130477607157772e-01
2.304046351862987230e-03,-9.707359044809626969e-05,9.823263944388500242e-06,2.119777416783705844e-03,1.211593362126952567e+00,1.467958475150092923e+00,1.463718920316525285e+00
9.560623352994690460e-01,-6.060668059368456984e-01,1.331823395706454444e-02,1.083307645627052507e+00,1.500952890706506837e+00,2.252859580120218919e+00,8.624428886611373857e-02
2.284053118583196929e-01,7.665108512671117702e-03,-5.137813139439741626e-04,2.627379106638367059e-02,5.619632743894916738e-01,3.158027217625590799e-01,2.632551396297917456e-01
9.076957139751508086e-01,3.366496387997856832e-02,1.081136014911560604e-02,6.294868205556699570e-01,1.180248808701971130e+00,1.392987250442421887e+00,1.340136093310816678e-01
9.854311633712721230e-01,2.170183538801842560e-01,2.794909864886744081e-04,1.112896115397672192e+00,1.503429073985666609e+00,2.260298980505398792e+00,3.450674971005474739e-02
9.726279475902416261e-01,1.963409216401448276e-01,-1.719118058779115854e-03,1.184073827635833576e+00,1.553009190103326276e+00,2.411837544545389456e+00,4.368988927372271375e-02
9.388358726178227531e-01,-2.114042275718039932e-01,-5.918597221386352226e-03,7.412892020221455436e-01,1.246691492775105825e+00,1.554239678157821825e+00,7.166127411353072352e-02
2.802735201899786421e-02,3.996204526883345709e-04,-1.689377603553301023e-04,2.054088909572727994e-02,1.004586105130052420e+00,1.009193242620368691e+00,9.681114644289140481e-01
3.386563664559916198e-03,6.372261822415459243e-05,-5.092805224208244987e-05,2.800079714329638866e-03,1.069749304350042118e+00,1.144363574157399199e+00,1.138763414728739987e+00
7.874667263734991263e-01,1.664334203702077519e-01,1.541145842281979031e-03,3.528264687298764968e-01,9.023978510218003679e-01,8.143218815287633916e-01,1.086689440690103980e-01
1.044196407754544031e-01,-5.800111752280318056e-04,-6.213399409570907229e-04,2.372238508778240842e-02,7.675528640320856688e-01,5.891373990838573160e-01,5.416926289082926171e-01
9.864485064350315691e-01,1.035953459850257607e-01,1.004603385404675801e-03,3.902823536894370338e-01,8.878434004764458320e-01,7.882659037695786131e-01,7.701196390704604516e-03
7.752745568326386838e-01,-5.007874172769467835e-03,-3.397849142274070333e-04,3.835452931899624440e-02,2.989480069187357980e-01,8.936991084068450497e-02,1.266085220269201443e-02
2.087095035436803414e-03,-8.894001853654298628e-05,-6.582084326605693427e-05,5.735666718115478915e-03,2.267440254245403075e+00,5.141285306572457969e+00,5.129813973136226224e+00
2.223704633013801057e-03,1.298375682013686028e-04,-3.221835161720988530e-05,3.532761768203886502e-03,1.544343264258793980e+00,2.384996117861507336e+00,2.377930594325099456e+00
7.570009326245666914e-01,-6.812136319338915613e-02,-2.461342221640350214e-03,1.778170064678230855e-01,6.600355023997659387e-01,4.356468644281114577e-01,8.001285149246531447e-02
6.681052802128404355e-01,-1.910296060050866163e-01,-3.554433499981769599e-03,5.538061260244904194e-01,1.327256252717446960e+00,1.761609160377559435e+00,6.539969083285785967e-01
9.395430989157049773e-01,-2.111412595995394437e-01,-1.197387979242360654e-03,1.054678738130460314e+00,1.496446543538677343e+00,2.239352257668854485e+00,1.299947814079339126e-01
3.078971017890511641e-01,4.412975199485580369e-02,7.073193250808201653e-03,4.160807456138630456e-01,1.483301529180048872e+00,2.200183426467871683e+00,1.368021935240145703e+00
6.475611475869947897e-01,-3.359405184254361104e-03,4.747329263249169535e-04,5.015709708024986696e-02,3.540768332684868236e-01,1.253704038574398050e-01,2.505620969694007105e-02
2.684856020472461413e-01,-3.188634041227863536e-01,-2.123961638217463851e-03,1.667084306086976941e-01,9.989253427621457293e-01,9.978518404124704366e-01,6.644349791950751039e-01
9.906638988850170469e-01,3.719811363236295576e-01,4.528703699584963119e-03,7.669792685758735074e-01,1.243703165054772963e+00,1.546797562767259659e+00,1.283902561551265864e-02
9.885839036653565337e-01,-4.908314920146927829e-01,-4.621844970142575601e-03,7.157856644058960827e-01,1.202416494668994806e+00,1.445805426652072789e+00,1.423409784028072979e-02
9.948523506574176167e-01,-4.317834716585028931e-01,-1.867622663730567675e-03,1.320904771729990657e+00,1.628952704626833281e+00,2.653486913911074829e+00,1.167737045109426552e-02
9.976656552314299153e-01,-1.153843546094298900e-01,1.461793996271289284e-03,9.612583895971112957e-01,1.387980193124632944e+00,1.926489016506293339e+00,3.972237312070962811e-03
9.975304550157216843e-01,3.636174333863733121e-01,-1.709132588695717967e-03,9.618367654147375045e-01,1.388451612382008760e+00,1.927797879926199665e+00,4.124349096724883555e-03
9.831377547709381215e-01,-1.534199395940888389e-01,-1.575803151908116264e-03,9.737066281131878664e-01,1.406907786243247971e+00,1.979389518991876651e+00,3.197626276550089713e-02
9.358309564195825825e-01,6.654479466353918626e-02,-4.170915959929237093e-04,3.475315374863442996e-01,8.468309994197203983e-01,7.171227415782025494e-01,2.205966660551398478e-02
7.599056997119447709e-01,2.648430003854174153e-01,1.034356571572383121e-03,1.470375237515362810e-01,5.893149490227134191e-01,3.472921091416433237e-01,5.321706163857075483e-02
8.798831492275114297e-01,-3.308479089759415182e-01,-2.334596743631445518e-04,2.696060440010230597e-01,7.797680951947399963e-01,6.080382822836331025e-01,6.882619428158689989e-02
3.890747842602049200e-01,6.592502389148439945e-02,-3.594163160141410730e-05,1.170430365756288879e-02,2.210949985112604932e-01,4.888299836669427606e-02,2.547439105156849501e-02
8.057772178290431020e-01,1.236526030370675711e-02,-3.153766976597792556e-04,2.104643543903434444e-01,7.087616017648735722e-01,5.023430081363092770e-01,8.141429935562251308e-02
9.728263517265123284e-01,2.899121593085129955e-02,2.648728625481377996e-03,8.167128316382534781e-01,1.295426060426984272e+00,1.678128678033376842e+00,4.470301475686985077e-02
9.680080892953648597e-01,-6.825605789918379185e-02,-3.941403093752213031e-03,8.519195893368017858e-01,1.324693511045281547e+00,1.754812898205475369e+00,5.097371953187174176e-02
9.389822273843895228e-01,-1.924818350554192148e-01,-9.696676722558980957e-03,9.675820995335835395e-01,1.456615498899877181e+00,2.121728711635337827e+00,1.865645125681704430e-01
9.406806528462090533e-01,-3.363862293579120699e-01,2.119641210295598009e-03,7.819933211972796006e-01,1.287685333360453432e+00,1.658133517751622099e+00,9.414687535706266208e-02
9.863015128887864247e-01,-2.676872848942009608e-01,-2.328775275366743510e-04,1.148262416385756435e+00,1.522454705459871604e+00,2.317868330176904301e+00,2.134349740539131374e-02
9.132892680225230819e-01,-5.972730516411425133e-02,7.366922691848493783e-04,3.488969988356024898e-01,8.576170422422579875e-01,7.355069911443589126e-01,3.771299347315397454e-02
9.457979790277213361e-01,3.028581246121227477e-01,1.843789003965416512e-03,8.296103447837335221e-01,1.321481933425306288e+00,1.746314500369485545e+00,8.709381080201858416e-02
9.808343215761596845e-01,-6.021305189115747081e-02,1.883242444893770511e-03,7.966798748252565954e-01,1.276600855654737465e+00,1.629709744658407677e+00,3.634999500789429933e-02
8.442798271142553101e-01,-3.815565075106557291e-01,-1.872708158817918290e-03,7.087959504813688971e-01,1.301662141488678204e+00,1.694324330584891847e+00,2.767324296221542190e-01
4.441611701295866688e-01,4.069692239798191474e-02,-1.514929859717741478e-04,2.357540843231297617e-02,3.712790304705710920e-01,1.378481184671672410e-01,9.069730160254130258e-02
8.371799898514393767e-01,1.836074342694988815e-01,-2.232896653728440144e-03,2.228736397517805945e-01,7.224517952208259208e-01,5.219365964177942185e-01,7.618931691423298791e-02
3.423994747329800470e-01,-1.759180310234987887e-01,5.016819479633702599e-04,4.297850860027167125e-02,5.768395163461649267e-01,3.327438276184774835e-01,2.467868104179341548e-01
8.149454176650090531e-01,2.319010067850837131e-01,-7.552401239462056340e-04,9.662458902162168739e-02,4.624121561546463144e-01,2.138250021595889949e-01,2.057582411634563402e-02
9.535058288848908825e-01,-1.632465456163768869e-02,-7.991191805372970707e-04,7.686734508259844834e-01,1.257190511930596166e+00,1.580527983288314564e+00,4.318108163634576391e-02
7.208238652462399809e-01,2.349673469850283025e-02,-6.906268908609734889e-04,7.640849692546813898e-02,4.367096740730585513e-01,1.907153394289970161e-01,3.789834557806071036e-02
1.427162316566403799e-01,-5.036842817375056236e-04,-4.823505262462399320e-05,6.447450475720015867e-03,2.012850549809304945e-01,4.051567335867621578e-02,2.762077240723618751e-02
2.438934710919737903e-02,-7.431014424903303189e-05,-5.462064977460209353e-05,1.934710703856869348e-03,4.967787849091733765e-01,2.467891611358347392e-01,2.429197397281210036e-01
9.666964813758072150e-01,-1.430337050491852294e-02,-6.681528912862282890e-04,1.016899949745611931e+00,1.445774624285411925e+00,2.090264264227624125e+00,5.646436473639996484e-02
7.967366369516765134e-01,8.741004076446791393e-02,2.059342989550478915e-03,6.669638462174787286e-01,1.243460200481277145e+00,1.546193270180937773e+00,2.122655777459801774e-01
6.402754311471999804e-01,7.180590755238933642e-01,-1.807304817832045690e-02,1.649095017014776454e+00,2.268443847493713417e+00,5.145837489232081730e+00,1.847647455202529487e+00
3.089163380193334918e-01,-5.100383622749324886e-01,6.336959904770230606e-03,2.856513068847291725e-01,1.369056987459430497e+00,1.874317034911491042e+00,1.303014421142032697e+00
5.122474509142315169e-01,-4.333947017698386306e-02,1.493193957782490552e-03,1.783179375159444358e-01,7.242576355043751635e-01,5.245491225863884166e-01,1.679132475544994618e-01
9.824476231957873784e-01,3.486105657379293121e-03,-1.722741905644929782e-03,2.596660201733064222e-01,7.253498009378657185e-01,5.261323337206014195e-01,6.800293373988635856e-03
1.757818956433691016e-01,-6.838014258770297449e-01,1.504633749471267178e-03,1.294334438608885363e-01,1.104751196998168261e+00,1.220475207268885587e+00,9.616083195471084588e-01
3.080531661245674568e-01,1.355667032187642951e-01,7.172834030025313943e-04,2.372371424020782160e-01,1.190225064192386828e+00,1.416635703431771143e+00,9.421614186276144887e-01
4.981839446735120136e-01,1.685120568892141679e-01,-2.013021935154681377e-03,3.427530914474744006e-01,1.122498898307180415e+00,1.260003776700833855e+00,5.744975938058849430e-01
7.544227770098781427e-01,-1.740574193377446566e-01,1.021812373080275421e-02,5.763260329894739353e-01,1.227019975216215197e+00,1.505578019579601357e+00,3.529259536006533748e-01
9.051997333756992559e-01,-2.073667941824824390e-01,-4.498268709165210641e-03,9.047305310453404026e-01,1.422923771436368279e+00,2.024712059318698021e+00,2.152509972280170214e-01
7.282156229309288964e-02,-3.812973437796268739e-03,3.171045958343289431e-04,1.043815197681657522e-02,3.322772990290943640e-01,1.104082034500701859e-01,8.953189949643702850e-02
9.691854293622742533e-01,8.819461291877617182e-02,-1.763409714650309324e-04,7.790091496142700356e-01,1.264733320736544764e+00,1.599550372581287627e+00,4.153207335274790996e-02
9.978658529395751930e-01,2.599939018260043477e-01,-2.538380165254940177e-03,1.075825030823999606e+00,1.467926131682988800e+00,2.154807128077783407e+00,3.157066429784105479e-03
9.501856672974282603e-01,-1.611613497694402708e-01,-4.800750581469251550e-03,1.188716982628635677e+00,1.580439232897076884e+00,2.497788168880300752e+00,1.203542036230287188e-01
9.760183198396817916e-01,1.522711098195113355e-01,-2.718902957787628326e-03,8.121582643346105801e-01,1.291201165773380399e+00,1.667200450494536357e+00,4.288392182531526597e-02
8.856894442436973325e-01,-2.709676387242234696e-01,-2.045558187676201761e-02,2.128966500376024307e+00,2.220744968391711982e+00,4.931708214637106735e+00,6.737752138850585659e-01
9.714515826895915307e-01,2.791328150415398612e-01,-4.004227142975224502e-03,7.262749627374810446e-01,1.219412584160750823e+00,1.486967050409600422e+00,3.441712493463848499e-02
9.894489391603376038e-01,1.371274959230067425e-01,-4.428328156171487348e-04,2.456971473449448828e-01,7.037508727332872915e-01,4.952652908728635839e-01,3.870996182973882819e-03
9.423971606678184232e-01,1.179593732451775095e-01,-4.633973371173016366e-03,9.062814524898120672e-01,1.368217835927616033e+00,1.872020046550448846e+00,5.945714157082478829e-02
9.202445970985904111e-01,1.026428229493851346e-01,6.307959757936657148e-03,1.045969922453682255e+00,1.500214794711406174e+00,2.250644430270986263e+00,1.587045853636216419e-01
9.375956720368132657e-01,-4.150895582370356385e-02,7.865152374241060271e-03,5.901626183410642046e-01,1.114817062957067062e+00,1.242817083860221050e+00,6.249184717809290468e-02
8.500703570513269414e-01,3.291298908598316864e-02,-8.335537400733102585e-04,2.802396180660443603e-01,7.833017838239891839e-01,6.135616845418434551e-01,5.308244840975481077e-02
7.735463971482999801e-01,-1.452664986713980005e-02,-5.504019538598354036e-03,5.433217704242109258e-01,1.134559088812824745e+00,1.287224326007787134e+00,2.005807851593650881e-01
9.824096938161361869e-01,-1.656404803980899010e-01,1.235556925067527942e-02,1.119692975858540107e+00,1.504270902986103442e+00,2.262830949570627137e+00,2.344499785354731136e-02
7.717089781165942242e-01,-1.588048702535461432e-01,5.348175640342028685e-03,7.666686451684060488e-01,1.463963526485251521e+00,2.143189206879133835e+00,6.098519165423217370e-01
9.441482526574719314e-01,-2.817437731948582713e-02,1.966357977603840068e-02,7.964372983255931793e-01,1.295828025918572823e+00,1.679170272756025373e+00,8.629567610483922235e-02
9.574574056336813133e-01,-5.700205801359003316e-02,-2.357061951513071598e-03,3.461352580822991132e-01,8.429696393811896282e-01,7.105978129184529202e-01,1.832729675385485688e-02
6.702526402451871590e-01,1.252432452818341702e-01,1.520480841015513142e-03,3.366960128414746012e-01,9.095083621351243153e-01,8.272054607937164850e-01,1.538134351107674214e-01
9.853838358380320184e-01,1.201927032775777227e-01,-4.091375002344605806e-03,1.283118537663523906e+00,1.608912316487479011e+00,2.588598842145105827e+00,2.236176681805771352e-02
9.326005747899185350e-01,-1.692432166888172551e-01,-7.345458889248962682e-03,6.318085621956012199e-01,1.157452686824909982e+00,1.339696722238203241e+00,7.607959784700091266e-02
8.129900429486530689e-01,-2.081621462765284036e-01,3.217527274215891721e-03,3.997763659002553926e-01,9.799937765886170826e-01,9.603878021524202557e-01,1.608350703519094427e-01
9.392195133504991356e-01,-4.196621138779220439e-02,-3.256643175541888355e-03,2.774160580659933983e-01,7.712843254127061954e-01,5.948795106273332411e-01,4.004739449534638895e-02
1.185024730542383331e-02,-1.688398043303229734e-03,1.968450984961173393e-04,5.809070452435322225e-03,9.305087768297075623e-01,8.658465837571184265e-01,8.542284428522477491e-01
2.282776618720894213e-03,-3.694006035237229479e-04,6.128575231115475862e-05,2.686605014094759110e-03,1.435466895978267043e+00,2.060565209449480850e+00,2.055191999421291715e+00
8.939196441294062767e-01,-1.223026614830042408e-01,-1.154915695006979159e-02,8.254898007878986865e-01,1.362318043926872724e+00,1.855910452808740896e+00,2.049308512329438281e-01
1.372242174085039901e-01,1.025889246102000552e-01,3.721816167044779221e-06,5.794606923999049038e-03,2.861354809068769045e-01,8.187351343380971924e-02,7.028429958581162984e-02
9.321192590186219151e-01,1.625877171938541754e-02,-1.601400417503628677e-03,2.531792298233235261e-01,7.391371174793225363e-01,5.463236784356417797e-01,3.996521878899474134e-02
9.814891410885895340e-01,2.056666077993708763e-02,-3.025122229881640798e-05,6.969945956000090925e-01,1.190883794149929287e+00,1.418204211168931028e+00,2.421501996891299233e-02
4.209116941437199833e-01,3.032991376554308727e-02,-6.400339396828793898e-04,1.133786925684669572e-01,7.186759103671920279e-01,5.164950641421122146e-01,2.897376790051782725e-01
2.882196157677194837e-01,-6.237974379492833288e-04,1.086539277808752863e-03,7.235768589622772196e-02,6.564388469511359681e-01,4.309119597865369578e-01,2.861965879940814861e-01
2.539283911371252866e-01,6.278801799283167950e-03,-4.635604667180109862e-04,2.352071491771402442e-02,4.925449380505597108e-01,2.426005159992296878e-01,1.955590861638016320e-01
1.774577975507453109e-01,-2.856962366297826073e-01,1.525761612590762232e-03,5.245994438321414238e-02,6.393067948014224955e-01,4.087131778792681969e-01,3.037932891128399260e-01
7.997074733917504119e-01,-1.092516958010626565e-01,2.778189990476812466e-03,1.871119822321835879e-01,6.638666349500765840e-01,4.407189089999382636e-01,6.649494453557108775e-02
9.871063684397696214e-01,-8.425750995802834542e-02,2.418961101123832252e-03,9.733073910636004245e-01,1.405116015791032957e+00,1.974351017832466360e+00,2.773623570526566329e-02
9.555069878516964099e-01,2.725487364106700672e-01,-1.173273045818938121e-03,7.714833773456495347e-01,1.269697928545794108e+00,1.612132829753480268e+00,6.916607506218122592e-02
7.764339350256764805e-01,-1.841495200427368806e-01,-1.014073005641410834e-03,5.072344328124663848e-01,1.202270652711044274e+00,1.445454722370240308e+00,4.309858567453076494e-01
9.940947131543054205e-01,2.808106377010847754e-01,1.274590933564659435e-05,7.696750092937121313e-01,1.242896025587043818e+00,1.544790530420069752e+00,5.440511832645626364e-03
9.945596455159904092e-01,4.325853659002343865e-01,-1.315874821636047690e-03,1.351011157796766726e+00,1.648877449515605109e+00,2.718796843521086526e+00,1.677452792755311853e-02
7.979584974305011791e-01,1.534940462358269364e-01,-8.800959773937667985e-03,6.789557144816457113e-01,1.355661471870823087e+00,1.837818026314966380e+00,4.799065973516752348e-01
8.793610014993475943e-01,1.811473672081762853e-01,1.336543928119990170e-02,5.362197966016646333e-01,1.135250322081608587e+00,1.288793293786395955e+00,2.163537005830663273e-01
9.313738756847778077e-01,3.668781222445872958e-02,-3.455989100939310318e-03,1.327974760728644066e+00,1.668830970499969091e+00,2.784996808099868826e+00,1.290472866425812215e-01
9.698778268799695956e-01,-2.096110893208003034e-02,7.881632824425741394e-04,2.338289902818885047e+00,2.203270443447963967e+00,4.854400646971387623e+00,1.778208413336175020e-01
7.783936142207030784e-01,1.375598620354342438e-01,-6.740830485797327451e-03,5.003441594120004998e-01,1.167201514116736005e+00,1.362359374556401104e+00,3.616710557324003261e-01
8.499533032304311675e-01,-5.362339521381595531e-02,9.621400668171631310e-04,7.463459609036428022e-01,1.308899435634942821e+00,1.713217732605471610e+00,2.205258107981862004e-01
8.837530807624671692e-01,-1.222561016973924553e-01,2.677172912719367678e-02,6.052519821670118150e-01,1.167565246132766799e+00,1.363208603977068556e+00,1.527046396430450648e-01
7.659983174749405155e-01,-1.631406386716125478e-01,3.387317676636824627e-03,6.434327182165601178e-01,1.279384664977336827e+00,1.636825120979172654e+00,3.499596845460523631e-01
9.885729575807010727e-01,6.884586986325574864e-02,1.912374128774899269e-03,1.205534094243060350e+00,1.561988937160701640e+00,2.439809439812418379e+00,2.874125132629785570e-02
9.226412066672038392e-01,4.328477562193837336e-02,-2.213486212422003177e-02,2.515852029821309621e+00,2.335646955271179159e+00,5.455246699667529064e+00,4.235426400249095447e-01
6.989912109559395237e-01,8.956622758519738881e-02,-9.024817355838911153e-04,5.270626627285053267e-01,1.184649771282039632e+00,1.403395080598588862e+00,3.492697551415780977e-01
4.093067010829528618e-01,-2.872639440129646227e-01,3.096167906726957986e-04,2.866878780219626055e-01,1.140895763424608189e+00,1.301643143000219327e+00,7.282673869562941160e-01
9.345289103376230866e-01,1.603173780110284941e-01,-6.052276690339389482e-03,7.008641180481265387e-01,1.231735551759099101e+00,1.517172469467292339e+00,1.154442333710393731e-01
9.938857955344613249e-01,-5.306552620705844436e-01,-3.684892594524306463e-03,1.618107590989284805e+00,1.802850852254623826e+00,3.250271195475223251e+00,1.405601349665366526e-02
4.958206873899313472e-01,-1.080577262674013717e-01,9.134294912633088293e-03,3.647836999272440206e-01,1.115651552639632227e+00,1.244678386907222212e+00,5.151109870527342816e-01
7.047758251701459198e-01,-2.040656856487920723e-01,2.821557724663146475e-03,6.007949769998536249e-01,1.272424820209179464e+00,1.619064923084362562e+00,4.174749690846553118e-01
5.202599291597942432e-02,-2.978303381529712190e-03,-3.095734034363580500e-04,3.094499827683867485e-02,9.444043572334137604e-01,8.918995899614573508e-01,8.300095934077799109e-01
4.374040864235984039e-03,-2.174749446353513305e-04,-3.062174565409530989e-05,1.820157275613069675e-03,8.732227252840021325e-01,7.625179279524199050e-01,7.588776134011937513e-01
9.461112170506421615e-01,-2.418760065235147638e-01,1.525765660163540434e-02,8.814708678800218244e-01,1.351890972552445724e+00,1.827609201668797478e+00,6.466746590875406542e-02
9.807854948687252383e-01,-2.033830535939681328e-01,1.843988064883355597e-03,8.078854967477606674e-01,1.282298735252999089e+00,1.644290046431440944e+00,2.851905293591990020e-02
9.864245395155865070e-01,-3.680676461667369281e-01,-2.843232751280070497e-03,2.295106182604186973e+00,2.150972178422420278e+00,4.626681312347291630e+00,3.646894713891794121e-02
9.427536412548780387e-01,5.474637941562163213e-02,-6.685661213743559171e-03,1.896701380397874726e+00,1.987232382283056431e+00,3.949092541194391792e+00,1.556897803986419249e-01
8.486689305907946235e-01,-2.590464712426688298e-01,1.336644704495524314e-03,6.510520167112926471e-01,1.223439508041580526e+00,1.496804229837024769e+00,1.947001964144395580e-01
2.889095427648199488e-01,2.150488595400746050e-01,-4.027543072667783865e-03,2.623962043688113366e-01,1.346694150356620545e+00,1.813585134604740023e+00,1.288792725867117461e+00
9.888022209637569171e-01,-8.794327461281983838e-02,-3.450033319925782400e-03,2.437509115458005304e+00,2.221782934802545739e+00,4.936319409379813727e+00,6.130117846380216118e-02
9.932263556893534684e-01,-2.077463909842997836e-01,-1.083624457559330748e-03,4.101579499325627709e-01,9.068591093179755314e-01,8.223934441529919814e-01,2.077544287866537210e-03
9.254064905685986941e-01,-1.751972333200442211e-01,-7.523655272451764027e-03,6.987367198184557537e-01,1.220744545376762691e+00,1.490217245067118945e+00,9.274380543020752099e-02
3.267174272796911083e-01,-3.559094604922483692e-03,-2.514947267903247779e-03,1.837742448485583102e-01,1.036769406176472286e+00,1.074890801583515021e+00,7.073423118863984005e-01
7.974218352441001523e-01,7.876562105683315718e-02,-4.877232870946423063e-03,5.572999875926331059e-01,1.202179873614018790e+00,1.445236448522618344e+00,3.306364733373523546e-01
9.306981521892760956e-01,2.770054224513332497e-01,-7.377355522697005624e-04,6.532362451832594008e-01,1.170295773655093408e+00,1.369592197834973657e+00,6.311970746845479985e-02
9.935522074873848197e-01,4.413398646438213002e-02,-4.031486024797859002e-03,9.612270262065817361e-01,1.391649239467665833e+00,1.936687605710932791e+00,1.423355329776951339e-02
8.269040937578575612e-01,-1.221081908168860225e-01,3.437294973475570059e-02,5.316127484033555950e-01,1.194784777740998338e+00,1.427510665121606737e+00,3.642851683148957687e-01
8.387127374070426633e-01,-3.633120320414612303e-02,-5.752205656111685633e-03,5.585686770222270114e-01,1.152347910011648047e+00,1.327905705708213313e+00,2.107683516637593180e-01
8.985348610563215210e-01,-4.105671657421885445e-01,1.117141197046916078e-02,7.027553441966171155e-01,1.267734516329409145e+00,1.607150803892960944e+00,2.016401154997269074e-01
9.836028940623573469e-01,-2.137001152036993590e-01,-3.449533533350646053e-04,1.773990372626351730e+00,1.894179337316002965e+00,3.587915361914892465e+00,3.993461666218869194e-02
3.264178592778638199e-01,6.288951309658039057e-02,-6.436885282072027023e-04,3.011912124421244064e-02,4.404610385641026249e-01,1.940059264929679117e-01,1.337676840045430304e-01
9.554542301714853414e-01,4.734548546920014367e-03,2.406865090475410369e-03,6.619980025643209531e-01,1.182005999301090515e+00,1.397138182383769411e+00,7.314217725512753288e-02
9.812607096242841331e-01,1.242524401636697778e-01,-1.236463256321769727e-03,1.196480347732448157e+00,1.553608068805595321e+00,2.413698031457851556e+00,2.073733599295518593e-02
9.452157218930982152e-01,-7.026676960547698636e-01,-7.810910320320695217e-04,1.450093655528367442e+00,1.743871732438321498e+00,3.041088619197433118e+00,1.409013081406988166e-01
9.235076620987047180e-01,-8.870233197338650566e-03,-1.075555050344828741e-02,1.716486727593660611e+00,1.906421305340202599e+00,3.634442193455042158e+00,2.014687382677211036e-01
9.215396024628831340e-01,5.087503264001640157e-02,-3.631147958254203612e-02,2.528502559964404650e+00,2.340082377405073188e+00,5.475985533041779263e+00,4.189804131129701847e-01
9.169677161404630183e-01,1.353050271286874717e-01,-1.730418470658823607e-02,1.400982084706291042e+00,1.723887627900653419e+00,2.971788553628941454e+00,1.698243842163591477e-01
8.458357285125388536e-01,-4.367175910196421373e-01,7.930732087668454500e-02,1.673319582610255152e+00,1.953049839778609353e+00,3.814403676659251285e+00,4.677645114387409819e-01
8.385042524845783829e-01,6.062901102434248984e-02,-1.571893730375144987e-02,1.173997188840608441e+00,1.625358487977850652e+00,2.641790214441645190e+00,2.937958367604283083e-01
9.438430960579682338e-01,-1.952881565204510061e-01,-7.251097994494494318e-03,9.120501753199724559e-01,1.398980061767344907e+00,1.957145213222564184e+00,1.330448625826194387e-01
9.258104072046300370e-01,-7.627917271715949077e-02,-2.410733126120533261e-03,9.231694201293528801e-01,1.391142521946609145e+00,1.935277516367971851e+00,8.893867610926622924e-02
9.751538341431934542e-01,-1.404856462650517779e-01,-3.012085064621146824e-03,1.903730157488657593e+00,1.980049759224807193e+00,3.920597049006216750e+00,1.131367340289015505e-01
6.762079027337903891e-01,5.922005215724095162e-02,-2.036216986655860553e-02,1.240804849419758105e+00,1.882113086851287420e+00,3.542349671696881419e+00,1.060739972857365210e+00
9.521122706151067261e-01,-3.016175364428820282e-01,1.345631909759379893e-02,8.435911377802650657e-01,1.347775818407477511e+00,1.816499656683945751e+00,1.293173811234155368e-01
8.816876539721661965e-01,1.760989278253069501e-01,-1.602143101104173744e-03,8.565134815864164919e-01,1.381658324101169066e+00,1.908979724558051094e+00,1.959527613852179440e-01
9.107465669625796068e-01,2.632365465558855061e-02,2.186560681118844638e-03,1.737985140486159263e+00,1.898441867253956472e+00,3.604081523342688609e+00,1.281112423703700820e-01
7.123508368337865271e-01,5.667168630879365621e-02,-6.385193507589742752e-03,5.885946189288678854e-01,1.257269375332698447e+00,1.580726282149473638e+00,4.035370442917382561e-01
9.396828692290536411e-01,-6.146973058968913106e-03,-9.563525840720388943e-03,1.223489339983623303e+00,1.597238910165477810e+00,2.551172136146603098e+00,1.041934561793561864e-01
9.925009436341631908e-01,3.776282389058144284e-01,6.599695782584695004e-03,1.867972178443976894e+00,1.935464329298973052e+00,3.746022169988723505e+00,1.007781310076971172e-02
8.759314158066864309e-01,-3.854347027886721733e-02,-1.207349900691434205e-02,1.304433203677486608e+00,1.697791913239541595e+00,2.882497380661583009e+00,2.736309733066096817e-01
9.739849434447781507e-01,-3.913037580949367822e-01,8.463932359647045184e-03,1.411842236260004491e+00,1.688956569724640921e+00,2.852574294416025946e+00,2.888982189601681239e-02
9.883306697009545116e-01,-3.877958422987908271e-01,-1.192728777384471743e-02,2.994622120257529385e+00,2.462554789863232507e+00,6.064176093078349261e+00,7.493185256329057409e-02
9.917549849564651909e-01,-1.942521523940898276e-01,-2.830048157554262544e-03,2.595086925278619283e+00,2.284782910510343878e+00,5.220232948160117736e+00,3.005909760287933316e-02
9.856628322248489615e-01,-3.547717769374208463e-01,8.242056480805922195e-03,1.525758288479350355e+00,1.752731796722652113e+00,3.072068751242616358e+00,2.055217428391556758e-02
9.815379844903191486e-01,-3.974522958153102192e-01,6.209471976419383109e-03,8.868344446959219862e-01,1.344097874425821404e+00,1.806599096036011431e+00,3.293020664416746596e-02
8.513139454585426646e-01,-3.487797342750133534e-01,-5.003800760827747246e-03,9.505143847429737836e-01,1.452704829526014096e+00,2.110351321728205498e+00,2.093225522422580420e-01
9.781565919251707930e-01,5.445629495945383258e-01,3.843694963717130767e-03,2.094972494770094951e+00,2.071429753046374778e+00,4.290821221805765973e+00,1.008762322655756272e-01
8.581508350727450329e-01,2.488637733094933024e-01,1.061839517047883340e-02,5.481263959785466211e-01,1.118726910388432527e+00,1.251549900027247864e+00,1.552971080701544548e-01
7.544892147031398988e-01,1.343173805284168243e-01,2.708757906684753107e-04,3.936915121862541445e-01,9.906787793698166311e-01,9.814444438936698045e-01,1.940614195211615711e-01
9.701792295809101851e-01,-4.547290672952658541e-02,-4.544522166549249710e-03,6.463748108000123560e-01,1.145761089573968272e+00,1.312768474381727168e+00,2.001885278170236274e-02
9.837017192052456283e-01,-2.288419313588117565e-01,-2.888998432960546581e-03,8.508016565161474754e-01,1.312671193431312000e+00,1.723105662064385202e+00,2.150234903209026494e-02
1.220265245728999748e-01,-3.513938369973920728e-03,-3.011147532987806168e-04,1.428661065996331657e-02,6.385953955296579387e-01,4.078040791916802688e-01,3.792308578717537015e-01
9.119065777055800348e-01,-6.535750962274136100e-01,5.548706527966513211e-04,6.214555227976392704e-01,1.152182901051220343e+00,1.327525437474806225e+00,8.461439187952778107e-02
2.599796770761255704e-01,-2.196604703293092431e-02,3.815408233516333824e-04,7.344350115577118199e-02,7.125508068445807197e-01,5.077286523348629732e-01,3.608416500233205260e-01
5.395561868637077652e-02,-4.283375996573537958e-03,-2.496683081389654567e-05,2.094160604352847746e-02,8.363479250440872814e-01,6.994778517255502148e-01,6.575946396384931836e-01
9.391396725688196945e-01,-2.143950684882744984e-02,1.350965863234437035e-03,2.043482223515054319e-01,6.548556254888817652e-01,4.288358902344346357e-01,2.013944553142376845e-02
8.343060525229246682e-01,-9.778093053816630520e-02,-8.563504973679525456e-03,5.690027067199727728e-01,1.159700723299692093e+00,1.344905767621828785e+00,2.069003541818834058e-01
9.377764698759524231e-01,-2.732122747894195069e-01,-2.310621101633391922e-03,8.512802363646642112e-01,1.350144561083738592e+00,1.822890335824001173e+00,1.203298630946730147e-01
9.890312129550271614e-01,-2.155764657215222257e-01,-8.054724023902679400e-03,1.541266408391038567e+00,1.765006497147405096e+00,3.115247934972552812e+00,3.271511819047567826e-02
8.131101585674272991e-01,-1.400146659111977526e-02,-9.818066458897706586e-03,6.018295742916324187e-01,1.179495739646139407e+00,1.391210199843393669e+00,1.875510512601288315e-01
8.464049601660504907e-01,6.135411615693370235e-02,1.372254635395598124e-02,5.393070213219109954e-01,1.100079512637338164e+00,1.210174934124403467e+00,1.315608914805815044e-01
9.893616840660339751e-01,-2.393101661440084557e-02,-1.564182153359122826e-03,9.998029749150465495e-01,1.420670383132018877e+00,2.018304337508477264e+00,1.869838767838391536e-02
7.544966953237290941e-01,9.546886658985170859e-02,1.956708599893891218e-03,5.556362652820234782e-01,1.163921851165911736e+00,1.354714075621482827e+00,2.434415450574357043e-01
2.561590645720024373e-02,2.359410528649019678e-03,3.728929879027516352e-05,9.835497100542702972e-03,8.324461306768210500e-01,6.929665604788110000e-01,6.732955662777255768e-01
8.089020509290841821e-01,-1.587480004117795829e-02,-5.230314109682553851e-04,8.148352961819280149e-02,4.359506171395299279e-01,1.900529405843370268e-01,2.708588134795139601e-02
6.542603321509299352e-01,-3.234161171350286579e-01,6.747536896666366749e-04,3.910003764870217391e-01,1.042082319910992538e+00,1.085935561471076394e+00,3.039348084970329156e-01
8.350557565575664754e-01,-3.178080003697530270e-02,-1.500820745072349235e-03,6.385523077134293013e-01,1.187721066576569173e+00,1.410681331989783294e+00,1.335767165629245523e-01
9.471941488815739385e-01,-5.486706582840812363e-01,1.684196581900869504e-03,8.133017217249178810e-01,1.302276605626455197e+00,1.695924357561962026e+00,6.932091411212623622e-02
9.168555849944791669e-01,-1.279062909953011806e-02,-7.319585956513084864e-03,9.693093894520766751e-01,1.450736992552043914e+00,2.104637821558949184e+00,1.660190426547954456e-01
9.878212964877425284e-01,-2.121014675787932791e-02,-1.226582868407786672e-02,2.181393909894532079e+00,2.101747554589628475e+00,4.417342783223483949e+00,5.455496343441900570e-02
2.655656669674925086e-01,-1.245577933565012035e-01,-1.550405986731306831e-03,9.216869358468199325e-02,8.322454001124707235e-01,6.926324060083663969e-01,5.082950188390025215e-01
8.794624019867339770e-01,6.387315249525013505e-02,-5.642326350634817430e-04,4.052043240286686832e-01,9.451625938293891638e-01,8.933323287742988006e-01,8.292368071696135101e-02
9.746787681555508787e-01,2.747081636198466792e-01,-6.296535397878111340e-03,1.235963851121971713e+00,1.590396396246916533e+00,2.529360697195179419e+00,5.743299495123603549e-02
9.673728598920593447e-01,1.685099417211913531e-01,2.598746853172009038e-03,8.363776862743825813e-01,1.313171844193957938e+00,1.724420292383760600e+00,5.166491983499513913e-02
7.605666143869935780e-01,8.850239925308962530e-01,8.891420866453920253e-04,8.780463686245104649e-01,1.435818522970386812e+00,2.061574830904863376e+00,3.054820936558423905e-01
5.368324985278698502e-01,-2.814289082151497645e-01,-8.995750738801301660e-03,4.450819777934780230e-01,1.299236553933829752e+00,1.688015623077853578e+00,7.978516674908976425e-01
9.923990645835605307e-01,3.429963359020394842e-01,-2.491598603663282372e-03,9.303922977952432394e-01,1.368652443579555067e+00,1.873209511316287434e+00,1.242491572580109276e-02
9.497699535576652474e-01,-7.858325174896391152e-02,4.361851725512020717e-04,7.946064578042246751e-01,1.297328620191117610e+00,1.683061548766988880e+00,9.384863315853950172e-02
6.601023007262192266e-01,-1.078229142741448862e-02,-8.677299101972044820e-03,5.348875998927840048e-01,1.248186054297420577e+00,1.557968426142563478e+00,4.881932263569953578e-01
8.781789440591145635e-01,1.489777929960857117e-01,-2.613941733710380480e-03,8.573371848215103341e-01,1.356559593762135085e+00,1.840253931428088796e+00,1.255795617850680723e-01
9.809428107756833493e-01,4.626436251801360755e-02,1.222937406033046924e-03,2.327348101292745941e+00,2.172281402010019402e+00,4.718806489518615699e+00,6.411028693312426086e-02
9.033352468980139216e-01,-2.356427578662788902e-01,5.579204651859581655e-04,9.149492435142099200e-01,1.388008585474411305e+00,1.926567833350675940e+00,9.666934632225625268e-02
9.018954356919280935e-01,3.084130357877967188e-01,1.244989272239517206e-02,1.466402342736986109e+00,1.785371218376686997e+00,3.187550387407855457e+00,2.547457019338827955e-01
7.733697310954792403e-01,-3.378165497573634712e-01,5.535866799954898727e-03,7.293101654346715312e-01,1.334505206356400908e+00,1.780904145792340021e+00,3.222838149229971250e-01
4.221570682340620717e-01,-4.161590934009359311e-01,-6.547291430151546548e-03,4.449970630477532163e-01,1.455565103031261742e+00,2.118669769162407679e+00,1.228675643066901246e+00
8.902310739202800027e-01,2.138352828614710210e-01,-1.459686481898274553e-02,1.619525616751902319e+00,1.910208204947936306e+00,3.648895386250416983e+00,4.098441527466122336e-01
9.078870771645188853e-01,4.910685281979832451e-01,2.151724297058629082e-02,1.439433015030036733e+00,1.745650311723460746e+00,3.047295010820215477e+00,1.684289807601418720e-01
9.504935988988000295e-01,-4.752957624842019113e-01,-1.302808843071481988e-02,2.177899890523918636e+00,2.138376339989158659e+00,4.572653371425428936e+00,2.168535903775913321e-01
1.117628765535484403e-01,-2.985552281866272334e-03,-7.113429903641168943e-03,3.624980943930339317e-01,2.578477859609584311e+00,6.648548072496822670e+00,5.923551883710755028e+00
5.878724270295264676e-01,-4.054025547979192567e-03,-6.451962830801290932e-03,3.259725901983709928e-01,1.026477510441380581e+00,1.053656079441934734e+00,4.017108990451927486e-01
7.781435086951153934e-01,2.382898852890624197e-01,-6.653025298399718040e-03,6.235557895456925737e-01,1.292669039647449170e+00,1.670993246063058546e+00,4.238816669716737318e-01
7.217058865593553030e-01,2.307291092679346067e-01,3.301193900463067645e-05,5.432315970025342056e-01,1.177631878800936338e+00,1.386816841968223191e+00,3.003536479631548906e-01
9.158664426989232554e-01,2.457329402695528908e-01,2.548610210369665462e-03,8.695588933456134262e-01,1.371716800625818022e+00,1.881606981119130051e+00,1.424891944279033096e-01
9.499464587008324967e-01,-5.106420969324901860e-01,6.086856536709287120e-03,1.370003484575056829e+00,1.675721285628827495e+00,2.808041827109530431e+00,6.803485795941681402e-02
4.248455998023774605e-01,3.002058442787530756e-03,-3.442952650561198220e-03,2.217046804273595517e-01,9.259231553400313341e-01,8.573336895948397984e-01,4.139243287401207505e-01
8.895262604282548891e-01,1.497365201228235132e-01,-1.322520742061853794e-03,7.133715617812188547e-01,1.238128566005049391e+00,1.532962345957720185e+00,1.062192223952825171e-01
9.779516911341684660e-01,-3.849291797541863624e-02,-2.893371156250836105e-03,1.393770379442878848e+00,1.688565504686554863e+00,2.851253463617359429e+00,6.371270473160194070e-02
9.091006436734317964e-01,1.229806275079043942e-01,-5.809715842269363648e-03,8.394866030590426575e-01,1.361358696263170298e+00,1.853297499891358724e+00,1.743242937732736586e-01
8.710862218374173516e-01,-2.292437694989801766e-01,2.130207233424939034e-02,7.652551268011238417e-01,1.303400484628688405e+00,1.698852823330299744e+00,1.683425697280519218e-01
8.108257486223720001e-01,4.933991733093412435e-02,-4.816415418049994901e-03,6.095664701985019640e-01,1.238107497453439176e+00,1.532910175250417950e+00,3.137772348534140776e-01
9.920613901389931932e-01,-5.366045002112678625e-02,-1.759597320275884487e-03,8.734581327874397783e-01,1.325638521247420876e+00,1.757317489015048695e+00,1.040122344016935346e-02
9.823495998657360007e-01,2.491652205297192613e-01,-1.864191589582057723e-03,7.049041703129612646e-01,1.194318816717470311e+00,1.426397435965418570e+00,1.658909533949601972e-02
9.903608606424407768e-01,2.546098421958470914e-01,3.857407048491356960e-03,8.035789277874255676e-01,1.274566122376186605e+00,1.624518800309068034e+00,1.736094473421673917e-02
8.801098146331164385e-01,-1.790446840221008307e-01,2.739953552795194001e-03,6.388644971296615349e-01,1.197643936228429240e+00,1.434350997984725762e+00,1.566220037254028308e-01
6.636158845440052190e-01,-2.614754732128236614e-01,-3.284723544268485125e-03,4.660460682120836085e-01,1.191964650963779349e+00,1.420779729147204407e+00,4.886875927230371341e-01
8.028280660008959568e-01,-5.378049474757547882e-02,-2.199896959314386405e-03,6.759181694725681089e-01,1.274225547110139134e+00,1.623650744908133436e+00,2.718144059629970521e-01
9.237011097505405388e-01,4.067181881128945076e-01,-8.636621047609004337e-04,1.021602761718732211e+00,1.465692941290730245e+00,2.148255798149472096e+00,1.050502747120079100e-01
6.416254117858884998e-01,1.945359754999052004e-01,-2.368776764300535142e-03,1.536628528250627290e-01,7.376853845449927727e-01,5.441797265712938758e-01,2.368540209211683900e-01
7.887158860776899427e-02,1.422224610431808978e-03,-3.162418978917134918e-04,1.905099428497909753e-02,6.833810404948208461e-01,4.670096465077839820e-01,4.289076579378257592e-01
2.102567191678128555e-02,-1.991996516395394545e-03,8.199803331602446919e-05,7.028507429080419443e-03,7.857578892594703213e-01,6.174154605334980506e-01,6.033584456753372516e-01
9.380738052450076081e-01,-1.221859735622259080e-01,-1.809268097459178692e-04,7.598734728549240147e-01,1.265515147471608648e+00,1.601528588480087167e+00,8.178164277023901307e-02
7.908467404579224702e-01,1.826175636540799396e-01,-6.747751888328919721e-03,7.039029211060947588e-01,1.335330590924663996e+00,1.783107787059212468e+00,3.753019448470232278e-01
9.187357264015155733e-01,3.903558482039178879e-01,6.069022698731168716e-03,2.488205544741708408e+00,2.327105935988330376e+00,5.415422037312122683e+00,4.390109478287058664e-01
5.722591706813766610e-01,5.297953399249245854e-03,-4.071720376495123299e-03,1.684749706355327947e-01,7.253080388639052689e-01,5.260717512406043461e-01,1.891218099695387289e-01
9.010846114273746155e-01,1.475313252428740451e-01,4.954584393251252683e-04,2.997599062806841630e-01,8.071043197767501232e-01,6.514173830022905731e-01,5.189757044092232346e-02
9.939502002763976884e-01,4.110697207391373897e-01,-1.206394800946369731e-03,6.109060677329353206e-01,1.107745950262166046e+00,1.227101090322229027e+00,5.288954856358314346e-03
9.978929654441657249e-01,7.593108817707980296e-02,-1.863176362951090865e-03,8.293961236487321642e-01,1.288761045487031742e+00,1.660905032364827338e+00,2.112785067363222909e-03
6.923002294298423731e-01,4.234291536914303045e-02,-1.171407029237618363e-03,4.279363441094738985e-01,1.126229240792280262e+00,1.268392302815555928e+00,4.125196145966080197e-01
7.935330827844102597e-01,-4.346359293309363242e-02,-1.269802367916313081e-03,6.694116805807643900e-01,1.263588783553788009e+00,1.596656613922941892e+00,2.578332527614130565e-01
9.418348453637086504e-01,-3.984999039834923040e-02,-3.408410181726468681e-03,1.167357467771035884e+00,1.562749589417484986e+00,2.442186279224518142e+00,1.074713436824462770e-01
2.536131453544878678e-01,-3.443344090499272231e-03,-8.757441203092846934e-04,6.598940044418226403e-02,6.782342083447945313e-01,4.600016413690901640e-01,3.280228404807256637e-01
9.693947637939497319e-01,1.734528433857595586e-01,-3.603461530540929842e-03,7.760191084980119225e-01,1.265324970102977176e+00,1.601047279966100190e+00,4.900906297007648349e-02
9.872931929449074717e-01,-2.046538488860419891e-01,-3.306769531810419688e-03,8.332126321162480753e-01,1.294035368576142986e+00,1.674527535125994282e+00,8.102270893497996035e-03
9.296541113963300296e-01,-2.270777443699727449e-01,5.402788070153389556e-03,7.218227214413278636e-01,1.228419223160408968e+00,1.509013787830022491e+00,6.536834494736686041e-02
9.952559981053999971e-01,7.381172115627884778e-02,2.085968642255774282e-03,8.931193653153581824e-01,1.338228875555362407e+00,1.790856523370169429e+00,4.617792739452972715e-03
9.024413603013289320e-01,8.659619813964172796e-02,-7.387666408895636298e-03,7.533395455190861068e-01,1.269092521725837086e+00,1.610595828700444265e+00,1.039167376622724404e-01
8.076841830166009428e-01,8.494071978474532214e-02,-8.017743940113024673e-03,5.281688888056083053e-01,1.188231514372052544e+00,1.411894131746901371e+00,3.555563541356849822e-01
9.003233273102988488e-01,1.398292776578010099e-01,2.073763132028560996e-03,6.398555931408619335e-01,1.187189996858261987e+00,1.409420088640320312e+00,1.297089023585965284e-01
9.933410692661175379e-01,8.762017071433275683e-02,5.752067760495036333e-03,1.044884675095567594e+00,1.449382806905040511e+00,2.100710520951933891e+00,1.094117076079878341e-02
4.758100828668879734e-01,-1.066740404896401595e-01,3.856908679954489886e-03,4.493441008594910024e-01,1.342333523576744625e+00,1.801859288517958957e+00,9.031710867989769520e-01
9.597028920409332864e-01,1.690785577698005471e-01,-5.741978615989526760e-03,8.544020817464879070e-01,1.325935179607519387e+00,1.758104100520824442e+00,4.929993702784874615e-02
7.084090971223621080e-01,-1.592637383031147991e-02,-4.842911909267469568e-03,8.155063826515439596e-01,1.494321938474503009e+00,2.232998055806196369e+00,6.019852905031085610e-01
9.692978950673178939e-01,1.670579174811733514e-01,9.047393565758326400e-03,9.957663640885322520e-01,1.424080504673709946e+00,2.028005283791728619e+00,3.647255561466425378e-02
8.845332295723722371e-01,2.845249527452256566e-01,-7.128255689832527046e-03,7.465787017571520190e-01,1.314590503398542776e+00,1.728148191625634045e+00,2.349907881113298957e-01
8.684179217896627057e-01,1.270133178043375000e-01,2.541692648010332803e-02,6.959144883109094071e-01,1.268502345481635540e+00,1.609098200492410813e+00,2.172692238705919432e-01
9.018433558017745488e-01,-4.229872135702908431e-02,2.656596641050405078e-02,1.744674880143318729e+00,1.989252225132593033e+00,3.957124415194972489e+00,4.677746549083349192e-01
5.006008124334196951e-01,5.718757541894800567e-02,-5.188591119230232668e-03,3.426797032831281342e-01,1.273022365598348582e+00,1.620585943313615607e+00,9.352265367473594493e-01
9.949434929359849411e-01,5.680611196521960504e-02,1.602164398854736887e-03,8.009645305968473572e-01,1.269141311988180920e+00,1.610719669795081410e+00,8.790608601386659324e-03
9.944926642647967663e-01,1.631018982721457733e-01,-6.618025258722847002e-04,9.424599031071864141e-01,1.375608916828524597e+00,1.892299892058146416e+00,7.380085843773518707e-03
9.972956922328608531e-01,1.119398371096731737e-01,-2.159775277112043065e-04,8.914861457981724246e-01,1.336407967422532650e+00,1.785986255390425104e+00,3.013963794079995047e-03
6.697564694014168651e-01,4.891384107463814246e-05,-3.353574510843722149e-03,1.617113935529624347e-01,6.849453207666884591e-01,4.691500924401817429e-01,1.457273053342569014e-01
9.948086671359015476e-01,-1.456044167354733632e-01,-3.074876702300232984e-03,9.601626856431111356e-01,1.392050544354235697e+00,1.937804718036924223e+00,1.747934675070222238e-02
9.977465652913892757e-01,2.617055924201737785e-02,1.106252266206792564e-03,1.070260551128426219e+00,1.464188238574823275e+00,2.143847197980843333e+00,3.326095723990920867e-03
8.781776052370636743e-01,3.419819141281539854e-01,-1.241606661840471450e-02,8.975454479681500564e-01,1.439404963209267363e+00,2.071886648111472606e+00,2.767957521751723271e-01
8.244600343084483862e-01,3.062361053839296465e-01,-4.092931520015982380e-04,6.322740132417966619e-01,1.216928947535161454e+00,1.480916063349035694e+00,2.163680368654424258e-01
8.977303372121259173e-01,-6.512354176371318859e-01,5.763676316687504908e-03,1.183326222441559494e+00,1.628468149747686056e+00,2.651908514742652212e+00,2.852560698595335564e-01
6.945283815927938420e-02,2.736962649082614815e-04,-3.843662304897184698e-05,3.868325322968070405e-03,2.457699689737142257e-01,6.040287764934045012e-02,5.266622700340430757e-02
8.556578796322766856e-03,3.299411847117184049e-06,-3.030589910093380590e-06,1.391284542196564891e-04,2.175066583372801676e-01,4.730914642105032292e-02,4.703088951261100853e-02
9.297523453128064830e-01,3.882388572848449737e-01,-5.348210166283689886e-03,8.720557221408553605e-01,1.382632773541746740e+00,1.911673386471743008e+00,1.675619421900323980e-01
7.004501074725573151e-01,-2.224816765650842326e-02,-7.023740962454260925e-03,3.621401151965352172e-01,9.675124192778943311e-01,9.360802814569640917e-01,2.118000510638936851e-01
9.479818273820699304e-01,-5.184528590673878612e-02,-2.084208924561129633e-03,2.475330441142541971e-01,7.205652503282607979e-01,5.192142799806290787e-01,2.414819175212077132e-02
9.937603835699237997e-01,1.014882117243400966e-01,-8.394354166649440046e-04,7.187751088096189234e-01,1.200944091587942353e+00,1.442266711119987832e+00,4.716493500750151835e-03
9.920099445071630662e-01,1.240867874185519470e-01,-3.081258524015890489e-03,9.035346131381887247e-01,1.348085667853990088e+00,1.817334967873338591e+00,1.026574159696109698e-02
2.621420335087701892e-01,-1.114704141590486391e-01,-1.189036896946858669e-03,7.041951463821807811e-02,6.914941181675886561e-01,4.781641154603710753e-01,3.373250861839349191e-01
8.529940399049645849e-01,7.074260234490734045e-02,6.222259133873029799e-03,3.340433001808453262e-01,8.607383756716264767e-01,7.408705513538300647e-01,7.278395099213942621e-02
7.556451712006316823e-01,-2.780668052962578796e-03,-4.512342894703430508e-04,3.048104324359331985e-01,8.525175193245033700e-01,7.267861207552049896e-01,1.171652558833387037e-01
6.230123847038244733e-01,2.252070834593443427e-01,-6.871569863947274079e-03,6.161244137967386569e-01,1.443157825871391076e+00,2.082704510373840190e+00,8.504556827803630981e-01
9.130413211290522302e-01,-2.780976868239320443e-01,-5.931373132338741729e-03,8.154309215990568349e-01,1.349840436693226842e+00,1.822069204532161590e+00,1.912073613340478928e-01
9.275386155937104249e-01,8.207931086301759049e-03,-5.166432591459117242e-03,1.257796442338549037e+00,1.619114234663634466e+00,2.621530904890406966e+00,1.059380202133091975e-01
8.776030879768940141e-01,-2.131536124432881207e-01,-3.998423535729108292e-04,7.490696384869200974e-01,1.303972430203746313e+00,1.700344098731463971e+00,2.022048217576236095e-01
8.985249381492097509e-01,-5.157398929756531331e-02,-5.151930436051944864e-04,6.595236795580375899e-01,1.204826719888450581e+00,1.451607424957162884e+00,1.325600658410878707e-01
9.816175964378736074e-01,2.733074975420509700e-01,-6.257770987660237622e-03,1.053148174773896217e+00,1.463755955954720411e+00,2.142581498592917466e+00,3.628514904512515626e-02
9.852326290866687541e-01,2.561282659095566738e-01,6.300888428636100720e-03,1.040423028576179298e+00,1.450461197796147017e+00,2.103837686312233668e+00,2.299162915987477962e-02
9.715760668599118244e-01,-1.814462829783822229e-01,-2.671422872846893840e-03,1.015235134938256234e+00,1.441578467300773658e+00,2.078148477385247439e+00,4.767820750873502655e-02
9.068638279027102511e-01,-7.387762534016606430e-02,1.417445745711808742e-03,6.774985791974057481e-01,1.211360042967378092e+00,1.467393153697928332e+00,1.123959953031169745e-01
9.220223276485991493e-01,8.147255923585139392e-01,1.967509154852293066e-02,7.117411815373944073e-01,1.243957509265893213e+00,1.547430284859004690e+00,1.239479217842159864e-01
9.857760733356464300e-01,4.144772970097173048e-01,1.137372776677509408e-03,9.631440655588460187e-01,1.398484864961920815e+00,1.955759917527561953e+00,2.947178640987029030e-02
9.166068906860433962e-01,4.166330267433375478e-02,-1.552185851542486894e-03,8.218758750073670294e-01,1.338061227897177519e+00,1.790407849601702406e+00,1.466560995869683193e-01
6.907392328336006138e-01,9.071611143228397456e-02,-6.940546784102794541e-03,8.957883227720095931e-01,1.538063335988647307e+00,2.365638825512526466e+00,5.740621799685076132e-01
9.660661095503141338e-01,5.802142815994997260e-01,6.931275823442565633e-03,2.142818241934962398e+00,2.116910358957026173e+00,4.481309467859564855e+00,1.956729839896399203e-01
7.460025958873197638e-01,-1.965248776924277130e-01,-1.384722458840635662e-02,7.893839402436435559e-01,1.446289080667235050e+00,2.091752104857275807e+00,5.129842243699886950e-01
7.933691589211757655e-01,1.490354709460324223e-01,2.796471427981314477e-03,7.368269637041439113e-01,1.353086416864905939e+00,1.830842851504310032e+00,3.571889240960222089e-01
9.960879562931282960e-01,-6.310621357106428742e-02,-1.377370620014324544e-03,1.295909808007675412e+00,1.611359870780288972e+00,2.596480633161069917e+00,4.661017145719101654e-03
9.399986044133761265e-01,4.421429924046055282e-01,1.512548086889789652e-02,1.005827005676176444e+00,1.466911927528344206e+00,2.151830603124922359e+00,1.401765917725693034e-01
4.269568777805874404e-01,-3.812512232937576018e-03,-5.566686090604624007e-03,4.554300008712906522e-01,1.301520994947938048e+00,1.693956900290270351e+00,7.830968985476890465e-01
9.374101946780932781e-01,1.643093284350942429e-01,-1.926637714305850938e-03,1.643372400642993725e+00,1.849965629756981977e+00,3.422372831282146866e+00,1.356280299961593605e-01
7.881295030763751930e-01,1.158941181628478367e-02,-1.219279299310992160e-02,9.166378372363621629e-01,1.454402927487938646e+00,2.115287875485485802e+00,2.820122010127616430e-01
9.392529993746984163e-01,4.400146616005139871e-03,-1.043651939505790653e-02,9.875614819957034829e-01,1.452081384686114029e+00,2.108540347751942434e+00,1.334173837605354407e-01
9.163292714830475472e-01,-1.421481885199844253e-01,-9.924333021874601982e-04,1.836278782170597035e+00,1.988678948663292756e+00,3.954843960856539109e+00,2.822863965153445953e-01
9.925439795751747063e-01,3.130859503669868316e-01,-3.025983226101151141e-03,2.166753400691302289e+00,2.087664868058782375e+00,4.358344601326893830e+00,2.483779994429043472e-02
5.894462217393092729e-02,-9.040967537751118388e-04,-5.938481476163777500e-05,8.760456271101628792e-03,3.408115080968992516e-01,1.161524840512828394e-01,9.863157150907958526e-02
1.125975236208487384e-02,-1.051353949917260833e-03,4.473040655602181958e-05,2.096604742911605240e-03,7.530106416591916263e-01,5.670250264519874905e-01,5.628318169661642445e-01
9.392715825819270004e-01,8.758861893132011134e-02,1.635234354869222542e-02,8.219134711271919302e-01,1.338269828003938233e+00,1.790966132545690481e+00,1.471391902913065652e-01
7.899413547984290851e-03,8.294098856362688843e-05,-1.075521454422717003e-04,5.188997664855413659e-03,9.637432440268244305e-01,9.288010404073473447e-01,9.184230450776365018e-01
8.971144081405979520e-03,-5.988160315199332097e-05,-2.196692479093001851e-05,9.628767912378617851e-04,5.495757940762890925e-01,3.020335534345837680e-01,3.001077998521080037e-01
9.260190482068731965e-01,-1.573778849903088584e-01,-2.912262607683774925e-03,2.779984472744811974e-01,7.595495503066191922e-01,5.769155193709873952e-01,2.091862482202487897e-02
9.147764646517698717e-01,-4.257358591766333133e-03,-4.877270315889384485e-03,1.134170564316963503e+00,1.557531350905396295e+00,2.425903909053188645e+00,1.575627804192611947e-01
9.595092640159827990e-01,-7.118171598909711628e-02,1.461161447355150203e-02,9.014647921048587476e-01,1.357342489575062316e+00,1.842378634005828353e+00,3.944904979611094792e-02
9.417739806774264588e-01,-3.992113386928567431e-01,-6.273882025172478625e-04,1.069202624456434547e+00,1.490345846677987973e+00,2.221130742710328843e+00,8.272549379745991471e-02
9.326409178479503348e-01,-2.318283155417766861e-01,-6.851127484038606330e-03,1.209695860698907222e+00,1.581022496271275113e+00,2.499632133715854465e+00,8.024041231803991092e-02
8.929220828697519430e-01,8.083197823166110574e-02,-2.949230753662358123e-02,1.978065766492229649e+00,2.122664884579263500e+00,4.505706212225897289e+00,5.495746792414376580e-01
9.527146444325187424e-01,3.471639396877346240e-01,-2.400606204922640062e-03,2.012628968415965058e+00,2.054962708909515712e+00,4.222871735008735250e+00,1.976137981768049390e-01
1.629330531952594141e-01,4.273321994876035784e-03,-3.633892740728488749e-04,1.649951979243585026e-02,5.278953513173738621e-01,2.786735019424936288e-01,2.456744623576218867e-01
9.930225227096352025e-01,1.124043129688362119e-01,-1.423931970327307894e-03,8.261641014392305804e-01,1.289811069250382802e+00,1.663612594360815988e+00,1.128439148235509289e-02
9.979962981210935835e-01,2.252906024846465238e-01,4.743906501260291945e-03,1.165069239901947773e+00,1.527815976275102683e+00,2.334221657361445157e+00,4.083177557549829556e-03
2.986850522986326251e-01,-2.764901615090945008e-02,1.232285741969218118e-03,6.960849303408457589e-02,6.129868866797588689e-01,3.757529232413435727e-01,2.365359371731744764e-01
9.980757711337107096e-03,-6.982277320642105156e-04,8.379391355445030116e-06,2.012271415387254046e-03,3.589301097024132359e-01,1.288308236509863869e-01,1.248062808202118901e-01
8.672241725428628811e-01,-3.208696922849935129e-02,-1.250304099594729164e-02,6.593017881271872049e-01,1.241652245954213640e+00,1.541700299883142833e+00,2.230967236287686450e-01
9.797698333755593403e-01,-7.819273803193177441e-02,-2.984683830302338296e-03,1.937200276077260419e+00,1.988890941610658603e+00,3.955687177620931916e+00,8.128662546641172992e-02
6.095561965295013263e-01,3.385371004142182505e-01,3.213459095262612576e-03,1.887601955676145860e-01,7.423378106252809250e-01,5.510654250839355228e-01,1.735450339487064342e-01
9.032601189083426796e-01,-4.450275224885286152e-01,2.239431803213312762e-03,7.581696979691121552e-01,1.319466514114572275e+00,1.740991881869660807e+00,2.246524859314366351e-01
9.975971678456178049e-01,-2.269932667171538632e-01,-1.227297838553830346e-03,9.980187607541681771e-01,1.414055561284101925e+00,1.999553130398496359e+00,3.515608890159980376e-03
5.088570113416568397e-02,2.614964102522931988e-03,-9.339323881485395162e-05,1.374665506537958715e-02,6.287540501385335823e-01,3.953316555656096187e-01,3.678383454348503889e-01
7.719428673575778888e-03,-1.302081965637580385e-03,1.186815289068416746e-04,5.051925166863788057e-03,9.218232567392077303e-01,8.497581166652792284e-01,8.396542663315517130e-01
6.497579161429223316e-01,5.383594901606061911e-02,-2.680389433008030075e-03,1.550441096282482722e-01,6.254956192498025702e-01,3.912447697006940506e-01,8.115655044419754771e-02
9.723227619391391352e-01,-2.940518847865829510e-01,-4.359949239758676570e-03,8.768096858743269495e-01,1.341263999491186132e+00,1.798989116331092708e+00,4.536974458243883679e-02
9.973003153739079529e-01,3.131458400375364270e-02,-1.066307191958892583e-04,8.332082723784673961e-01,1.292782188993554682e+00,1.671285788178966669e+00,4.869243422032183168e-03
4.227858449689081421e-02,1.296657429439199150e-03,2.122174697758476961e-05,1.507918318790835545e-03,1.984710734077384797e-01,3.939076697961992057e-02,3.637493034203825165e-02
7.551915165206257718e-03,1.405932173613289038e-03,1.396698376825183019e-04,8.838983474634545118e-03,1.543019294934269148e+00,2.380908544539448890e+00,2.363230577590179848e+00
5.658933723832068052e-01,3.643713789293775984e-03,-3.230397941577101747e-03,1.156289070784832923e-01,6.789208536768248647e-01,4.609335255572686862e-01,2.296757114003021294e-01
9.481650099367622264e-01,-1.430300404739139886e-01,-5.113322312117033613e-03,7.685993965612913925e-01,1.280221208966495938e+00,1.638966343887636734e+00,1.017675507650537686e-01
9.800446344958094747e-01,-1.402972581096697258e-01,-2.177985182695672730e-03,7.454970016089291773e-01,1.230943045538835934e+00,1.515220781360424596e+00,2.422677814256614381e-02
9.551831004550057624e-01,1.168428807477535913e-01,3.829188828322866540e-04,3.581132598594308214e-01,8.640491658114800577e-01,7.465809609395145374e-01,3.035444122065291891e-02
9.422920747918197559e-01,-3.281924631894579392e-01,-3.693995782354104508e-03,7.365339487208364400e-01,1.257469433525365554e+00,1.581229376250603558e+00,1.081614788089306639e-01
9.761176631289648631e-01,-1.189626514100759064e-01,-2.826652929654155984e-03,7.702320937554801850e-01,1.255425431120203772e+00,1.576093013103349483e+00,3.562882559238936264e-02
1.421970012818984941e-02,1.649763276781318622e-03,-1.634178647877852298e-04,1.454023805853809151e-02,1.351165217459072920e+00,1.825647444871223657e+00,1.796566968754147675e+00
1.164137710004919946e-02,-7.383894123939652165e-04,-2.064486393936994170e-05,4.352692031558849303e-03,7.278375594256922820e-01,5.297475129107480640e-01,5.210421288476302371e-01
5.156024256452602650e-01,-4.997237842136827146e-03,-3.450535766949669372e-03,1.221724527795293308e-01,6.287045171843413938e-01,3.952693699279958284e-01,1.509244643689371945e-01
9.809395508218963222e-01,-1.438864177486128687e-02,-3.921764307825930870e-03,7.573973408096518201e-01,1.239198971847591313e+00,1.535614091828127359e+00,2.081941020882394078e-02
9.973323373479415777e-01,4.864682523121634516e-01,1.289218013219598120e-03,8.278405079859347815e-01,1.289003431256247278e+00,1.661529845790379101e+00,5.848829818509705160e-03
8.537885894280421439e-01,-3.752277662243619361e-02,-2.300228492222905800e-04,2.619704445426893416e-02,2.477647043009309769e-01,6.138734869732775934e-02,8.993259788789899692e-03
9.954085875519729232e-01,-7.498032790447471674e-02,2.528214292832779275e-03,8.332734878310472659e-01,1.295557729051648677e+00,1.678469829305464955e+00,1.192285364337037669e-02
9.981572849825162130e-01,-2.727744668664117134e-01,9.005112968649447340e-04,8.409535553642518702e-01,1.297767466543446657e+00,1.684200397218596157e+00,2.293286490092477734e-03
9.217142508763699338e-01,2.846426943311009677e-02,-5.830022506663581558e-03,8.306248736450249082e-01,1.338319550756897014e+00,1.791099219938142362e+00,1.298494726480924344e-01
8.919585429745348071e-01,-7.485509555989028341e-02,7.889432519604425501e-03,7.140401741751146725e-01,1.250578791938124379e+00,1.563947314845418379e+00,1.358669664951893119e-01
8.997553274172509497e-03,-4.477880778439025100e-06,-4.744128997455220487e-05,3.037703647796012683e-03,7.710920959305804789e-01,5.945830204066154812e-01,5.885076131110235087e-01
6.729916974203775659e-03,-9.670294138151291907e-04,-1.188672758319550402e-04,9.797622277996595117e-03,1.512567760270408179e+00,2.287861229409438923e+00,2.268265984853445438e+00
8.773124984581295305e-01,-1.027677069768417883e-03,1.942710956149489064e-03,7.058285471654021093e-01,1.267632563614880192e+00,1.606892316336833382e+00,1.952352220060291910e-01
9.146726897802833767e-01,1.095505015653438358e-01,-1.013224055941562216e-02,1.568905889393087838e+00,1.824046826533079591e+00,3.327146825385398188e+00,1.893350465992222897e-01
9.889565785969020029e-01,2.037316420552271190e-01,-7.917300030276875136e-03,2.762465651119005106e+00,2.363633746987004347e+00,5.586764489895826635e+00,6.183318765781668780e-02
6.571635598189835559e-01,7.425097887244525019e-02,-2.279209972113951238e-02,1.564184632390111851e+00,2.063647787849160586e+00,4.258642192294733952e+00,1.130272927514510473e+00
6.256766692841799760e-01,-1.563854795450361768e-03,-8.210173698505797771e-03,4.907475732242348454e-01,1.279528431865272431e+00,1.637193007951602830e+00,6.556978615031332502e-01
6.893023473273868218e-01,1.557456354851894376e-01,-6.196159935988113966e-03,7.249312129545502081e-01,1.414295069384008618e+00,2.000230543283917584e+00,5.503681173748171673e-01
9.753693546216427590e-01,1.436222046000555086e-01,-6.125340416705623951e-03,9.938172387132321317e-01,1.426704434566503199e+00,2.035485543611725401e+00,4.785106618526095701e-02
8.029611873150552803e-01,-1.152898305877917001e-01,-1.110372655626172024e-02,9.853848510178595532e-01,1.552807487541316478e+00,2.411211093364375557e+00,4.404413913286565063e-01
8.009902382045160918e-01,3.133064690522211482e-01,-8.830796364589712719e-03,5.991522812504102014e-01,1.272472173645574633e+00,1.619185432702293648e+00,4.208808702014733005e-01
7.416168194330023944e-01,-1.294340293798647290e-02,-3.159293299661033918e-03,3.383600472132546333e-01,8.843630765598835541e-01,7.820980511824624504e-01,1.053779567559532532e-01
9.721836823271949868e-01,1.262977445136695964e-01,-1.831674236963001237e-03,7.084864485590484096e-01,1.203796623876072003e+00,1.449126311655429378e+00,3.215341453733288474e-02
9.976513707604377501e-01,-3.022839655250115221e-01,2.579435880268672338e-03,8.488146519622724595e-01,1.304798643871574404e+00,1.702499501049099528e+00,4.870197124554789814e-03
9.797275559133787892e-01,2.966287478253050169e-01,1.070348898122632647e-02,1.542460600449866215e+00,1.767273710607511150e+00,3.123256368204441191e+00,3.833516730470903910e-02
9.831931564949546454e-01,-1.892489119761328054e-01,1.245458329166810631e-03,1.925435260969154738e+00,1.975115591928684911e+00,3.901081601479799765e+00,5.021107954149002517e-02
9.300170563382590405e-01,-2.064618297821679271e-01,1.614727524734976220e-03,8.854519473325928036e-01,1.390944444680854319e+00,1.934726448188530235e+00,1.638225535233448493e-01
5.082379377330126236e-02,-1.306867888605556249e-02,2.021559636867521857e-03,4.728716982163620741e-02,1.543809269609947910e+00,2.383347060933600492e+00,2.288772721290328160e+00
9.761788315025524687e-01,-3.071132292744771161e-02,1.048133675775845142e-03,7.653401137665499787e-01,1.249751667946879197e+00,1.561879231536006607e+00,3.119900400290662873e-02
8.062211280309947714e-01,-1.324470546294106987e-01,-1.143816464557141123e-02,5.672037801754722386e-01,1.160598058989204873e+00,1.346987854529509754e+00,2.125802941785650546e-01
7.751094893893757387e-01,5.529222698947103276e-02,4.538245252057299291e-03,6.578274698745981697e-01,1.283736320560691313e+00,1.647978940726701813e+00,3.323240009775051962e-01
9.547849037712232700e-01,3.260256316095251350e-01,2.471631350728590443e-03,8.850970850149999514e-01,1.358175221479274386e+00,1.844639932240276003e+00,7.444576221027596197e-02
2.396055287472897977e-01,-2.728814118070053280e-03,-1.197745234847612716e-04,1.583418568454435585e-02,3.435979034237980345e-01,1.180595192372296542e-01,8.639114786814093561e-02
1.690778097711365113e-02,6.373458222449571164e-04,-6.259414181995076598e-05,6.658613764868405449e-03,8.918627813333404042e-01,7.954192207276418181e-01,7.821019931979050765e-01
9.673368050849040500e-01,6.550730695912637680e-02,-5.202877647969650875e-03,7.715066531260041938e-01,1.256124053100619031e+00,1.577847636777926832e+00,3.483433052591843049e-02
9.780145073168077241e-01,-1.658688300248125636e-01,-8.514388264780150400e-03,2.230325241507295164e+00,2.139265924734881974e+00,4.576458696731789288e+00,1.158082137171989878e-01
9.680298476994103618e-01,3.479009990339584912e-01,-1.104443212163544637e-03,1.418204830883490031e+00,1.705581850412088318e+00,2.909009448455122993e+00,7.259978668814258407e-02
8.529410401371426698e-01,3.459997460386980694e-02,-2.078137947618271912e-03,2.768491033679004176e-01,8.012558186043626796e-01,6.420108868473474173e-01,8.831268011154669306e-02
8.831139449511860029e-03,-1.456988243669132821e-03,-1.603026042178434807e-04,1.828505532483681861e-02,1.492809726136987925e+00,2.228480878449189184e+00,2.191910767799515547e+00
6.399846360193750527e-03,5.990929228405772466e-04,6.862572801206061163e-06,2.228843892597128905e-03,7.137448791003037085e-01,5.094317524419070820e-01,5.049740646567127955e-01
5.223901568719728772e-01,1.172402764946394726e-01,-4.507380152195026614e-03,3.445908702344524510e-01,1.061036421233642502e+00,1.125798287184295754e+00,4.366165467153907964e-01
9.886288955356407060e-01,4.450112621338588315e-01,1.469035983761855443e-03,8.419359092457526783e-01,1.303158436166667489e+00,1.698221909752354319e+00,1.435009126084880494e-02
9.874409757727858894e-01,-3.933622558507933187e-01,2.068084802734714185e-03,1.972732767442755275e+00,1.999604980289909628e+00,3.998420077200209644e+00,5.295454231469944040e-02
8.628148063869678364e-02,3.699273165704786148e-03,6.971450989478752914e-05,5.970021397000068071e-03,2.928904095789836015e-01,8.578479202334476916e-02,7.384474922934464169e-02
5.327238663122146889e-02,1.518953693740870969e-02,3.134648245282440921e-03,3.921168193560062992e-02,1.091212927401395971e+00,1.190745652927924336e+00,1.112322289056723035e+00
9.312252825396666323e-01,3.820837166409130070e-03,9.722424333502791699e-03,7.397944045199090768e-01,1.240568608868701128e+00,1.539010473310424176e+00,5.942166427060608519e-02
9.268312179094112535e-01,4.868184057315221303e-01,1.998415735809063332e-03,1.064746402980101259e+00,1.518688850270624169e+00,2.306415823936310172e+00,1.769230179761075161e-01
9.905856731206332810e-01,-9.373081830495251232e-01,3.005168344732199112e-02,2.344672879713640690e+00,2.176167621993023271e+00,4.735705519010769748e+00,4.635975958348809850e-02
9.076369219257515164e-01,6.389925636314237878e-02,-5.891094480612693238e-03,1.228726717278962877e+00,1.614227225768456453e+00,2.605729536412127345e+00,1.482761018542010645e-01
9.768589041123649785e-01,2.343931927447698571e-01,-4.602489976772093302e-03,7.796353573139256365e-01,1.259125182029636081e+00,1.585396224021164091e+00,2.612550939331288388e-02
9.976227933580283924e-01,1.936853401819090825e-01,-5.355523893849133219e-04,2.973186666611537521e-01,7.717578257971989819e-01,5.956101416792196623e-01,9.728083569122138955e-04
9.803280652215887736e-01,1.523174492998475571e-01,-1.282230785167168567e-03,8.331855569925971094e-01,1.307090141817800255e+00,1.708484638837277414e+00,4.211352485208291058e-02
9.664478061368932948e-01,1.516430531912812962e-01,-1.440314849596079842e-04,7.200580368932311126e-01,1.220220910576485407e+00,1.488939070608107151e+00,4.882299682164501636e-02
9.969757149030812338e-01,3.195102207303766040e-01,-3.412329083346256841e-04,7.844596791096533073e-01,1.254315003988524024e+00,1.573306129230731099e+00,4.386771011424516094e-03
9.977687153417236221e-01,-1.116627611211468002e-01,2.057747597415196701e-03,8.932485636235965032e-01,1.338140276720843236e+00,1.790619400182535070e+00,4.122272935342117736e-03
9.813714943467498619e-01,8.057963912275727114e-02,-8.114339345730007700e-04,8.694775093139680555e-01,1.328060107588473260e+00,1.763743649367907285e+00,2.478863073997109381e-02
9.749306357309933668e-01,-1.325506646144195277e-01,7.245190697935287999e-03,8.904183344041601833e-01,1.346315340070073141e+00,1.812564994907996718e+00,3.172832609967661532e-02
9.522865344132661614e-01,-1.819415072867166527e-01,6.814733988897350193e-03,7.541948257977226788e-01,1.256335798523765535e+00,1.578379638652347650e+00,6.998998705690225031e-02
9.878235978897415004e-01,3.426598579741284012e-01,-2.437533865068519396e-03,8.273853985590056137e-01,1.293425296457108908e+00,1.672948997515160352e+00,1.817820039714930502e-02
9.596642632819414320e-01,-4.728060950106749427e-01,1.193263365258429151e-03,8.071325010910234132e-01,1.287884075017092345e+00,1.658645390682631726e+00,4.438038850058503848e-02
9.934746335447127707e-01,-2.882113048452255022e-01,1.417981115434681577e-03,8.477102215122831463e-01,1.305801183158151746e+00,1.705116729937229181e+00,9.696286912662884644e-03
2.650718555383690944e-02,-7.812716047218837279e-04,-1.621135829939806308e-05,2.429975813227963719e-03,3.730651977481891923e-01,1.391776417708955049e-01,1.343176901444395888e-01
8.233306126733591634e-01,-8.275531453815439253e-02,4.150205180984294084e-03,3.976148963176684425e-01,9.457046334389630493e-01,8.943572537079234053e-01,9.912746107258646466e-02
9.914352166186326532e-01,4.144659418792152050e-01,-2.106964295134450531e-03,7.671474923491502507e-01,1.245760804131385457e+00,1.551919981110076341e+00,1.762499641177606505e-02
3.536338863979334723e-01,-4.512257428697010603e-04,-1.732108005507444108e-03,1.548917329805472309e-01,8.076211270810907950e-01,6.522518849077314496e-01,3.424684189466370432e-01
1.242771479922840649e-01,1.618719612019478560e-02,1.422995540740637195e-03,5.965242482667717366e-02,8.568552535875765264e-01,7.342009256006299944e-01,6.148960759472755777e-01
3.446654672652482709e-03,2.089994999641478501e-04,-9.684046485339259640e-05,4.818182243717911151e-03,1.705368745902017924e+00,2.908282559499421271e+00,2.898646195011985505e+00
5.114157771657819040e-01,2.195877901918021069e-02,-2.767652296201771446e-04,2.280664062161668476e-02,2.819914866595381597e-01,7.951919854845650171e-02,3.390591730522314606e-02
9.973258160428694064e-01,-1.160836768819365344e-01,-8.090161279591604870e-04,9.275779095040609379e-01,1.363198580705443863e+00,1.858310370437336267e+00,3.154551429214396460e-03
1.316098296730801032e-01,-7.198096788888899700e-03,-5.541913072050889299e-05,7.143931990139396060e-02,7.845574364343850249e-01,6.155303710644940418e-01,4.726517312617061761e-01
1.819280142941415157e-02,-2.614552527532183757e-04,-3.697397291444768844e-05,3.177010106214706378e-03,4.310932602628416710e-01,1.858413990440461461e-01,1.794873788316167507e-01
2.747821404161632231e-03,-5.655784478635905721e-04,4.605336527734888986e-05,4.102733611119407584e-03,1.747675055655047993e+00,3.054368100158874721e+00,3.046162632936635806e+00
9.121033096062468593e-01,1.832807361611333008e-01,-3.981468990790022235e-03,7.786612182962832085e-01,1.299830168228311544e+00,1.689558466236440459e+00,1.322360296438739036e-01
9.089681729647827169e-01,2.288556928804371671e-01,1.290420603045471654e-02,7.960149557697275835e-01,1.297435917944124828e+00,1.683339961171513854e+00,9.131004963205871516e-02
9.820159470480064323e-01,1.943586110468648737e-03,-5.051980465723200642e-03,7.299900909713087360e-01,1.217441173060026527e+00,1.482163009861773295e+00,2.218282791915596880e-02
9.971635473227040691e-01,1.896259971652402426e-02,8.014822656532416545e-05,8.045471344365384692e-01,1.269811884150673142e+00,1.612422221130282773e+00,3.327952257205721472e-03
9.705467062969849179e-01,-8.348510631014055550e-02,1.166232711734334869e-02,8.287139156667646667e-01,1.304276047423805318e+00,1.701136007883464529e+00,4.370817654993525148e-02
8.172755322268723255e-01,-3.308364560337412885e-01,-1.102965436168785833e-02,7.172762755460190265e-01,1.330646585344985589e+00,1.770620335090270059e+00,3.360677839982320059e-01
9.581167168320634531e-01,-3.382583184959954137e-01,6.949293492812509167e-03,7.528148508280226858e-01,1.247191024808833371e+00,1.555485452363707832e+00,4.985575070766259942e-02
9.745207260894168666e-01,7.686832571975618644e-02,-4.797340013796094239e-03,6.713825612520879504e-01,1.172775233929969296e+00,1.375401749319494327e+00,3.263662681531837723e-02
9.974400593140961835e-01,5.031848214803197328e-01,9.750834502020157106e-04,9.399264671434370833e-01,1.372984260456479477e+00,1.885085779461225908e+00,5.232845174351824502e-03
5.453342769990930927e-01,1.881819740637324934e-02,-2.452863174219730661e-03,2.322741776765476773e-01,8.606548365632691322e-01,7.407267476997475564e-01,2.761783923466523127e-01
2.390191174195033241e-03,-2.889723671510302516e-04,-5.932999964443397254e-06,3.695040038204323949e-03,1.720938382541038925e+00,2.961628916502967446e+00,2.954238836426558823e+00
9.506289031698734737e-01,1.577953926437004883e-02,-1.418416768609875867e-03,7.419525361460971302e-01,1.249583372210884225e+00,1.561458604105925296e+00,7.755353181373093874e-02
9.698271494969623596e-01,1.249883607310796063e-01,7.241006040942845820e-03,7.565574252520325116e-01,1.248248586808302418e+00,1.558124534468924294e+00,4.500968396485936079e-02
6.026072573101854957e-01,1.114352000666396503e-02,-1.245131417291159108e-03,1.788464791373686191e-01,8.076889658495074453e-01,6.523614655550468155e-01,2.946685072803095773e-01
2.652039582776155591e-03,4.814406181969377307e-04,5.176615617351645307e-05,3.300683799504333400e-03,1.608309861611741054e+00,2.586660610957577600e+00,2.580059243358568732e+00
1.471024324664949035e-03,4.690401220347473199e-04,2.676045051421039082e-05,5.467801224404918690e-03,2.478927733936015620e+00,6.145082710077150345e+00,6.134147107628341367e+00
9.751741259854033173e-01,-9.531942660881483065e-02,8.351927614789140045e-03,7.822905453286678190e-01,1.266568774796759111e+00,1.604196461290163356e+00,3.961537063282742632e-02
9.531040953406715310e-01,-4.443384152798523501e-01,5.916382623606100330e-04,7.234472038714796494e-01,1.236266652963638579e+00,1.528355237229917840e+00,8.146082948695866632e-02
5.544826630624768438e-01,2.982366278359442624e-02,1.269660538311347474e-05,9.753121407020703959e-02,5.582389885346809022e-01,3.116307683202236278e-01,1.165683401798095903e-01
7.485546809802845480e-03,2.746101149201929381e-04,-1.629488146911909729e-04,7.419903379413608432e-03,1.179127585794285782e+00,1.390341863581060711e+00,1.375502056822233587e+00
9.433806531263531081e-01,4.628263732307801859e-01,-5.191787287585077071e-03,7.337455016186659185e-01,1.257149756655655315e+00,1.580425510659373645e+00,1.129345074220419326e-01
9.322542945096764511e-01,2.251537489442529127e-01,6.765998512476926845e-03,6.103849532513541121e-01,1.137846973493557456e+00,1.294695735088448485e+00,7.392582858574041349e-02
9.982325308475648029e-01,-1.377338964225555962e-01,-2.199388676329892735e-03,1.272694912456331151e+00,1.597029944074400243e+00,2.550504642270281952e+00,5.114817357619234374e-03
9.569807158779677358e-01,-2.080752366521623764e-02,-2.319585259016886374e-03,2.650550858570753787e-01,7.426496172502349280e-01,5.515284540019204096e-01,2.141828228776960358e-02
1.396339562399462331e-02,5.171068178742299626e-04,-2.213922854462216765e-06,1.638201470575558275e-03,3.634961154089434987e-01,1.321294259173919905e-01,1.288530229762408774e-01
9.698943063306040280e-01,-2.853143225022523044e-01,-2.895683602168018164e-03,1.072965445257116901e+00,1.473492501358209861e+00,2.171180151558874005e+00,2.524926104464065083e-02
3.717463031746168767e-01,1.805408031099332844e-02,2.649345957046673247e-04,1.904176489625496460e-01,9.398394165774760500e-01,8.832981289526905533e-01,5.024628310275912613e-01
9.292396068187140923e-01,-1.914477719127913036e-01,-5.707812404770563029e-03,7.576025181490375626e-01,1.281990306875737007e+00,1.643499146923346421e+00,1.282941106252713237e-01
9.701277963414558503e-01,-1.212633288098855788e-01,9.159111952602689384e-04,1.038990739932885710e+00,1.457435796192638744e+00,2.124119100023670548e+00,4.613762015789900361e-02
1.463053604388592221e-01,5.957412942358966124e-01,-4.815093850999509900e-03,2.613525943266033491e-01,1.744088689672191661e+00,3.041845357442462650e+00,2.519140168789256062e+00
7.020941188039110381e-01,6.366906697493353307e-02,1.150309178955239910e-05,2.456099139655548366e-02,2.541479719174850049e-01,6.459119162977074169e-02,1.546920883665976916e-02
8.749922062501302999e-02,-2.997687115973498573e-01,-1.271802014837234785e-03,1.233607432110837010e-01,1.338806788081776000e+00,1.792403615813841222e+00,1.545682129391673820e+00
9.830943555818956181e-01,-4.893654333628139758e-02,-3.881843320912670408e-03,9.093824609861054231e-01,1.359678154365504765e+00,1.848724683458785600e+00,2.995976148657474719e-02
9.824942444040798417e-01,-1.650221245619635374e-02,-6.172360865496970533e-05,8.123882050041432157e-01,1.285374639323920931e+00,1.652187963417099725e+00,2.741155340881354027e-02
9.623755978124116650e-01,-1.169939261589156287e-01,-2.223280514256369047e-03,2.538591371942278685e-01,7.234337961754906399e-01,5.233564574488812626e-01,1.563818306042566095e-02
8.977326594319225972e-01,-3.523364149468222878e-02,6.809628936829659716e-03,6.890629405253810846e-01,1.246858015679932485e+00,1.554654911265298978e+00,1.765290302145368362e-01
9.823828916271252210e-01,9.158642890749835175e-02,-4.308566153105565337e-03,2.059895978437219277e+00,2.048114237625298983e+00,4.194771930363460299e+00,7.497997348902205039e-02
8.640131799006727231e-01,-7.589933760663386542e-03,3.669963309545642635e-03,1.870099274289712121e-01,6.499745168893502623e-01,4.224668726055442747e-01,4.844701774760188512e-02
9.887708554397985905e-01,1.702708949935773097e-01,-2.572132838523647630e-03,7.436317129078633403e-01,1.225030153203336081e+00,1.500698876257389180e+00,1.343545044166248766e-02
9.429260783894519715e-01,-1.230927989181009735e-01,-2.292479213429451023e-04,5.235805168011997690e-01,1.037487459918009503e+00,1.076380229487123197e+00,2.921919588472378371e-02
3.301420616919573670e-01,1.261866687969406819e-01,-8.453835880043414049e-04,6.676675525542179190e-02,5.848855473197880350e-01,3.420911034635680248e-01,2.085575929527243855e-01
9.826410295073679801e-01,3.346383750646275690e-01,-3.700392076402839615e-03,9.660504454726175361e-01,1.400511262990459471e+00,1.961431797763132145e+00,2.933090681789701087e-02
8.708946030549788997e-01,2.232604422039616288e-01,7.116663219945167833e-04,4.529284367564309077e-01,9.773272884105329572e-01,9.551686286718851226e-01,4.931175515902331413e-02
7.780645564378858570e-01,-1.258308390273094046e-01,3.365777786698285535e-04,2.132798035904519829e-01,6.945478749948217345e-01,4.823967506598225707e-01,5.583714347891861191e-02
7.829173306435402990e-01,1.427777038301197843e-02,6.925320365547458189e-03,3.762097909080044933e-01,9.320495234420583808e-01,8.687163141485682027e-01,1.162967323325593549e-01
9.402682934914228241e-01,4.147943416364479607e-01,8.964408996846444030e-03,6.478329477230874156e-01,1.160098736532735986e+00,1.345829078504850340e+00,5.016318305867569632e-02
6.857061611253243427e-01,8.214466684987928313e-02,-7.647166783179143446e-04,1.460518527397068056e-01,6.306538591028265639e-01,3.977242900012878390e-01,1.056205845218742279e-01
6.596366098226300601e-01,2.128117896563094108e-02,6.554733204382570417e-05,1.209379203915962736e-01,5.311084919351151123e-01,2.820762302055921933e-01,4.020038942239966689e-02
2.312457742868745392e-02,1.135725497962897235e-03,7.724472558902127455e-06,2.109333552818636482e-03,4.848234706021523621e-01,2.350537976467160783e-01,2.308351305410788201e-01
8.913497309731930329e-01,-8.360961442354061801e-02,-2.681513351441525573e-03,6.652962748505266699e-01,1.197087511041853958e+00,1.433018509092381043e+00,1.024259593913278144e-01
6.684327190011745135e-01,1.449385502219730226e-01,1.157841045176023070e-02,4.822702182965474260e-01,1.142461017664803125e+00,1.305217176883697539e+00,3.406767402906027975e-01
9.256662482218580568e-01,1.532836793156751309e-01,-3.245180871789624393e-04,6.463261469677080706e-01,1.171677105764702853e+00,1.372827240173150720e+00,8.017494623773477325e-02
9.939000887898564729e-01,3.960415027322756326e-02,-1.998751041942105171e-03,1.025751412607112778e+00,1.437042239005299038e+00,2.065090396685362872e+00,1.358757147113742562e-02
9.497495252351254580e-01,2.035667720402972170e-01,4.398470369070065118e-03,7.448419788128277652e-01,1.246070061898669534e+00,1.552690599160154061e+00,6.300664153449866967e-02
9.791973094682500101e-01,-7.477191421231310642e-02,-7.785959643044304502e-04,2.725758523453483684e-01,7.465975515272055274e-01,5.574079039464183705e-01,1.225619925572156606e-02
3.243864591066136782e-02,1.979979368511471105e-03,-6.264114726049875646e-05,9.721613053505205951e-03,8.451548729291489259e-01,7.142867592358859152e-01,6.948435331288754790e-01
9.299569254952619879e-01,2.103077143611810362e-02,7.460110961305538475e-03,7.853072799184769304e-01,1.283730777469243911e+00,1.647964709021789487e+00,7.735014918483572310e-02
6.996613793720291019e-01,-8.621667354462975164e-02,-5.155391458405331542e-03,5.499094978791752020e-01,1.298533507813780519e+00,1.686189270915161353e+00,5.863702751568109495e-01
9.943600377396647483e-01,-1.397347738326243649e-01,-1.390066158403807780e-03,7.661122865684668604e-01,1.241015209581126877e+00,1.540118750411688442e+00,7.894177274754735074e-03
9.979400376820266594e-01,1.110066730798684315e-01,-4.040315266753377902e-04,8.663534350143240470e-01,1.317504359357151822e+00,1.735817736925099330e+00,3.110866896451256868e-03
9.957026525142149698e-01,-1.060476479426043089e-01,-3.740148531946435248e-03,8.049830838135747513e-01,1.270885157885722760e+00,1.615149084534218682e+00,5.182916907069195882e-03
1.583301251801227938e-02,-2.415599736647830453e-04,-1.732299378475503955e-06,2.778681421693927033e-04,1.433867644745177028e-01,2.055976422647081206e-02,2.000402794213202579e-02
8.737148931408138530e-01,5.660387557965868011e-02,3.146670632521966944e-03,6.831301705552206283e-01,1.243069238612722449e+00,1.545221131985213381e+00,1.789607908747720966e-01
5.004031336280327924e-01,-4.263601588511745089e-02,-1.041890025373102017e-03,4.648362553961636334e-01,1.449785606971506491e+00,2.101878306181739209e+00,1.172205795389412275e+00
9.336157595394931619e-01,9.070507489949848623e-02,-6.994060580604631941e-03,8.743608829407398808e-01,1.347980185703303357e+00,1.817050581048712088e+00,6.832881516723210424e-02
9.315462665831957256e-01,1.318541184570300728e-01,2.462033085193588485e-03,6.959132416070497040e-01,1.212242618909313396e+00,1.469532167100110920e+00,7.770568388601131748e-02
9.794045305719925043e-01,2.674529916548723518e-01,1.672029938014850392e-02,1.840937555412755167e+00,1.946529112084362190e+00,3.788975584191935475e+00,1.071004733664250447e-01
8.564927139204525641e-02,-4.822185604714257501e-04,-9.921606280346658997e-05,4.305896957701973310e-03,3.779520781961519527e-01,1.428477734127901744e-01,1.342359794973862208e-01
8.039433270885836258e-01,-8.394759706148099965e-02,-2.400458214957560277e-03,4.727467353563017949e-01,1.047710466654614203e+00,1.097697221937629530e+00,1.522037512250258573e-01
9.815855015325636312e-01,-3.229329507029273794e-01,3.637757855221335733e-03,1.737836532580387949e+00,1.876825997300502147e+00,3.522475824143024514e+00,4.680275898224878911e-02
8.543340003325202714e-01,1.089139661762493216e-01,-6.283905254689796382e-03,7.870050637559656836e-01,1.358757318589906227e+00,1.846221450821631693e+00,2.722113233097002705e-01
9.566647980296415499e-01,-4.038253979534249805e-01,9.632887152254790072e-03,1.615548771238802361e+00,1.827956300117605126e+00,3.341424235139643706e+00,1.103266926620388305e-01
9.704589366933737971e-01,1.120596301945639556e-01,-1.204735833761367962e-04,7.815278808113927944e-01,1.267322657956526433e+00,1.606106719369995162e+00,4.305095774720937157e-02
9.784460455653306576e-01,5.612834178901061899e-02,8.863232270697501275e-03,1.505146434579090808e+00,1.749151748242749438e+00,3.059531838380666890e+00,4.923896922248503782e-02
4.944478543211333621e-01,-3.442228472429009409e-03,-4.329834532463696468e-04,4.244933026953710831e-02,3.888376970216507744e-01,1.511947546251010965e-01,6.629609408602686604e-02
1.790648474738865126e-02,-1.656983817817814231e-03,-2.450239664555662328e-05,7.233488035885441043e-03,1.116350650509420506e+00,1.246238774892806545e+00,1.231771798821035713e+00
8.681018708311845078e-01,3.936715396325489169e-01,2.076231814458812802e-02,8.812192652526051884e-01,1.439191320947222019e+00,2.071271658289810080e+00,3.088331277845999256e-01
9.879335863087794767e-01,-2.459713059125184231e-01,1.003765017149336255e-04,7.736164163359825485e-01,1.252568102058766453e+00,1.568926850295100373e+00,2.169401762313540732e-02
9.040065980632467912e-01,6.703626816580418590e-02,-6.382636420799374204e-03,7.039032966231181243e-01,1.284884533502301807e+00,1.650928264433427550e+00,2.431216711871915237e-01
9.788115679296558458e-01,-4.146562617475674783e-01,7.496737917052935442e-05,9.520555168834072823e-01,1.388800941235060593e+00,1.928768054375390228e+00,2.465702060857584768e-02
8.705463058182379976e-01,-2.418071636775095401e-01,-1.429999688625277618e-03,7.070284038213927591e-01,1.275970791744222232e+00,1.628101461384377169e+00,2.140446537415918726e-01
1.236962348469197170e-01,5.339590775052818761e-03,2.093915149411834046e-04,1.999468103843819039e-02,3.908430188396351812e-01,1.527582653756794084e-01,1.127689032988030277e-01
1.700635982248810407e-02,2.357940919689126280e-04,-1.764229606366154995e-06,2.738292456825657190e-04,1.415404238547409710e-01,2.003369158497972369e-02,1.948603309361459507e-02
7.271727970314013634e-01,-1.965156458830807917e-01,-5.606657069527711847e-03,5.546079915506370028e-01,1.296461249300980390e+00,1.680811770939058647e+00,5.715957878377845303e-01
8.921274850758804664e-01,-1.651557176041985597e-01,-5.473018037513791186e-03,6.027059582727022358e-01,1.170277977769291100e+00,1.369550545251781326e+00,1.641386287063768545e-01
6.413968261027447326e-02,-6.784058397313330602e-05,-2.290385601627943624e-04,2.906449029105787063e-02,7.918658867489666298e-01,6.270515825967272194e-01,5.689226020146114227e-01
2.441618112067434065e-02,5.611723892337619479e-04,1.233358404004740852e-06,4.254169465739103670e-04,2.139348675276134815e-01,4.576812754405752692e-02,4.491729365090970510e-02
9.559899686860158230e-01,-3.632268406541174222e-01,4.786757784384969294e-03,8.596213148166023110e-01,1.339478455934526302e+00,1.794202533912742759e+00,7.495990427953812263e-02
8.585856840492536168e-01,-2.592196525501461735e-01,-5.737384340575384621e-03,6.571829007982414872e-01,1.228131341323367653e+00,1.508306591540734320e+00,1.939407899442512628e-01
8.385897709613163720e-01,-3.870181374661727514e-01,-3.262641946882061626e-03,7.286660658385840650e-01,1.302487093259060424e+00,1.696472628106436176e+00,2.391404964292681290e-01
9.408987668229288337e-01,7.648094518686117116e-01,1.194921835920839323e-02,1.774244990198295513e+00,1.915016809807775111e+00,3.667289381846348117e+00,1.187994014497572581e-01
9.375882542946681886e-01,3.477657411398880072e-01,1.533967423933930811e-02,9.116755400673015597e-01,1.385076740958464114e+00,1.918437578344120320e+00,9.508649820951732556e-02
8.470468429902748841e-01,8.233196586425590990e-02,-1.276484918744666972e-03,4.414471894754657955e-01,9.814665941726293807e-01,9.632766754768208317e-01,8.038229652588943508e-02
9.755938225389093610e-01,-2.519601798776931190e-02,9.840127423695959556e-04,8.916009382315401854e-01,1.348475843119705475e+00,1.818387099477400293e+00,3.518522301431996346e-02
9.885808477206651235e-01,-1.173416125466359428e-01,-3.261139170202933049e-03,1.097330301600306202e+00,1.492774741272477890e+00,2.228376428181113145e+00,3.371582498050134519e-02
9.887246620753264992e-01,-1.892336553105470887e-01,-1.543281927698649317e-03,9.242990990152658570e-01,1.369622537588049749e+00,1.875865895469128963e+00,2.726769743859728742e-02
9.979717826668409453e-01,3.500109546716187459e-02,6.369974113727040624e-04,8.817497960163678261e-01,1.329485631974620441e+00,1.767532045626955872e+00,4.032453594220354424e-03
1.310341214614463290e-02,-1.273132430123780079e-03,-2.118419389505474878e-04,1.911207493416292036e-02,1.642720216072214745e+00,2.698529708292343621e+00,2.660305558424017836e+00
1.522012940235240031e-03,-4.061544378192172289e-04,1.528699741312594380e-04,3.171222816970314332e-03,1.823311881797348377e+00,3.324466218303387510e+00,3.318123772669446581e+00
9.502025039743206003e-01,2.598276883327398923e-01,1.834904915687073741e-03,8.165389746746961608e-01,1.326471384114471075e+00,1.759526332874560728e+00,1.264483835251686561e-01
8.924434846843278812e-01,-1.521645665562169625e-01,-5.031495545305899805e-03,6.555525715844400247e-01,1.204594388061974275e+00,1.451047639750402407e+00,1.399424965815225796e-01
4.827102362364377175e-02,6.576650451680904341e-03,3.477952281865307870e-04,4.769976365343218255e-02,1.434136425508478307e+00,2.056747286970235233e+00,1.961347759663371049e+00
5.561636009942749759e-03,8.645166998996201002e-04,8.378692084882518470e-05,3.097949666408907673e-03,9.875377772946253296e-01,9.752308615840090678e-01,9.690349622511912342e-01
5.185369966261124119e-01,1.380549117956088867e-01,1.933934312260579547e-02,2.781390814928206279e-01,1.008617441763015377e+00,1.017309143828569740e+00,4.610309808429284839e-01
8.815916131406855705e-01,-1.444322761862906201e-01,-4.434504064887810973e-03,6.235372805978297572e-01,1.193514685674735398e+00,1.424477304921262233e+00,1.774027437256026907e-01
6.969561359389786492e-02,6.479927175474908818e-03,2.874332402873527634e-05,2.835024722543867323e-02,9.214277577811359476e-01,8.490291128095717177e-01,7.923286183586943920e-01
5.389752835425503097e-01,9.590011645684948238e-02,6.407888120845444584e-04,2.337118274084492020e-01,8.264944667472909900e-01,6.830931035638888593e-01,2.156694487469904553e-01
9.813114269448801608e-01,-3.375992844078772731e-02,6.037114200462984429e-03,1.651963928364763357e+00,1.831078875106248338e+00,3.352849846860364025e+00,4.892199013083741582e-02
8.243053141869927103e-01,2.190779252072562744e-01,7.938407557770614173e-03,1.622724716119158028e+00,1.992138073007513110e+00,3.968614101926087656e+00,7.231646696877717106e-01
3.883204807040396833e-02,-1.777794935431641632e-01,-6.016512252670317830e-07,1.683240574931295407e-03,1.961638908978695917e-01,3.848027209219128525e-02,3.511379094232869313e-02
9.956583932713756191e-01,1.966171926043989993e-01,2.738021750522723926e-04,8.168175189607176367e-01,1.281632034005030008e+00,1.642580670587870495e+00,8.945632666435230154e-03
6.024417478892359901e-01,-7.367324546014651643e-02,1.614291803848113410e-02,5.013491147951294469e-01,1.315987417564623785e+00,1.731822883188407269e+00,7.291246535981483756e-01
9.488733414341581351e-01,-2.351124612224608432e-02,-6.219591783796736724e-03,8.686929712384714453e-01,1.369299144717175842e+00,1.874980147723189328e+00,1.375942052462464649e-01
9.478111961186939105e-01,1.844523741137976680e-01,-6.865883801745316546e-03,7.083405893766393513e-01,1.219875952049635615e+00,1.488097338389005042e+00,7.141615963572649217e-02
9.624559253712439144e-01,-4.910056015524619233e-03,-3.982045994895159341e-03,5.994918460817089123e-01,1.112144000531536392e+00,1.236864277918290123e+00,3.788058575487237428e-02
9.857989958143469345e-01,-1.478922366335189698e-01,1.889197060174741720e-03,7.546274145188752724e-01,1.239558752443341350e+00,1.536505900758893040e+00,2.725107172114251894e-02
9.592821010803429527e-01,3.340683810814024102e-01,-1.364190855750701354e-03,1.987195079130799291e+00,2.038883322573323831e+00,4.157045203067636585e+00,1.826550448060379472e-01
9.411213481637847877e-01,-2.051294284361008524e-01,6.923705899523606259e-03,1.175363516875090664e+00,1.558528017412670330e+00,2.429009581060268985e+00,7.828254731008696399e-02
5.843246893035267675e-01,-1.467931258199392519e-02,-9.779049998387950166e-03,6.435608921697714147e-01,1.440541411326223598e+00,2.075159557745748007e+00,7.880377734062051776e-01
9.584511588677389060e-01,1.078391217859125950e-01,-5.708359969340575562e-04,9.860767220374431208e-01,1.434306849477209989e+00,2.057236138457239960e+00,8.508269438235378790e-02
9.613683280726974534e-01,5.637203562722262751e-01,-2.712793873635887826e-03,2.123854648724580851e+00,2.094375533949913493e+00,4.386408877207985668e+00,1.386995797588237156e-01
8.167234987572027372e-01,-4.763930997388884925e-02,1.607162195287817688e-02,1.550261566292435722e+00,2.022177522860302723e+00,4.089201933961430058e+00,9.886788013765587246e-01
9.911524266246247716e-01,2.025796984084265173e-01,4.711296250455449149e-03,8.718031738258592567e-01,1.326641524793252591e+00,1.759977735305766178e+00,1.637138765404762969e-02
9.800885415306276327e-01,7.278489347151370636e-02,-8.485414152636618773e-03,1.064668894697095247e+00,1.470130546962578055e+00,2.161283825112488621e+00,3.194603571829793959e-02
2.731355683901703912e-02,-3.302595607840644321e-04,-3.264595932188191999e-04,2.501330757242876610e-02,1.266095650063225442e+00,1.602998195109021529e+00,1.552971579964163906e+00
1.062400812392638727e-02,-1.433575721834945416e-03,-8.883238711886132257e-06,1.062156149690522862e-02,1.174138745679134788e+00,1.378601794104972189e+00,1.357358671111161375e+00
9.217726407572890412e-01,-2.142024709197493104e-01,-2.032233152042375521e-02,1.227147196052599698e+00,1.617505220447756686e+00,2.616323138175745910e+00,1.620287460705464033e-01
9.293354972382745771e-01,5.269977299416277461e-01,1.340108558700945154e-02,9.449742882408159739e-01,1.417646960668584200e+00,2.009722905092874434e+00,1.197743286112426114e-01
9.427844987682308942e-01,4.155848555764035668e-03,1.159004077375312344e-02,1.894534844489224490e+00,1.985869913946155307e+00,3.943679315116510598e+00,1.546096261380613124e-01
9.691828867456983021e-01,-2.081276018185670429e-01,8.723685224360192003e-03,1.906029723192285363e+00,1.977155057662308923e+00,3.909142122039647838e+00,9.708267565507767982e-02
8.979225123786243046e-01,-1.955047656724254179e-02,1.765998321176398805e-03,9.023731753702286529e-01,1.410749078279219360e+00,1.990212961865666985e+00,1.854666111252097349e-01
9.875614880961655073e-01,-1.001943003783909658e+00,2.588467544905893956e-03,1.749546641147784909e+00,1.877732914065448178e+00,3.525880896564720146e+00,2.678761426915091462e-02
9.780549469511529148e-01,-4.045470339931241388e-01,9.092413739868293945e-03,1.772908908804062600e+00,1.893010095042904961e+00,3.583487219934347934e+00,3.766940232622316420e-02
9.627103843188318244e-01,5.834444642166439765e-01,1.132590421991237252e-02,2.059817689655178086e+00,2.052137527520268900e+00,4.211268431857002170e+00,9.163305254664554089e-02
9.766367836451470552e-01,3.288631440862009869e-01,-2.490873413472338184e-03,1.010093878089123764e+00,1.443401605538088939e+00,2.083408194869933006e+00,6.322043869168539332e-02
4.191913745745179387e-01,-3.011015829482456274e-01,2.195738427570056994e-02,3.521051202340035879e-01,1.295545039573440027e+00,1.678436949563346214e+00,9.742267090953392605e-01
9.113184139590496669e-01,3.653085258044812544e-01,1.708615738148597067e-03,1.036020847365494824e+00,1.486499502257466965e+00,2.209680770211697176e+00,1.376390754807075012e-01
2.337884981648363780e-02,2.011159285892294424e-03,-3.626941470178319301e-04,2.572462098798244251e-02,1.290334983419026083e+00,1.664964369434978497e+00,1.613515127459013598e+00
2.586146090514662710e-03,-3.435799658942362278e-04,-1.187562498713900273e-05,2.873107233820586769e-03,1.405593202399286534e+00,1.975692250631081448e+00,1.969946036163440217e+00
6.476911936212390586e-01,-5.814869960216709210e-02,-8.151683355932884140e-04,3.095799107801614491e-01,9.336872550320041153e-01,8.717718902091987632e-01,2.526120686488758649e-01
9.810354503350869892e-01,3.512233794375156926e-01,-8.381668290021314360e-03,1.409213046727410878e+00,1.689682163786294211e+00,2.855025814617532909e+00,3.659972116271088122e-02
1.509603625762878654e-02,1.762989781219248542e-03,-1.733129366072333770e-04,2.718285688872730879e-02,1.822265015914683373e+00,3.320649788226540888e+00,3.266284074449086638e+00
3.077077158998520190e-03,-9.610106179155919470e-05,-2.084245385422601256e-05,3.807609397648876494e-03,1.288069473822737843e+00,1.659122969393984626e+00,1.651507750598686819e+00
9.482932057879083221e-01,4.847842675530760759e-01,-1.077323763616085638e-02,1.303172736183655589e+00,1.645637135772900272e+00,2.708121582634834823e+00,1.017761102675241586e-01
6.962263737481002579e-01,-1.557060854732301991e-01,1.468455508285507714e-02,5.390435954982105704e-01,1.224950911651902175e+00,1.500504735956826208e+00,4.224175449604051780e-01
8.527774163854421330e-01,-4.843763673900607081e-02,-4.380111385283828179e-03,8.324106911240124473e-01,1.388983891618164490e+00,1.929276251174740775e+00,2.644548689267157693e-01
9.760587366521310537e-01,1.399743198093731100e-01,-7.763947223588777043e-03,1.398584034325722314e+00,1.692912200736555572e+00,2.865951719402687559e+00,6.878365075124312500e-02
8.667129816251513130e-01,-2.134760879848378590e-01,-5.143505239693825157e-03,9.144952140208814084e-01,1.423114492370143092e+00,2.025254858393930046e+00,1.962644303521674238e-01
9.207058723862335814e-01,-5.155018372881270405e-01,-2.670106284872000770e-03,1.750756317145271801e+00,1.939233557251894835e+00,3.760626789571837936e+00,2.591141552812947224e-01
9.531505501242385492e-01,-8.587387943813172553e-02,2.245241752959345298e-03,8.280896664567373167e-01,1.313270754248867078e+00,1.724680073965388249e+00,6.850074105191365781e-02
9.782429072239721135e-01,2.426766086704938152e-01,-5.923933355067027146e-03,1.329709163929349014e+00,1.641782061827176120e+00,2.695448338537493438e+00,3.603001067879560426e-02
9.784202423067542842e-01,4.735959922878092698e-02,-2.178754338854669670e-04,1.077904152015685346e+00,1.485592117972009740e+00,2.206983940980561609e+00,5.117563694919064626e-02
7.345497256947597364e-01,2.028500390263609232e-01,-1.218562515733631439e-03,4.880893419378890541e-01,1.102206249176628461e+00,1.214858615724012214e+00,2.386799318482340504e-01
9.596348202275836181e-01,2.786248054717400668e-01,1.827750150490192738e-03,8.705104922222701713e-01,1.337163156569518119e+00,1.788005307286957501e+00,4.698432284241716578e-02
9.729310687804179070e-01,3.070602825626419508e-01,-2.560208467428441020e-03,1.106687036880680486e+00,1.505743866855289159e+00,2.267264592572318715e+00,5.389051881095791724e-02
9.250024528488648423e-01,3.637671908661097020e-02,-2.633271706768526566e-02,1.949962634688939822e+00,2.067216174185640298e+00,4.273382710814716212e+00,3.734574414368373452e-01
9.776377053808993356e-01,3.763782477416452998e-01,9.892822149398386791e-03,1.175151362224644114e+00,1.547032659466614168e+00,2.393310049456344846e+00,4.300732500705670841e-02
9.403922940044535661e-01,-3.697714888434566194e-01,-1.063464814662812112e-02,1.545299110781188867e+00,1.800207214670562328e+00,3.240746015751943876e+00,1.501477941895661417e-01
9.456675392567936989e-01,-2.665868792695224587e-01,-4.499100580827142259e-03,8.730246301475398374e-01,1.359736917539027701e+00,1.848884484918536852e+00,1.028352246234571638e-01
9.895332833094045988e-01,1.328233955942904609e-01,-8.239796381437812728e-04,8.001287112795729684e-01,1.271819095801227650e+00,1.617523812444652265e+00,1.726638988550626211e-02
9.857990886842145084e-01,-1.139560863186041550e-01,1.505169558342979051e-03,9.004365633631757904e-01,1.351330752850376182e+00,1.826094803599164429e+00,2.522167687281274759e-02
9.044037374357394299e-01,-2.364003882540632873e-01,-9.072994449925594201e-03,6.666194936243237112e-01,1.218353951562476611e+00,1.484386351287901640e+00,1.511473640392542728e-01
9.718287879940236129e-01,3.019207177707705636e-02,1.727625994146581891e-03,8.046368970343827920e-01,1.286649927813625860e+00,1.655468036742808513e+00,4.619424267404276946e-02
8.503047433125952015e-01,8.713059889596488916e-02,-3.118539383094809381e-03,6.790810933366275837e-01,1.256414321358464647e+00,1.578576946914651113e+00,2.204147602413959739e-01
9.833288483652274925e-01,-1.022843621685137344e-01,5.171430511871515090e-03,2.156233391437976543e+00,2.090259079026520528e+00,4.369183017452797912e+00,5.671623457684536740e-02
9.878678582558129140e-01,1.245223536216488736e-01,5.500139078490490392e-03,1.252487086639137992e+00,1.589934378807947191e+00,2.527891328915412572e+00,2.291715563713648748e-02
7.670088941770768498e-01,-1.219950680554998390e-01,-2.793984466710489490e-03,4.812632874316051246e-01,1.103851682764208642e+00,1.218488537541374983e+00,2.559619626781647894e-01
9.203066660814472888e-01,1.649709863573421142e-01,-1.686897329158878458e-03,7.285751561022442147e-01,1.251899655540625655e+00,1.567252747542737357e+00,1.101024353382490245e-01
9.874659799995728626e-01,-8.713126310702269672e-02,-5.704017368321400100e-04,1.871068420867220139e+00,1.944257989861853941e+00,3.780139131141656783e+00,3.800228940721652598e-02
7.663406059930901737e-01,-6.475264551680584568e-02,-1.515164273403713652e-02,1.179833528199965009e+00,1.633986074732928673e+00,2.669910492421123660e+00,3.102434360211935305e-01
9.538129753847336412e-01,1.506671351246336998e-01,1.528627160016328076e-02,8.774792365124658433e-01,1.344918429966188489e+00,1.808805583262717676e+00,5.384711023778605138e-02
8.210366642069104604e-01,2.518501920374074943e-02,-3.948792256617988591e-03,6.149010279523922096e-01,1.193639839933701596e+00,1.424776067476952512e+00,1.949740115721682598e-01
9.522726818756738210e-01,2.426519372729409041e-01,1.419935777066375603e-02,9.689099853725361422e-01,1.431091762532102685e+00,2.048023632787240089e+00,1.102036620421677215e-01
8.321470377787985040e-01,2.670453075994139724e-01,8.844783080496080446e-03,6.196175980124311033e-01,1.195058545071708389e+00,1.428164926148908442e+00,1.889297301240460414e-01
8.987643269365231946e-01,1.795050304428468246e-01,2.866681509709773437e-02,7.398118923977642369e-01,1.305086283698170702e+00,1.703250207897102353e+00,2.236264231015738790e-01
9.783368841455849507e-01,2.826638620270287561e-01,-1.460637800783279620e-03,7.974659196770957914e-01,1.281052683348440802e+00,1.641095977514240634e+00,4.616413816004892590e-02
9.772163401671194460e-01,2.666250993596819274e-01,7.563472971945674021e-03,2.335895067783028356e+00,2.189421249413569193e+00,4.793565407383673538e+00,1.217752718176159932e-01
9.719930156587661685e-01,3.258992713997597296e-02,-1.424607574888993658e-02,2.519198794146232157e+00,2.273624149549513973e+00,5.169366773414750149e+00,1.309691851222860304e-01
1.050964762901366312e-01,-5.864452302255560023e-03,-5.275846692493721922e-03,2.871513898418279753e-01,2.282370450331906664e+00,5.209214872548271202e+00,4.634912092864615474e+00
5.380974911053715282e-03,6.171159108399743021e-04,-1.004997058785100770e-04,9.447175674430608946e-03,1.645552886603982357e+00,2.707844302610698861e+00,2.688949951261837334e+00
9.655644012066759707e-01,-7.042705684361484364e-01,-4.615222803722582832e-03,2.216139467588619461e+00,2.128730422572190584e+00,4.531493211984376934e+00,9.921427680713675035e-02
9.295010314281711983e-01,2.119637803034900014e-01,-3.485045497813126208e-03,8.077037419192725221e-01,1.313932652883270658e+00,1.726419016312869426e+00,1.110115324743244508e-01
8.153759116920977768e-01,-3.853025589772141046e-01,4.402105580752292691e-02,7.816025673227594561e-01,1.308318318539889447e+00,1.711696822627043479e+00,1.484916879815247615e-01
1.028802432024145119e-01,5.685694490194626027e-03,2.528627178580013062e-04,5.545281528051519172e-03,2.325301578706750194e-01,5.407027431936104606e-02,4.297971126325800945e-02
2.615714452737005757e-03,-4.411134939740213312e-04,5.788590709810576153e-05,2.105878915651164095e-03,1.083710870063162357e+00,1.174429249893056193e+00,1.170217492061754072e+00
9.596620166316612854e-01,1.764680738783072633e-02,-4.852928399482803776e-04,2.079283441167702140e+00,2.080327470840316995e+00,4.327762385932869549e+00,1.691955035974654076e-01
3.756306606993131680e-01,-5.710501355626455833e-02,-9.177090537095336249e-04,5.385990826390649883e-02,4.784636363745828347e-01,2.289274513327890503e-01,1.212076348049760666e-01
9.441033073630048511e-01,-9.210200873985976977e-02,9.641408156408151370e-04,5.370965562586982323e-01,1.053251370720887259e+00,1.109338449925427961e+00,3.514533740803179457e-02
9.934625870585828133e-01,-2.183513039884437540e-02,1.563306161120630222e-04,7.644276823176445745e-01,1.240068646007315145e+00,1.537770246810415742e+00,8.914882175126615307e-03
9.075782231937842282e-01,1.759497938582095522e-01,3.947560254294256790e-03,7.379445128170403212e-01,1.255139136338607964e+00,1.575374251568826489e+00,9.948522593474602715e-02
7.000767474003262159e-01,1.086885518292741715e-01,1.900298845866736164e-03,4.114348909073174410e-01,1.107938764790273867e+00,1.227528306524997559e+00,4.046585247103627880e-01
6.378782014360162567e-01,-1.149719407088911627e-03,-1.801416315214247844e-03,1.818815343788821870e-01,7.348076982561028148e-01,5.399423534164318195e-01,1.761792846586673900e-01
9.806095937180799860e-01,-4.546801795280518976e-01,2.381522352802054130e-03,1.234996527448908976e+00,1.586812878646435498e+00,2.517975111838187008e+00,4.798205694036878494e-02
6.677679655351325128e-01,2.245964856792573294e-01,-1.177272620689371642e-02,7.082322144422642518e-01,1.432014253926582104e+00,2.050664823448905327e+00,6.342003945643772678e-01
6.384970421391424900e-01,1.530986554974153244e-02,-7.557281040056658405e-03,4.460217982387836844e-01,1.101761118626428448e+00,1.213877562516958886e+00,3.218339660393916279e-01
8.566160785104834918e-01,5.588221887094226015e-02,-4.735207888593771330e-04,5.721669905756072705e-01,1.126893857674735600e+00,1.269889766465047032e+00,1.255557853138324353e-01
8.595064485329291237e-01,-2.554389368577238972e-01,2.086165198288339809e-02,8.653327902775224123e-01,1.382662626135419348e+00,1.911755937711694386e+00,1.810903571566493953e-01
9.785282085346594938e-01,-2.822090461607044132e-01,-3.879304872431839097e-03,2.685992644943036467e+00,2.338166843499862146e+00,5.467024188042108435e+00,9.503889815603697167e-02
9.547923995455490642e-01,2.945159614857869590e-01,-9.896020652225955699e-03,1.579456482242338700e+00,1.804850440071071871e+00,3.257485111024741808e+00,9.857214654006428434e-02
1.195998751804679960e-01,-3.147774281765833640e-03,-4.525005660368024932e-04,3.838160461087886804e-02,7.407219536488574008e-01,5.486690126173799920e-01,4.719058033956221587e-01
9.927344438233627333e-01,2.181884558985431322e-01,3.520893302124834031e-03,7.875408032001058878e-01,1.258181677834462331e+00,1.583021134438342914e+00,7.939528038131393392e-03
3.882754250757858294e-02,9.732702133827264568e-05,-1.233260642002762496e-03,5.460960137772982032e-02,1.599209173239750204e+00,2.557469979774165125e+00,2.448250777018705193e+00
5.034790999883465012e-03,1.675327605962645405e-04,-1.041578339895343460e-04,4.959140798762470131e-03,1.139901664593899300e+00,1.299375804943942558e+00,1.289457523346417389e+00
5.842897553921461151e-01,-1.497187128207917717e-02,6.887388938561505788e-03,2.879863600334172102e-01,9.783547224287734156e-01,9.571779628986822885e-01,3.812052428318478126e-01
1.041576119157161529e-02,1.675306765088035998e-03,1.885414220751713591e-04,1.228384045719151975e-02,1.480156148335093347e+00,2.190862223454178803e+00,2.166294542539795920e+00
2.681047374254896809e-03,3.542524858916873409e-04,4.468137176212090583e-05,3.099553179476568273e-03,1.329884608689808623e+00,1.768593072430045376e+00,1.762393966071092111e+00
6.714613849229837950e-01,1.953910845626879444e-01,2.022254325100361280e-02,1.815635260492053094e-01,7.237119626931630689e-01,5.237590049451902319e-01,1.606319528467796687e-01
8.604446699289003408e-01,-3.662312322504351902e-02,-1.207973998901942098e-02,7.308573813414812603e-01,1.285594585732729112e+00,1.652753438865307345e+00,1.910386761823447410e-01
5.158030220925036158e-01,1.210076955578070351e-02,-7.116216334822915619e-05,3.078769976606320069e-02,3.328785862145108299e-01,1.108081531601715075e-01,4.923275362804511307e-02
8.337992839331409556e-01,-8.198908589949030490e-02,-6.197226841594931888e-03,7.959732953227365293e-01,1.408281163671668113e+00,1.983255835952427937e+00,3.913092453069546561e-01
9.047229304246378057e-01,1.420874498858876178e-01,-6.283430841068824400e-03,1.708007682987954023e+00,1.904081449273797633e+00,3.625526165468605733e+00,2.095107994926978801e-01
9.600376561077643700e-01,-2.233633652897827337e-01,-1.486846693468075846e-02,1.818898009154804374e+00,1.935143154441082647e+00,3.744779028180184266e+00,1.069830098705757404e-01
7.856147083969250433e-01,1.231786375811201040e-01,-1.069476861893834188e-02,7.578714403661673815e-01,1.383934122601593097e+00,1.915273655701041244e+00,3.995307749687062593e-01
6.939363605444446303e-01,-5.011672539791144354e-01,-2.700541682343578654e-03,6.301610899695426760e-01,1.333906118539601726e+00,1.779305533077385926e+00,5.189833531383007958e-01
8.859978210608354665e-01,-3.760629417226268867e-02,-5.783663502330203994e-04,1.044105819088356535e+00,1.524517317789651383e+00,2.324153052240552686e+00,2.359414140638398105e-01
6.084009875027283076e-01,2.593351292089202120e-02,-1.010606841489334468e-02,8.383400857673976025e-01,1.505733934519493555e+00,2.267234681563554233e+00,5.905545100287592497e-01
9.606972299192837461e-01,1.330747097643733001e-01,-5.179447162341658563e-03,1.657935773886809905e+00,1.855252332320599828e+00,3.441961216581025607e+00,1.260896688074059913e-01
9.905430445118771354e-01,-3.401701902497438756e-01,2.364344596646461832e-03,2.159133856806089380e+00,2.083724699929201840e+00,4.341908625095041607e+00,2.364091148286254912e-02
9.593960516407218364e-01,1.356010612954208772e-01,2.323882023940574901e-02,1.137992887114672280e+00,1.536026148641220779e+00,2.359376329309581521e+00,8.339055508023675289e-02
5.669665023553520644e-01,6.517163647847733221e-03,-1.230019268886377954e-03,1.540339234231673515e-01,7.254190846809985826e-01,5.262328484194178646e-01,2.181650015730831338e-01
8.624595694496730580e-01,1.611474887481671170e-01,-1.725709570406631921e-02,2.753782770742978059e+00,2.438912729252443512e+00,5.948295300909603789e+00,4.407297594236481153e-01
3.103264046033883394e-01,3.249306645272179161e-02,1.076355443181982300e-04,2.363255266974756963e-01,1.157496901756019714e+00,1.339799077574784780e+00,8.671480241798334987e-01
4.329952058716779462e-03,-7.368793684179447689e-05,-1.056882264165629837e-04,4.911193715074331674e-03,1.370642932531089597e+00,1.878662048497425019e+00,1.868839661067276392e+00
6.912694989469949647e-01,-1.201248964041563838e-02,-2.198619570789569003e-03,1.637006010035129688e-01,6.770181510532508051e-01,4.583535768555623835e-01,1.309523748485364736e-01
9.711953559182617823e-01,1.461539192260151998e-01,-3.230428428097172544e-04,8.224348163728075756e-01,1.298688270768769026e+00,1.686591224632375319e+00,4.172159188676005659e-02
2.319677024616416672e-01,1.169314599102877494e-02,-8.216255214995178344e-03,3.265977165916429392e-01,1.414402486730486075e+00,2.000534394469382526e+00,1.347338961286096870e+00
7.808800726281067695e-01,-2.155973619552402631e-01,-5.474080984945201879e-03,8.349711974775155809e-01,1.456646014414852974e+00,2.121817611310675922e+00,4.518752163556444823e-01
6.790534111465884592e-01,1.388743866413407191e-01,1.848297297368880869e-03,6.158635280028781356e-01,1.336830486762891956e+00,1.787115750338710507e+00,5.553886943329544579e-01
8.988601007670052878e-01,9.864680984419484100e-02,-9.954362938002688996e-03,7.436323981566134167e-01,1.274701293664995960e+00,1.624863388071214221e+00,1.375985917579873319e-01
8.298376298727349054e-01,2.804996384551573518e-01,-1.279692994420149506e-02,1.061329903116490225e+00,1.582238291206055525e+00,2.503478010158658229e+00,3.808182039256778895e-01
6.831657484208256692e-01,3.352248198825433234e-02,-1.352509940507036837e-03,2.788838187485604969e-01,8.857503671482691576e-01,7.845537129032936763e-01,2.267860754061727657e-01
7.014081597388005518e-01,8.417028563426728893e-02,3.716279724289343195e-03,5.874943624148032395e-01,1.283957051586597897e+00,1.648545710318949586e+00,4.735569854893428299e-01
9.276522855665035872e-01,-4.222567495505756274e-01,-1.009268518737662648e-03,1.979714576569015172e+00,2.044943414681417160e+00,4.181793569248894116e+00,2.223644161108641881e-01
