trH,D,Q,V,sigma,W,C
9.964202349055658603e-01,-2.153096391319997416e-02,-2.353009426792851096e-04,2.536394137628924725e-02,1.508430262645494402e+00,2.275361857264755372e+00,2.224633974512176593e+00
9.920853216967456811e-01,-5.391561859619971031e-01,1.370724429591301148e-02,1.211872702573501687e-01,5.202928685900772621e+00,2.707046691056914511e+01,2.682809237005443848e+01
9.886885721278587669e-01,-2.004100603991539609e-01,1.264817716877633322e-02,1.044749625953504679e-01,3.423274133583930290e+00,1.171880579366480823e+01,1.150985586847410858e+01
9.964199366919702650e-01,9.438996407366784247e-03,4.771957734058359301e-04,5.975267769888741726e-02,3.667644564297126930e+00,1.345161665001826101e+01,1.333211129462048561e+01
9.982701625645272747e-01,-1.648979960612064755e-01,1.841260346149884569e-02,1.730520011094223154e-01,3.866647893272103342e+00,1.495096593054559619e+01,1.460486192832675201e+01
9.703930893916431488e-01,-2.190663574546771741e-01,1.422063003975225504e-02,1.637216545148070523e-01,3.152882767411117282e+00,9.940669745037986615e+00,9.613226436008373454e+00
9.608228381889392100e-01,1.569236679356267317e-01,4.277235736325556842e-03,7.335163751186400682e-02,2.825115610064257154e+00,7.981278210228738956e+00,7.834574935205011137e+00
9.827553964801586384e-01,-2.513964017940225615e-01,3.902263244165411066e-02,1.125996723117956150e-01,3.128736276757453805e+00,9.788990689498094255e+00,9.563791344874504219e+00
9.749425115172619671e-01,-5.011205633774244994e-01,8.315096316266418555e-03,1.446072121061858229e-01,5.003728846285778964e+00,2.503730236715241375e+01,2.474808794294004244e+01
8.977381584131971515e-03,-8.793352747160767535e-01,1.781611934875986739e-03,3.038550242690102928e-03,2.455775916649344737e+01,6.030835352794929349e+02,6.030774581790075217e+02
9.286779853159061737e-01,-3.227414739210525685e-01,1.523385089619271916e-02,9.778899731156637243e-02,4.619267144273656811e+00,2.133762895016610628e+01,2.114205095554297387e+01
1.613154411796580145e-02,-1.873576347082565263e+00,4.170777824889859188e-03,5.258940291447112246e-03,1.601557869899961162e+01,2.564987610638500541e+02,2.564882431832671728e+02
9.749246065721156596e-01,-1.159296746613640572e-01,5.951362798210624305e-03,1.176140627353472468e-01,4.881752738826614646e+00,2.383150980304115407e+01,2.359628167757045958e+01
9.075722013623499507e-02,2.469005091153222975e-02,6.138381096486390104e-03,2.114141057235614796e-02,4.353148959047117295e+00,1.894990585965300411e+01,1.890762303850829085e+01
1.123490512232150351e-02,8.562859689749124925e-04,1.315931862551579967e-04,8.892064929481634326e-04,8.340672865402828151e+00,6.956682384766702398e+01,6.956504543468112445e+01
8.266779768404552975e-02,-5.839112106172645866e-01,6.942682597918021017e-03,8.268031856181140213e-03,4.882921749967765734e+00,2.384292481630826543e+01,2.382638875259590350e+01
8.566543983429162346e-01,1.221572391038119321e-01,5.739229106216166276e-03,3.690799860600767895e-02,2.570969450865244976e+00,6.609883917282339816e+00,6.536067920070324000e+00
9.938092389764605628e-01,2.064295129048745459e-01,2.161210383061266602e-02,8.901076190054453552e-02,3.250833536038619798e+00,1.056791867903335636e+01,1.038989715523226565e+01
9.694871914234177712e-01,-1.101277405351979155e-01,2.084654700089812532e-02,1.312500587511905847e-01,3.311086164189037451e+00,1.096329158668407366e+01,1.070079146918169144e+01
9.747093860177533653e-01,-6.475020062422502942e-01,3.639559888050264425e-02,1.622002341666295977e-01,2.504796578329300250e+00,6.274005898810171011e+00,5.949605430476911927e+00
9.557780314459154436e-01,-1.629432290289878349e-01,3.915797654755656665e-02,6.670386266413688703e-02,2.727518123275674444e+00,7.439355112797256808e+00,7.305947387468983756e+00
7.258556599952945554e-01,5.389299556872817476e-02,1.693685937714959830e-02,1.129972070383657018e-01,5.660785137433660630e+00,3.204448837218983215e+01,3.181849395811310188e+01
9.116211894453791764e-01,-2.723863251691702736e-01,1.466368665218270410e-02,9.167894100811407876e-02,4.077701514181936382e+00,1.662764963876165680e+01,1.644429175674542876e+01
9.665467387091927209e-01,1.877132183281569056e-01,3.168290940223338764e-02,1.424472855569246521e-01,3.880758018477330040e+00,1.506028279797609315e+01,1.477538822686224229e+01
9.014362221011830156e-01,-6.951067446059711052e-02,1.918155032906551649e-02,4.738775974756229137e-02,2.944328472250196338e+00,8.669070152503175919e+00,8.574294633008051392e+00
8.406141873068521120e-01,1.697863799346297498e-01,2.048678983693243486e-02,4.096590028527500454e-02,3.703719610065690393e+00,1.371753894998514944e+01,1.363560714941459828e+01
8.223909585402809919e-01,-1.394964384341754737e-01,5.879915885501042598e-03,3.506323069840969892e-02,3.145244187125060709e+00,9.892560996643982918e+00,9.822434535247165144e+00
9.327242695153948882e-01,-4.568492936840984342e-02,8.367813933525187695e-03,6.096469050427318070e-02,3.813763787291570839e+00,1.454479422525654542e+01,1.442286484424800008e+01
9.921747751122288461e-01,-1.385780872002406738e-02,1.362283792671322054e-02,9.201685762213911157e-02,3.536558571233332060e+00,1.250724652776394841e+01,1.232321281251967093e+01
8.560810093083487393e-01,-5.981037696321839237e-01,8.691904876897624255e-03,1.841305453579753504e-01,3.716796529387818460e+00,1.381457644086933279e+01,1.344631535015338208e+01
9.975523484030521804e-01,-2.172648122726217323e-01,2.156035292942090967e-02,1.137959631592594667e-01,3.285873505697244568e+00,1.079696469544310133e+01,1.056937276912458223e+01
9.976022547804059837e-01,-3.877447807185467887e-01,7.413119097127689183e-02,1.639840475196288894e-01,4.399011695938224165e+00,1.935130390100129105e+01,1.902333580596203433e+01
9.887968391025085957e-01,-6.708600977914533914e-01,1.440412943729701446e-02,1.401549959666025802e-01,4.952197612278795624e+00,2.452426119105980362e+01,2.424395119912659879e+01
6.776505144812010606e-01,-2.862275528172939509e-01,1.114327534196702871e-02,9.934668750816265381e-02,3.459761688419434655e+00,1.196995094065489873e+01,1.177125756563857273e+01
5.401427955708012485e-01,-1.116776836780077886e-01,2.582532511246885334e-02,8.142839402804721849e-02,3.773734793878394278e+00,1.424107429452840634e+01,1.407821750647231163e+01
9.211303682484783817e-01,-9.393387172310085909e-02,5.714046315928343785e-03,5.096213993656991542e-02,3.254823095985967640e+00,1.059387338616368091e+01,1.049194910629053901e+01
9.922441955487995013e-01,1.400815593137567650e-01,7.523667079598388152e-03,7.600021667340441101e-02,3.169673443249316769e+00,1.004682973683997993e+01,9.894829303493171579e+00
7.829562871449390338e-01,5.742257474127199224e-02,9.403346215832403959e-03,6.754991965025634870e-02,3.258368456923432355e+00,1.061696500107358965e+01,1.048186516177307581e+01
9.809805652054877090e-01,-4.024841814584251276e-02,2.241969576607969264e-02,5.404001779206693556e-02,3.424750207491709109e+00,1.172891398371450400e+01,1.162083394813036996e+01
9.965262284495144396e-01,-5.463703024223964810e-02,2.514485368553662312e-03,6.818819999980023361e-02,3.377545376828167356e+00,1.140781277253332604e+01,1.127143637253372610e+01
9.434030312603089996e-01,-6.464349183982107672e-01,5.427878493603048582e-02,2.248067514021400704e-01,3.782264607844922022e+00,1.430552556375630147e+01,1.385591206095202033e+01
9.763957228768330721e-01,1.065480420037445697e-01,3.750426285371617069e-02,1.187385013264169870e-01,3.671976809995080249e+00,1.348341369314164595e+01,1.324593669048881139e+01
8.203994677075822084e-01,-8.828227187505088835e-03,8.038597414194232488e-03,2.947005447259996511e-02,3.298634259294233484e+00,1.088098797658961558e+01,1.082204786764441451e+01
8.256415272129890015e-01,-2.195371075653780313e-01,6.825898695788033474e-03,2.989711874396056360e-02,2.620771205852413299e+00,6.868441713425111672e+00,6.808647475937190663e+00
8.866564765539075577e-01,-3.444844467275220978e-02,5.689968082094450270e-03,5.371988964136451689e-02,2.899513484634017590e+00,8.407178447574503721e+00,8.299738668291773536e+00
9.057110324362152021e-01,2.708853242350626189e-01,6.588676516649942354e-03,4.039702080111298027e-02,3.118532523319620609e+00,9.725245099002240323e+00,9.644451057400015515e+00
2.141264684868507961e-01,1.057899768886993996e-02,1.946984884036801790e-03,2.165851843221752726e-02,5.669508852506456087e+00,3.214333062864907475e+01,3.210001359178463787e+01
8.404236968064809910e-01,5.890737083019603748e-02,9.585358690285842795e-03,4.028693586634715662e-02,2.525881054387454583e+00,6.380075100913478181e+00,6.299501229180783923e+00
9.880926653670908388e-01,-1.475455753399967929e-02,1.105562596439677719e-02,8.756302610715119283e-02,3.988694788129098168e+00,1.590968611284823275e+01,1.573456006063393176e+01
2.154133765812504819e-02,7.647923701784631323e-03,3.089164748294828591e-03,2.584011669208705151e-03,3.373433085096472439e+00,1.138005077962350420e+01,1.137488275628508738e+01
5.015708219931520606e-01,5.749102363274438687e-02,3.007863280659720667e-03,3.095698664054313473e-02,4.641330780984556093e+00,2.154195141851470652e+01,2.148003744523362002e+01
8.077377471740838644e-01,-1.668608660820758427e-02,2.570990938673200794e-03,3.623508804572105058e-02,2.782275134740477274e+00,7.741054925395141062e+00,7.668584749303699155e+00
9.750818712621706075e-01,-1.184360671343920313e-01,1.176557223708114309e-02,6.074497522477011885e-02,3.115797424285665862e+00,9.708193589185190930e+00,9.586703638735651012e+00
9.136021685360777855e-01,3.657372958448823486e-02,6.199833724097810438e-03,1.115254796066289661e-01,4.875674823430321325e+00,2.377220498383229597e+01,2.354915402461904250e+01
9.547621219526128966e-01,-8.194590376960461664e-02,1.026470777229147174e-02,1.804724014239973695e-01,2.957701228784645586e+00,8.747996558754202567e+00,8.387051755906206552e+00
9.480525635390373296e-01,-2.170857084768476053e-01,9.342964748221981378e-03,8.906557547813638565e-02,2.643754696858415354e+00,6.989438897160931141e+00,6.811307746204658287e+00
3.426539696415378256e-01,2.920301359262156282e-02,3.868100059149514897e-03,3.597213602933245491e-02,4.342841799796318902e+00,1.886027489805813318e+01,1.878833062599946757e+01
9.895667222905223381e-01,-2.260733206885157109e-02,4.197113903769992584e-03,4.310718593596572779e-02,3.068593305731281085e+00,9.416264875978832549e+00,9.330050504106901954e+00
9.933198589212138829e-01,4.921314138371823965e-02,4.222605292013720431e-03,8.858826380327629313e-02,2.784514061919838301e+00,7.753518561029317802e+00,7.576342033422764466e+00
8.221971205799493143e-01,-2.507136053218239624e-02,3.177349193076303528e-03,3.038476862525820929e-02,2.449977400796145233e+00,6.002389264411834624e+00,5.941619727161318920e+00
9.649381176707817476e-01,-8.978612680906379595e-02,5.002961013401198767e-03,6.879407393307329643e-02,2.287286303879673355e+00,5.231678635915536724e+00,5.094090488049389798e+00
8.662582720594446117e-01,2.291905107787428619e-03,1.321357871226460853e-02,4.845715044727602616e-02,2.332879366481587446e+00,5.442326138555532822e+00,5.345411837660980936e+00
9.710712777692597220e-01,-1.399738944360815474e-01,1.183013268644623160e-02,5.910230428002610087e-02,2.237974668957367186e+00,5.008530618894837971e+00,4.890326010334785423e+00
5.434267884947143745e-01,2.717783542931595520e-02,5.014460264223682094e-04,4.103611689112658667e-02,4.122623340483582588e+00,1.699602320750001283e+01,1.691395097371776046e+01
9.328488285554108472e-01,2.533970508779108677e-01,1.638407806010813705e-02,7.871045264573603428e-02,2.447100641922788533e+00,5.988301551698922864e+00,5.830880646407450740e+00
8.789872717722125861e-01,2.282407369478322567e-01,4.300186369340627639e-03,4.086077751221270371e-02,3.079312399913506582e+00,9.482164856261078967e+00,9.400443301236652616e+00
6.757048205000032448e-01,-2.399159622862190311e-03,3.977848700480270984e-03,3.579168212306767932e-02,1.840931606143766164e+00,3.389029178499066486e+00,3.317445814252931502e+00
9.943273731026263107e-01,1.764897707857187026e-01,6.677930126628122375e-03,8.034523691685077629e-02,2.680684376253034351e+00,7.186068725087120690e+00,7.025378251253418860e+00
9.345967168566056138e-01,-3.756888882935447427e-01,1.399135991947894446e-02,1.426309400666516958e-01,4.077556062725396835e+00,1.662646344466864079e+01,1.634120156453533923e+01
7.805655490508560668e-01,-4.989281623565414159e-02,3.778099702859944765e-03,8.688634619737797826e-02,5.982354317384043441e+00,3.578856317872350701e+01,3.561479048632875077e+01
5.112303087999228168e-01,-2.307547103422029622e-01,1.673808779354820156e-02,1.903240926993047741e-02,3.003437591070820645e+00,9.020637363457295166e+00,8.982572544917434954e+00
8.518021791937336884e-01,-4.549856917246419830e-02,1.716283936581371530e-02,2.886968807146798530e-02,2.601318208341336202e+00,6.766856421048179193e+00,6.709117044905243965e+00
8.990317896590622748e-01,-5.295200729346460911e-02,2.972598125418795482e-03,3.745013158318270807e-02,2.652855961278852259e+00,7.037644751292742917e+00,6.962744488126377362e+00
5.753858788049341921e-01,1.670857699090708692e-01,2.587467257525691636e-02,6.087075151546169488e-02,5.739569086908432816e+00,3.294265330339489850e+01,3.282091180036398015e+01
5.393370880504453346e-01,1.761936199156486360e-01,3.218977694140297274e-02,1.027254482151973985e-01,6.623100834987464047e+00,4.386546467041164021e+01,4.366001377398124816e+01
8.974501389193361156e-01,-7.719975737195223786e-01,1.177189656250936245e-01,1.752021187417378834e-01,5.130033753411095354e+00,2.631724631113713286e+01,2.596684207365365893e+01
5.616933893526044885e-01,2.400694055678531669e-02,2.386923818494461873e-03,3.949353757584064123e-02,6.220912395765139102e+00,3.869975103578435949e+01,3.862076396063267225e+01
5.095441550823995858e-01,4.175996375278323569e-02,3.789466919714082251e-03,2.906075085100808669e-02,6.147014251299556697e+00,3.778578420567985319e+01,3.772766270397783472e+01
7.818372810872922241e-01,-1.188263378070444354e-01,6.125406094356784792e-02,1.084487933607376914e-01,3.044542356787757420e+00,9.269238162274753279e+00,9.052340575553278867e+00
8.636887055918140987e-02,2.127451682354575269e-02,4.974431109718717263e-03,1.112038532138072758e-02,4.937770787323816357e+00,2.438158034814845720e+01,2.435933957750569689e+01
7.056166090235342914e-01,-7.507252271754749628e-02,6.569014553856239273e-03,2.981286139717324521e-02,2.967258483049442841e+00,8.804622905228880470e+00,8.744997182434534722e+00
9.963990405139894202e-01,3.501734385282095907e-02,4.961396323831559520e-03,1.075095651745871655e-01,2.839045495841339140e+00,8.060179327456994613e+00,7.845160197107819755e+00
9.977935494160882213e-01,-1.867476055011536573e-01,3.856456384634717599e-03,7.217631878695851544e-02,2.929930132170946333e+00,8.584490579403260213e+00,8.440137941829341628e+00
9.958250649960298517e-01,5.657889923293890622e-01,1.682124957015782712e-02,1.976842939715364456e-01,4.019114700398153772e+00,1.615328297495653942e+01,1.575791438701346614e+01
1.627826421226918896e-02,4.370311816438210428e-03,1.218908137942428631e-03,1.520807798283477404e-03,7.142548745613597205e+00,5.101600258346637418e+01,5.101296096786980172e+01
9.169335538640320804e-01,-8.139049921586760661e-02,9.869364307088479907e-03,6.304884524584966621e-02,8.043970207483633672e+00,6.470545669888429074e+01,6.457935900839260057e+01
8.473088733534411832e-01,2.500883860050100438e-01,2.835870097670575504e-02,3.410066427890005164e-02,4.206122778943348628e+00,1.769146883154612127e+01,1.762326750298831968e+01
8.127993165224163263e-01,-3.604215962068892942e-01,5.947951996012492554e-02,8.327831951634877272e-02,3.696282811774269650e+00,1.366250662461790100e+01,1.349594998558520409e+01
8.544104101367787640e-01,-9.335038844623877452e-02,1.194484592935187578e-02,3.535741319652816600e-02,2.917300492174859983e+00,8.510642161643680481e+00,8.439927335250624552e+00
9.187916412400519706e-01,7.090876344124863451e-02,1.798516535299402377e-02,5.244576128696006728e-02,3.316891568154043402e+00,1.100176967489139024e+01,1.089687815231746981e+01
7.071730102494993009e-01,5.068563567621708899e-02,1.439732687707774919e-02,3.142070928624760701e-02,3.437489465172357317e+00,1.181633382317093783e+01,1.175349240459844324e+01
4.266804172930749317e-02,1.754396364614940751e-02,7.252768324191366175e-03,1.018932068148519811e-02,4.320637718480682565e+00,1.866791029435795579e+01,1.864753165299498505e+01
2.469717509699265179e-03,4.196563436806854952e-04,1.085602241052965259e-04,2.254309866041313067e-04,1.856107030806510849e+01,3.445133309809362459e+02,3.445128801189630394e+02
7.688141143763811414e-01,2.887679441512400746e-01,2.240885039649870986e-02,9.479494754858014405e-02,5.459177744981173142e+00,2.980262165129772711e+01,2.961303175620056294e+01
8.221158522836208293e-01,2.267976416172046150e-01,1.802938447075485423e-02,8.655617147569950875e-02,2.876843715239565391e+00,8.276229761913384664e+00,8.103117418961984342e+00
9.019986800232394630e-01,1.947849487393114032e-01,1.888536722208225896e-02,1.115141260425741299e-01,3.061327945557899000e+00,9.371728790253746055e+00,9.148700538168599294e+00
5.789119468681751535e-01,9.875531247196001061e-02,1.878401848207587529e-03,4.126744050779690420e-02,5.305002563731783027e+00,2.814305220120079198e+01,2.806051732018519829e+01
9.475251429085175259e-01,-2.372915457257449567e-01,2.219016302563374746e-02,4.912581643902520084e-02,3.195907559790617913e+00,1.021382513072682130e+01,1.011557349784876969e+01
9.855625941666507073e-01,-9.210400256083817183e-02,8.830090423468699851e-03,4.729386223105582626e-02,2.653371117230447052e+00,7.040378285752750820e+00,6.945790561290639431e+00
9.962215062176478231e-01,-9.049464436685927815e-02,7.455194846038182277e-03,6.414099246370241758e-02,2.760208824120776505e+00,7.618752752754200941e+00,7.490470767826796106e+00
9.980692897912838424e-01,-2.254016554456983457e-01,2.393656354685768164e-02,1.364408126364725637e-01,3.972565239117578084e+00,1.578127457904529862e+01,1.550839295377235416e+01
7.840410366299732647e-01,7.566829943285813265e-02,1.126427083629994406e-02,8.662493801977239061e-02,3.353585965396646440e+00,1.124653882730535592e+01,1.107328895126581081e+01
9.926520329474926019e-01,3.086064955563511680e-01,1.329542754764260863e-02,1.033545294245502150e-01,3.287059159882508741e+00,1.080475792056750528e+01,1.059804886171840366e+01
7.084058463880598122e-01,1.251373963573638726e-01,2.920107877847497382e-02,8.337322755895551496e-02,5.214995720704691529e+00,2.719618036696824603e+01,2.702943391185034017e+01
9.482907885672776649e-01,-2.698547099464641552e-01,2.060529211894084750e-02,1.081255460532197232e-01,2.821202788836936648e+00,7.959185175741309237e+00,7.742934083634868792e+00
9.916150699148549297e-01,-1.917703873552201177e-01,7.770541243600662812e-03,8.681875549205762821e-02,2.776448852139504986e+00,7.708668228546775580e+00,7.535030717562659852e+00
9.107420594062828334e-01,-5.042949085406116527e-01,5.432051982767140130e-02,1.238878978077025961e-01,3.324308536179630291e+00,1.105102724371675649e+01,1.080325144810135107e+01
9.968543443236598245e-01,7.826824889484157444e-02,1.234503176290402057e-02,1.065934555551947271e-01,3.410841749904456766e+00,1.163384144289129729e+01,1.142065453178090628e+01
9.347666335681595884e-01,-1.415225725808759716e-01,2.606518683612315049e-02,1.186544263978953490e-01,3.583494650847135699e+00,1.284143391265003409e+01,1.260412505985424403e+01
9.234929107449402208e-01,2.007225066469165986e-01,2.419373543755778608e-02,7.701000124473819652e-02,2.495655646900500901e+00,6.228297107906357155e+00,6.074277105416881817e+00
8.923153611981269329e-01,-1.911282915812462235e-02,1.090645428624558572e-02,7.267162634698888513e-02,4.202119219759397062e+00,1.765780593707132340e+01,1.751246268437734344e+01
9.957608801082991068e-01,8.157185556867330156e-02,1.548487140241354247e-02,1.756076424207476394e-01,3.000938616425123051e+00,9.005632579551530625e+00,8.654417294710036401e+00
3.058185326426888784e-01,4.861225937375346362e-02,7.912121548995268774e-03,2.286104330752421893e-02,3.232711475695925429e+00,1.045042348509612928e+01,1.040470139848108211e+01
9.596975213412684003e-01,2.221395472634091206e-01,3.363185039752131927e-02,7.521916404818333735e-02,3.216295359953779354e+00,1.034455584246020976e+01,1.019411751436384250e+01
9.323702032950247354e-01,-5.380535185441859269e-02,3.051575858836675162e-02,1.306802445502589505e-01,3.979269357605397683e+00,1.583458462037727266e+01,1.557322413127675453e+01
9.628725189227028691e-01,-1.892644815413450088e-01,8.632828080975103735e-03,1.401982273915083343e-01,2.365911017668824279e+00,5.597534943526732754e+00,5.317138488743715641e+00
9.474841451003467308e-01,6.863151549355439585e-02,6.657894120297669360e-02,1.714804158628311370e-01,4.790470230899014581e+00,2.294860503312965605e+01,2.260564420140399378e+01
9.691217223078869569e-01,2.304897171968631753e-01,2.602796942415551082e-02,1.094059710392555479e-01,4.604971591925388630e+00,2.120576336243984628e+01,2.098695142036133277e+01
9.045153070099283266e-01,9.253990100836118060e-02,5.684441144024142585e-03,4.314417615978424075e-02,2.125034638340556725e+00,4.515772214147180996e+00,4.429483861827612223e+00
5.830078314221215363e-01,2.387079763153039380e-01,2.002942830841186392e-03,2.649812176528048430e-02,3.247137574713954589e+00,1.054390242911922293e+01,1.049090618558866161e+01
9.947662133395663853e-01,-6.536520904942740018e-02,2.104210671677831431e-03,3.875800374980247626e-02,3.327052792117750180e+00,1.106928028153851606e+01,1.099176427403891232e+01
9.941812499483689836e-01,6.396432386033001904e-02,5.001381656578833025e-03,3.734819483191341438e-02,2.934298745806104058e+00,8.610109129639274883e+00,8.535412739975447138e+00
9.960108088634634926e-01,-2.279635939453896754e-01,2.796718700960528891e-03,6.537968494117808727e-02,2.591287862398912178e+00,6.714772785815922518e+00,6.584013415933566371e+00
7.189075611384168063e-01,-6.661408808400404169e-02,6.535607728488924267e-03,3.698796900875968297e-02,4.080497341118340060e+00,1.665045855087384297e+01,1.657648261285632429e+01
9.943214117677621200e-01,1.573738024912210709e-02,1.079096595477330297e-03,2.972889183394922599e-02,2.862734887765264968e+00,8.195251037628404234e+00,8.135793253960505567e+00
9.980383378304947817e-01,3.112006518315135750e-02,2.017847431851007341e-03,5.421273504407981420e-02,2.952081308164118401e+00,8.714784050011971317e+00,8.606358579923808705e+00
8.827440134148637485e-01,1.117112162802302855e-02,1.292025923941451590e-03,2.020728342551266210e-01,3.971174542630773185e+00,1.577022724803873110e+01,1.536608157952847620e+01
8.858081319674785403e-01,4.010681021652473532e-03,4.737506451419503176e-03,7.359775364101701911e-02,3.590668152792225953e+00,1.289289778347633586e+01,1.274570227619430263e+01
9.060702993156115603e-01,-2.753899805045212368e-02,8.103087568109229935e-03,3.460606298220109817e-02,3.358135835728379259e+00,1.127707629120313904e+01,1.120786416523873719e+01
9.062494720944541671e-01,3.125526945481427177e-02,3.573041305665209180e-03,4.265825352595537662e-02,2.159227503837265250e+00,4.662263413327307759e+00,4.576946906275397353e+00
9.218796204136039396e-01,7.425280378150578287e-02,7.535399934795980990e-03,5.265350707602082375e-02,3.056772246872476728e+00,9.343856569249808786e+00,9.238549555097765875e+00
5.803593813326499706e-01,6.440184091277934009e-02,2.444379670452193759e-03,4.542223958192425498e-02,4.736783411313914449e+00,2.243711708569868435e+01,2.234627260653483916e+01
6.808660911781720948e-01,-1.176414254925317593e-04,2.689621166455153159e-03,2.784420552921868658e-02,4.052976229749164716e+00,1.642661631891175134e+01,1.637092790785331431e+01
9.660219685264114231e-01,-3.308035784388700939e-01,1.209135310693896723e-02,8.435336433607977524e-02,2.499462103996684892e+00,6.247310809315535174e+00,6.078604080643374985e+00
9.490069715734646971e-01,-2.713026722452052120e-01,2.854672044080275826e-03,6.865138224579395154e-02,2.392101352149739846e+00,5.722148878956613061e+00,5.584846114465024769e+00
9.596530724977283544e-01,-1.060827718297856492e-01,2.790076853498964227e-02,1.111529501323161168e-01,3.179238926615640892e+00,1.010756015250817264e+01,9.885254252243543149e+00
8.645470181759805639e-01,-1.539749920306263675e-01,1.886737059152640214e-02,5.664110517114121640e-02,3.554729137305921327e+00,1.263609923961169912e+01,1.252281702926941698e+01
8.866058994425033424e-01,-8.320611583719828008e-02,4.784233924216768803e-03,3.594152922122441363e-02,2.412486993061573770e+00,5.820093491691273435e+00,5.748210433248825524e+00
9.911140790323061944e-01,-1.942840025940362203e-02,1.076547268868998861e-02,7.977151668066462253e-02,2.653116115619106541e+00,7.039025122957816016e+00,6.879482089596486993e+00
9.893759617312121168e-01,-5.336390089326092934e-02,2.800634738928263392e-03,1.064608729514486402e-01,3.188121410560379676e+00,1.016411812847350404e+01,9.951196382570605792e+00
9.756240083253736595e-01,2.850628919065004707e-01,2.470367898210103566e-02,1.221002142482564418e-01,3.290596514414557916e+00,1.082802542067723905e+01,1.058382499218072681e+01
9.672623073397220717e-01,1.519201829142737825e-01,1.851736618797316519e-02,7.312246948735424967e-02,2.285886506401053175e+00,5.225277120146412990e+00,5.079032181171704075e+00
9.419096270173531460e-01,1.401521773424481421e-01,8.782793293643056595e-03,5.211909429385986475e-02,2.656576398191284216e+00,7.057398159426976569e+00,6.953159970839255521e+00
9.849366405431873028e-01,3.426292371589594321e-01,8.504653998549164401e-03,1.350151555820644500e-01,2.725242205998422929e+00,7.426945081355150968e+00,7.156914770191022512e+00
9.334870465624645064e-01,1.218368046164119978e-02,4.562445718675514107e-03,3.999772889593008335e-02,2.832443750273199168e+00,8.022737598461706199e+00,7.942742140669847295e+00
7.914482638656054059e-01,2.429922230298020569e-02,5.790167017569306830e-03,3.512088190334504423e-02,2.794163172313031573e+00,7.807347833510424273e+00,7.737106069703735045e+00
9.597811225252161904e-01,5.091665469924733234e-01,1.646488189379431352e-02,6.345701949459063573e-02,3.077579924119021815e+00,9.471498189340444185e+00,9.344584150351263219e+00
5.922127868602844458e-01,3.011136717023135678e-02,1.791391649255227305e-03,3.947241491775067834e-02,4.887447238396505966e+00,2.388714050810963130e+01,2.380819567827413152e+01
5.391920947045203416e-01,-4.223679428984383755e-03,3.378704622409383317e-03,2.423069833654215022e-02,3.702258725225239910e+00,1.370671966850641788e+01,1.365825827183333274e+01
6.002043448478480148e-01,-1.687291838814159450e-01,1.731731010974859111e-02,8.272425254034596054e-02,2.919519509834495707e+00,8.523594168304255092e+00,8.358145663223561783e+00
9.267446664777720944e-01,9.381458780446949586e-02,7.867093574251398519e-03,1.631398020622542022e-01,2.344020946292463936e+00,5.494434196657817182e+00,5.168154592533309000e+00
3.811596559465745271e-01,5.478676854100281157e-02,5.649554175914760397e-03,1.612338437248192133e-02,3.322173663420743051e+00,1.103683784992639971e+01,1.100459108118143803e+01
9.252916074970307658e-01,2.125063518664440654e-01,1.582848406043538270e-02,5.393041273645756556e-02,3.298968366821383835e+00,1.088319228528814797e+01,1.077533145981523255e+01
8.913468001625474146e-01,-3.675468521889468931e-02,7.787403269631625871e-04,6.152568547525534559e-02,3.194379441085899884e+00,1.020406001363226700e+01,1.008100864268175556e+01
9.393437150612303776e-01,-3.895437195240614159e-02,1.314436052863398804e-02,7.958711376111093916e-02,2.984922956554762141e+00,8.909765056567621855e+00,8.750590829045398422e+00
9.983043556654240813e-01,-1.773357415755061339e-01,1.371174203887943858e-02,1.235586636657948628e-01,2.713423022726694001e+00,7.362664500263267797e+00,7.115547172931678155e+00
7.321549760580248201e-02,1.779835842630639320e-02,4.050923163442193484e-03,1.957894161727740528e-02,7.882571697569905389e+00,6.213493656733010084e+01,6.209577868409554213e+01
6.005046783346124073e-03,1.930122313115845145e-03,6.733574932044825417e-04,4.972151776112901118e-04,1.075141719505283788e+01,1.155929717020778327e+02,1.155919772717226124e+02
9.675138462597852040e-01,-7.283686363687926768e-01,1.023290866166340005e-02,1.565479929681884153e-01,3.574389227357745558e+00,1.277625834865110122e+01,1.246316236271472633e+01
1.429637490685164991e-02,4.093281332407938677e-03,1.260381289023325326e-03,2.966737567027212617e-03,1.065482152151020934e+01,1.135252216552371465e+02,1.135192881801030893e+02
5.074648845049933854e-03,8.558047135647228743e-04,1.464248419589540059e-04,2.898556987522551086e-04,1.145945031506750311e+01,1.313190015235007024e+02,1.313184218121031961e+02
9.393063870628639567e-01,8.686703617686930556e-02,2.843962430977712424e-02,1.585698737366871558e-01,6.894950505137440011e+00,4.754034246829504440e+01,4.722320272082166781e+01
9.091244821157982159e-01,-1.852230594203958525e-01,5.782164945698702041e-02,1.204345023876815662e-01,3.345666254776819670e+00,1.119348268835235061e+01,1.095261368357698828e+01
9.316897455477507473e-01,-4.446876155432717415e-01,6.140827409693555561e-02,1.118219445173184723e-01,4.498384655103190966e+00,2.023546450526785279e+01,2.001182061623321573e+01
9.146801510650464095e-01,8.049211220492846763e-03,1.461573583763001345e-02,5.368504213875088804e-02,3.127371189564757792e+00,9.780450557319687377e+00,9.673080473042187322e+00
8.648243569027945776e-01,-6.276602314500479007e-02,1.089712201787506468e-02,3.533250031879809488e-02,2.435648312837447538e+00,5.932382703827905779e+00,5.861717703190309159e+00
8.782218673474138093e-01,-2.936058967785148965e-03,2.131153428792149137e-03,4.153910586396721005e-02,3.091400725580659703e+00,9.556758446120628747e+00,9.473680234392695354e+00
8.551008496458614161e-01,-3.869823170593895967e-02,1.954811466564205374e-02,6.879318525752579905e-02,2.672308856607051641e+00,7.141234625100486788e+00,7.003648254585435495e+00
1.457405338641936110e-01,9.831327314554272334e-03,1.983516283474964694e-03,8.917426101979505568e-03,6.912520866696143962e+00,4.778294473250961261e+01,4.776510988030565130e+01
9.918638237300919647e-01,1.765774898055294528e-02,2.629051816971645153e-03,2.801448289376490958e-02,3.248849558414128591e+00,1.055502345320767965e+01,1.049899448742014840e+01
9.980676784726090212e-01,2.339509504164281883e-01,9.215054964063880893e-04,4.954556958969476288e-02,2.786827493403385869e+00,7.766407477988997776e+00,7.667316338809608389e+00
2.281307144461441894e-02,5.934537037632914291e-03,1.554635025578198588e-03,5.262972317530790166e-03,8.194114199718091740e+00,6.714350751802165007e+01,6.713298157338658712e+01
2.682287029983410065e-03,6.150003709368689897e-04,1.561147009916171054e-04,1.882169256297798303e-04,1.273894596621628672e+01,1.622807443301782087e+02,1.622803678963269363e+02
8.782363774077086571e-01,1.084482430780797646e-02,5.991567040257200945e-03,6.604076269917553976e-02,2.768667108467802951e+00,7.665517557511464908e+00,7.533436032113113967e+00
9.516867371117577745e-01,2.329200638612641261e-02,1.843333837546609968e-02,8.463764022127687192e-02,2.615924457021499894e+00,6.843060764843229116e+00,6.673785484400675649e+00
6.618674981688785763e-01,4.320502103359894486e-01,8.542581610321960117e-03,4.400034996880019394e-02,4.304640537281238188e+00,1.852993015520490871e+01,1.844192945526731009e+01
8.743185928426431275e-01,-3.243248865386920143e-01,3.425125827013611457e-02,1.126594387345366266e-01,3.398425912657450976e+00,1.154929868382162717e+01,1.132397980635255408e+01
9.971619449219591980e-01,-2.190799034623733266e-01,4.098805271228816820e-03,7.599859531858658979e-02,2.469667095028257986e+00,6.099255560265315346e+00,5.947258369628142027e+00
3.294152233079072900e-02,1.677122555169807683e-02,8.883196247443990098e-03,1.017937421377907055e-02,1.052225116330164845e+01,1.107177695436029126e+02,1.106974107951753439e+02
3.855582274368996032e-03,7.659964082158410292e-04,1.911610724019488516e-04,3.097073815385350810e-04,1.357981093013089335e+01,1.844112648981024734e+02,1.844106454833393798e+02
7.570377959748619823e-01,1.435710610846983037e-01,6.643618667232366153e-03,1.002053129293233591e-01,5.862948005344368774e+00,3.437415931337151420e+01,3.417374868751286243e+01
9.706363002776007276e-01,2.519094844278524370e-01,3.362256685808671930e-02,1.056759176866928357e-01,3.190517994449411976e+00,1.017940507290549768e+01,9.968053237532114252e+00
9.976814107087502714e-01,1.854802622122191380e-01,3.628346072607324408e-03,5.319701551650944660e-02,2.891443631081348720e+00,8.360446271720894273e+00,8.254052240687874686e+00
4.319881864095420632e-02,1.911062315500089426e-02,8.579534941943271417e-03,2.491640040537482226e-02,1.175592263913679680e+01,1.382017170973690838e+02,1.381518842965583360e+02
6.547438685372108935e-03,1.605366326522528198e-04,4.179308613523120857e-05,7.578706053458693576e-04,1.511172599062308386e+01,2.283642624156732097e+02,2.283627466744625281e+02
5.564961518921736072e-01,4.934187172644488584e-01,8.794602797023241825e-02,5.468395832714680049e-02,9.965400263661857494e+00,9.930920241499183021e+01,9.919983449833753753e+01
9.796555025985632659e-01,-8.497650609196605309e-02,4.268028200296380276e-03,3.202389433530293539e-02,3.298668641668997203e+00,1.088121480753038561e+01,1.081716701885977905e+01
9.820922315546525283e-01,4.816349447484524759e-02,2.906312979583106776e-03,9.705888579804511362e-02,4.285337968899993299e+00,1.836412150769591634e+01,1.817000373609982589e+01
9.507289976764450312e-01,1.677706919722492529e-01,6.564994221311200480e-03,1.261080091543747839e-01,3.939124005052709876e+00,1.551669792718250207e+01,1.526448190887375311e+01
9.743425235412762619e-01,-9.589129851224065249e-02,7.377504759828510880e-03,3.599718944494340045e-02,3.370141835638845063e+00,1.135785599232316478e+01,1.128586161343327809e+01
9.801320009003998690e-01,-1.583440387361954027e-01,4.446161852921668572e-02,1.307173777164637729e-01,6.037084285390793781e+00,3.644638666891246714e+01,3.618495191347954432e+01
9.877685654476553445e-03,2.787433064206368272e-03,9.299683249867396516e-04,2.051735905150699028e-03,1.822487596595552617e+01,3.321461039744634149e+02,3.321420005026531044e+02
1.001218978096474199e-02,-2.274675171571871601e-04,4.812088017142595052e-05,1.189953890781409026e-03,1.599466202823841421e+01,2.558292133975717775e+02,2.558268334897902037e+02
5.055751946627927707e-01,1.684539697226554722e-01,2.562325823937187247e-02,3.750614196879694523e-02,6.695370726643482762e+00,4.482798916719448101e+01,4.475297688325689194e+01
9.884243634842274639e-01,-1.093131519251056005e-02,3.168869028765904528e-03,3.198561503219553986e-02,2.623307082543791857e+00,6.881740049324421626e+00,6.817768819260031421e+00
9.973942669578842457e-01,-6.867304852284550343e-02,1.933898334290741483e-02,7.395378162254172272e-02,5.227529669182127137e+00,2.732706644217940095e+01,2.717915887893432370e+01
8.192973374051495394e-01,-1.174751484726721529e-01,1.433939148404420917e-02,7.085880301106924073e-02,4.440739975539223394e+00,1.972017153035210058e+01,1.957845392432995979e+01
9.957133895152051606e-01,9.857469793547241066e-02,9.948921673249530237e-03,3.368010483696507601e-02,2.922436281053308882e+00,8.540633816816693979e+00,8.473273607142761676e+00
9.980600008093744036e-01,1.228249750443257682e-01,9.468969689649841398e-03,4.678708485592296407e-02,2.761276903929519300e+00,7.624650140174592750e+00,7.531075970462746128e+00
8.878770861430275163e-01,1.527086721370633782e-01,1.843357204496521087e-02,1.072046968379040122e-01,2.934411332304899478e+00,8.610769867159413948e+00,8.396360473483603926e+00
8.134322286324124907e-01,2.176008545810298456e-02,6.174844456521474782e-03,3.174088485200490806e-02,2.212709040144867689e+00,4.896081296338820721e+00,4.832599526634810516e+00
8.966125240630749005e-01,3.029445948583201487e-01,4.165731660579582996e-02,1.521391602404598420e-01,4.166076290349508326e+00,1.735619165701232092e+01,1.705191333653139907e+01
3.104855973780945577e-01,-4.852594131134284616e-01,3.653291477621816146e-03,7.100685299639465653e-02,6.198710635394615309e+00,3.842401354135431291e+01,3.828199983536151763e+01
9.400880953889274583e-01,2.310142465508968623e-01,1.543467947987303170e-02,5.419752169309272755e-02,3.822571442852654489e+00,1.461205243571262535e+01,1.450365739232644025e+01
8.050595544598518893e-01,-3.126875215986291145e-01,1.677924903442562510e-02,5.458686502152509945e-02,3.158569606907991378e+00,9.976561961682902435e+00,9.867388231639852236e+00
7.925902943394638189e-01,-1.304076446511343024e-02,2.931075672542603205e-02,5.152616164209701533e-02,3.224194915528671324e+00,1.039543285332093703e+01,1.029238053003674302e+01
2.182333801554880992e-02,6.490518774102005395e-03,2.021534363783924603e-03,6.375519652124698490e-03,7.812569561238243310e+00,6.103624314918631200e+01,6.102349210988206352e+01
3.457876230574807863e-03,4.048814755925889131e-04,1.013358347545216683e-04,2.335820996127187092e-04,1.321835782357691791e+01,1.747249835521171235e+02,1.747245163879179017e+02
9.261948649887199458e-01,6.064299253659211075e-02,3.786708440462049907e-02,1.187632039960959673e-01,3.564459996240934903e+00,1.270537506480192569e+01,1.246784865680973375e+01
6.468871747734386002e-01,2.684898303425032329e-01,4.963201033619637006e-03,2.526596779469197571e-02,3.764410054752838963e+00,1.417078306032427371e+01,1.412025112473488875e+01
9.910274833305867670e-01,-6.648105772594448126e-02,2.374498769775615272e-03,5.278053432708659093e-02,3.384670320877793070e+00,1.145599318103098163e+01,1.135043211237680794e+01
1.130321846205856184e-01,2.998121008160659073e-02,7.585189244430180083e-03,2.471746584332058447e-02,6.434262653248242536e+00,4.139973589098511297e+01,4.135030095929847249e+01
6.117225875384435518e-03,9.860199237916589254e-04,1.881612367869380420e-04,3.354149070615206995e-04,9.913680707349866950e+00,9.828106516728097120e+01,9.828039433746685916e+01
8.054248083145884030e-01,1.123944443236268853e-02,8.505395311782047024e-03,1.052711384848778187e-01,7.785238174790957366e+00,6.060993343822243418e+01,6.039939116125267304e+01
7.555772309331297842e-01,-1.884401875047636565e-02,6.100024065571264462e-03,3.113551498624782254e-02,3.062632613425301908e+00,9.379718524816293979e+00,9.317447494843799305e+00
9.808039394868771632e-01,2.108942835984247699e-01,1.209493465264960786e-02,6.520905144221537941e-02,2.941044012946345543e+00,8.649739886087544960e+00,8.519321783203112730e+00
9.656585382986359045e-01,-6.633549682254180624e-01,4.027188846425211466e-02,1.090003994307195967e-01,4.230717451818985175e+00,1.789897015712572781e+01,1.768096935826428862e+01
4.771840663090086698e-01,6.861952002182469812e-02,-2.129452519989355821e-03,4.169618992976270033e-01,1.023051016865153784e+01,1.046633383108825086e+02,1.038294145122872578e+02
1.746492383272235660e-02,4.498317299903575872e-04,2.728215055343654295e-05,1.080739004519255027e-03,5.897387625046943249e+00,3.477918080005682810e+01,3.477701932204779212e+01
8.545144487998301841e-01,-3.142102543322540242e-01,1.517199676615151212e-02,1.279025028999688784e-01,5.961461863234821301e+00,3.553902754680319021e+01,3.528322254100324784e+01
2.276464285500336970e-01,4.438385834461477941e-02,6.989804066329788519e-03,2.733023091078043768e-02,6.109244937298917044e+00,3.732287370391244963e+01,3.726821324209089425e+01
9.866354761455056188e-01,-2.928921999261890896e-02,5.129468703873537455e-03,4.031238410135185718e-02,2.157858715416896445e+00,4.656354235700659316e+00,4.575729467497954950e+00
9.747856092728394151e-01,1.691138188899663497e-01,1.049653785818077147e-02,1.237938705894007785e-01,4.054302938007314339e+00,1.643737231313473757e+01,1.618978457195593634e+01
1.552293686155914454e-02,8.137585996098151142e-03,4.473132545017749137e-03,9.410565280871635921e-03,1.234649235387596988e+01,1.524358734443177923e+02,1.524170523137560167e+02
1.007242520795226248e-02,1.634438078351507784e-03,2.959742988027315902e-04,6.869626069542832201e-04,1.018655322518763384e+01,1.037658666095805700e+02,1.037644926843666582e+02
6.144422319385292042e-01,-4.189821267610662758e-01,3.705245682564885235e-02,5.757557363500930003e-02,5.785747581995585698e+00,3.347487508256776323e+01,3.335972393529775104e+01
8.741704282546999272e-01,4.655021708802964397e-02,1.109170172892374844e-02,5.728806221098865781e-02,2.901549056301536034e+00,8.418986926124334857e+00,8.304410801702356792e+00
8.097119350976073049e-01,1.020401281980651831e-01,1.094903492030531054e-03,6.467104655335123575e-02,3.859804791903249654e+00,1.489809303159928788e+01,1.476875093849258569e+01
6.110479223986055031e-01,6.716122037814570289e-02,1.607480763215856940e-03,2.127632810221054618e-02,3.333158291910429671e+00,1.110994419893125418e+01,1.106739154272683123e+01
7.675086053803010788e-01,4.347981604375683595e-02,3.978222334136572585e-03,4.027225602767749157e-02,3.893472691386122619e+00,1.515912959856949804e+01,1.507858508651414375e+01
9.831769494083902883e-01,-2.865050747153904953e-02,4.137170760294483531e-03,7.642830799970516675e-02,2.943909701834660275e+00,8.666604332556238077e+00,8.513747716556826717e+00
9.662611295847326476e-01,4.493686196423385404e-02,1.300729446097406011e-02,7.753908709768284058e-02,2.478919351036255936e+00,6.145041148942011588e+00,5.989962974746646296e+00
3.858456982968124782e-01,7.979074415777809293e-02,1.198766256673877706e-02,3.452754526153967163e-02,6.281974031691365035e+00,3.946319773484466253e+01,3.939414264432157609e+01
7.892137487503867455e-01,-5.035696385209648129e-02,2.037422722896280701e-03,2.748000822003418553e-02,3.660770162083921253e+00,1.340123817960393993e+01,1.334627816316386983e+01
9.759688553468355288e-01,2.017257616651391139e-01,1.068364453163721424e-02,8.075119411434213135e-02,2.587281720656820383e+00,6.694026702044917343e+00,6.532524313816232997e+00
2.246556085400691627e-01,2.757855906115436184e-02,2.858521055760923808e-03,1.729427080263965313e-02,5.164883494284593368e+00,2.667602150953343099e+01,2.664143296792815718e+01
8.824251129706105479e-01,-4.384525859355419275e-01,6.974946806040759409e-03,4.540415189318332267e-02,3.230812350922961596e+00,1.043814844687635279e+01,1.034734014308998518e+01
9.140280789166616016e-01,1.120526280957975240e-01,3.842082822429231624e-03,8.856382036035385930e-02,2.784650057808386148e+00,7.754275944452248659e+00,7.577148303731541468e+00
9.618328063736721889e-01,-1.378170006820237381e-01,1.543319343993788950e-02,7.084293209414992132e-02,2.812228245466497079e+00,7.908627704599572539e+00,7.766941840411274001e+00
9.311292240309677615e-01,-8.375453230307328134e-02,1.117361706627802327e-02,7.727472460246558039e-02,3.379205075930942215e+00,1.141902694519744443e+01,1.126447749599251225e+01
6.955294357489960611e-02,3.683434398781493258e-03,1.182325533184826281e-03,7.039611343019157655e-03,8.543685108932494998e+00,7.299455524059486322e+01,7.298047601790882766e+01
7.152678875397175950e-01,2.163174503310338892e-01,3.251760741765625379e-02,7.552730670051649442e-02,4.818016883462410860e+00,2.321328668932884298e+01,2.306223207592781321e+01
9.144508218666129729e-01,1.362880485133732833e-02,7.305735734025599337e-02,1.024600027406701169e-01,3.744074124528669945e+00,1.401809104996512545e+01,1.381317104448378608e+01
6.839840800412075872e-01,-7.897265228720051766e-02,7.793623247141705061e-03,5.426988913031451783e-02,6.372261833836032174e+00,4.060572087896334637e+01,4.049718110070271848e+01
2.627314552891020227e-01,5.444544163126963099e-02,9.706745352962153559e-03,1.233703217698231026e-02,7.396637410545430669e+00,5.471024498308020867e+01,5.468557091872624198e+01
8.473474178594692097e-01,-7.479480558020705772e-01,5.336563236886254780e-02,1.494196366089663441e-01,3.681110763258204521e+00,1.355057645137540234e+01,1.325173717815746954e+01
9.617969391398334400e-01,6.519217284130034429e-01,2.330797885020129134e-02,9.011503301731461912e-02,3.053834423396031728e+00,9.325904685518572990e+00,9.145674619483944667e+00
5.946262152847175964e-01,-5.485131475151541203e-01,2.119867509471569933e-01,2.061707653229815362e-01,4.340984236603083524e+00,1.884414414243645908e+01,1.843180261179049495e+01
4.427229494545202870e-01,4.685627589068985799e-02,1.280574307655100649e-02,5.496258980737835781e-02,8.345396269977486625e+00,6.964563890295413273e+01,6.953571372333938427e+01
6.198461378615136574e-01,-2.449826639513990045e-01,6.944075101695225231e-03,3.890735747390753480e-02,5.507507881227782676e+00,3.033264306178614333e+01,3.025482834683832678e+01
9.375064791146703325e-01,-3.194542548006995553e-03,5.286147075874506919e-03,1.347819993466114752e-01,3.583011648428460205e+00,1.283797247277403208e+01,1.256840847408080997e+01
9.771935007499942261e-01,-2.699201615110013996e-02,4.926679400860911086e-03,9.543659937606749355e-02,3.032263743107088683e+00,9.194623407761813638e+00,9.003750209009680816e+00
9.411755237030439147e-01,-8.756450329303984148e-01,3.277600772649588018e-02,1.346840129430308119e-01,3.479808738836845272e+00,1.210906885888527462e+01,1.183970083299921150e+01
2.598997064791785938e-02,9.481015879826415471e-03,3.726271730854587971e-03,2.558741440239945420e-03,9.915778809842663577e+00,9.832266940572478120e+01,9.831755192284430223e+01
9.833952925313712568e-01,1.804615419763289097e-03,2.253419080496545188e-03,4.449485373816357281e-02,2.823949497118463992e+00,7.974690762275624678e+00,7.885701054799296728e+00
9.956358986300289926e-01,1.247036770258097560e-02,4.325226034425917569e-04,1.594097304051392272e-02,1.753650716759619810e+00,3.075290836391528337e+00,3.043408890310500770e+00
9.927260833054002420e-01,1.445705690101763974e-01,3.102491102405411597e-03,7.387942733286549657e-02,3.464048912971428695e+00,1.199963487145853591e+01,1.185187601679280611e+01
9.834413668704924394e-01,-3.045577771630475494e-03,4.123634319878341850e-03,1.423368502281964765e-01,3.637073554022922650e+00,1.322830403737293281e+01,1.294363033691653975e+01
8.939089742769209535e-01,4.905584351164682388e-02,4.130470958607219446e-03,2.048860555179121412e-01,3.544622259288674471e+00,1.256434696104474824e+01,1.215457485000892213e+01
4.601393043394272908e-01,-2.352857621981425673e-01,1.880736256851903154e-02,3.589986222408378391e-02,3.127328479984915255e+00,9.780183421724759185e+00,9.708383697276589785e+00
9.952835267563214794e-01,-2.404251812153274659e-01,1.403005983688152339e-02,1.102831741363316104e-01,3.915124290736859525e+00,1.532819821191779752e+01,1.510763186364513544e+01
9.504376035951639379e-01,8.565194635168893456e-02,4.218270918944057660e-03,9.702677758366989869e-02,3.437063686807580787e+00,1.181340678717132064e+01,1.161935323200398074e+01
9.858399269197635206e-01,2.169076193070766934e-01,6.509906742248373207e-03,7.081967633339693313e-02,2.948295961779502594e+00,8.692449078245321203e+00,8.550809725578526255e+00
9.872391940054933146e-01,-3.561798737757848610e-01,9.226546656613437633e-03,8.662041431797168345e-02,3.184669923152622761e+00,1.014212251943293275e+01,9.968881690796990824e+00
9.840515874279187614e-01,1.295652953011218189e-01,3.277297206227696141e-03,6.925715465713778995e-02,3.743033234448293278e+00,1.401029779418445287e+01,1.387178348487017665e+01
9.407189220055560686e-01,-4.910272753957989345e-02,1.454633315790249733e-03,5.898890928770279818e-02,3.648732727533018139e+00,1.331325051697053929e+01,1.319527269839513295e+01
9.036619020320164619e-01,2.967209000030651689e-02,4.544765405494156571e-03,5.178014671598023255e-02,2.756477768140368489e+00,7.598169686252106203e+00,7.494609392820145821e+00
9.179557518300327512e-01,6.416476294212158926e-02,3.144543112092144932e-02,1.681034865740652640e-01,3.487765336293031204e+00,1.216450704104724068e+01,1.182830006789910904e+01
8.530391660542955279e-01,4.141837076934040685e-02,2.082870254778873900e-03,4.092272694496407875e-02,3.706495848656465864e+00,1.373811147610761552e+01,1.365626602221768948e+01
9.821933046849662396e-01,-2.474207983589975512e-01,5.575791858387162646e-03,6.888124774180506837e-02,3.099238657459663759e+00,9.605280255892377994e+00,9.467517760408769689e+00
9.798069304360135234e-01,-1.206428752943331517e-01,4.529058856899982263e-03,9.522826980591996004e-02,2.657094151984018993e+00,7.060149332507672959e+00,6.869692792895832234e+00
9.139526611986761306e-01,1.138648002850974894e-01,3.636617049177390953e-02,1.859976324233663381e-01,3.811333925900539210e+00,1.452626629472041841e+01,1.415427102987368535e+01
5.588874552907747706e-01,6.006840697683246688e-02,2.555897419165559584e-03,1.740101463995157860e-01,5.478091146481449236e+00,3.000948260915843591e+01,2.966146231635940111e+01
9.335334733650004768e-01,-7.590042615464538400e-01,2.299648748360845138e-02,3.173873526750036755e-01,5.138471107713407982e+00,2.640388532480545436e+01,2.576911061945545001e+01
9.948026988744461674e-01,-9.691989556273623574e-01,4.417001312364669113e-02,1.964071751908995356e-01,4.297828343886536118e+00,1.847132847351448248e+01,1.807851412313268114e+01
2.388629164341082856e-02,2.762517507300277231e-03,3.734622788661040604e-04,1.748806755434468337e-03,4.043566129940250775e+00,1.635042704719997886e+01,1.634692943368910889e+01
4.038062256134025141e-01,-8.696113833776388802e-01,1.482152554105977682e-01,1.229841725681881798e-01,8.232345549976701093e+00,6.777151325422120465e+01,6.752554490908481455e+01
9.531028763387733305e-01,-4.306510782286232519e-02,1.652391036920863518e-02,1.306516123648898686e-01,3.495546096589931651e+00,1.221884251338510907e+01,1.195753928865532956e+01
1.164269553619975417e-01,2.124332354007552048e-02,2.752790182703013493e-03,4.741882652126995501e-02,2.808963227059352530e+00,7.890274410971691132e+00,7.795436757929151916e+00
7.611142632064549218e-01,-6.326692948302268249e-01,1.021761925149359401e-01,8.515955411588525814e-02,3.048248162020827490e+00,9.291816857263352603e+00,9.121497749031581392e+00
9.535581703680424681e-01,-7.464551538798291919e-02,5.607028610507228811e-02,1.216170247210345001e-01,2.977237709694489975e+00,8.863944380026891778e+00,8.620710330584820724e+00
1.403882046558058150e-01,6.295701797168717917e-02,2.514494529562170608e-02,3.354112453687165679e-02,5.870441171346979736e+00,3.446207954624569680e+01,3.439499729717194754e+01
3.607420485894352602e-03,6.825215919583627056e-04,1.432920332983793495e-04,2.721863748452198043e-04,1.282891494653596354e+01,1.645810587054538416e+02,1.645805143327041549e+02
5.937895629173884915e-01,-4.839735360540542430e-01,8.870087102226348330e-02,1.204545411091526019e-01,6.479465813445559164e+00,4.198347722760971834e+01,4.174256814539141658e+01
5.985131257936153748e-01,4.055272397851406030e-02,6.563914842422208067e-03,5.096249914579147056e-02,3.932050123822854015e+00,1.546101817625532249e+01,1.535909317796373763e+01
8.894860303477890584e-01,6.290944057557590341e-02,1.224228160813117978e-02,5.982340102318944863e-02,3.874709202348697090e+00,1.501337140276567617e+01,1.489372460071929716e+01
9.684541524281079505e-01,1.967817608558253273e-01,9.284637095431275827e-03,9.559206927049089531e-02,3.315974330078578003e+00,1.099568575774007506e+01,1.080450161919909213e+01
9.272047110479089138e-01,-1.080184171029710538e-01,4.402169958184758147e-03,5.652830067136739578e-02,3.169920846887785970e+00,1.004839817553377834e+01,9.935341574191044245e+00
8.673496789696575338e-01,1.427605847678536932e-01,7.995255890716869776e-03,7.451921201318251198e-02,3.476246793754875775e+00,1.208429177109105446e+01,1.193525334706468932e+01
8.304923851277041802e-01,2.479067691207890167e-01,9.146409174937980210e-03,4.284810301531809945e-02,2.684311794042348431e+00,7.205529807634851736e+00,7.119833601604216078e+00
9.409272291566206370e-01,-3.582501288474941870e-01,2.354644138779329182e-02,9.691143880261174348e-02,3.432193680981673545e+00,1.177995346377053032e+01,1.158613058616530544e+01
5.210335696109957837e-02,1.704988064789603186e-02,5.520738909203993204e-03,6.597967765309653045e-03,4.246248585217411886e+00,1.803062704746087164e+01,1.801743111193025371e+01
3.231591028664881904e-03,5.772791913507546724e-04,1.243977712214649404e-04,2.050424539653073548e-04,1.158202760006302867e+01,1.341433633286217741e+02,1.341429532437138619e+02
6.517710119178949935e-01,-2.960074543181493434e-01,9.380576379468534565e-03,1.101728278559213209e-01,5.837221023973200751e+00,3.407314928271474486e+01,3.385280362700290624e+01
5.268334492280069004e-02,1.298293893566304646e-02,3.153341383138572127e-03,9.729715086288318396e-03,7.751324555777244107e+00,6.008303236899529054e+01,6.006357293882271620e+01
2.462808874036381823e-03,4.455627856820854049e-04,9.249828212062076373e-05,1.541658851150010123e-04,1.197495480860919947e+01,1.433995426682325842e+02,1.433992343364623707e+02
8.167029581096876267e-01,-2.991638214891407799e-01,3.432118855377850469e-02,1.874993525173251074e-01,7.221328735930413245e+00,5.214758871237433624e+01,5.177259000733968719e+01
9.926427731023974577e-01,-5.704486058318636310e-02,1.436094603224577319e-02,8.088175664026889256e-02,3.320143039675361063e+00,1.102334980390474506e+01,1.086158629062420644e+01
9.944007804157803943e-01,-1.561723852273475543e-01,2.783062938958196994e-03,3.641951100400735858e-02,3.796639716803977382e+00,1.441447313921338491e+01,1.434163411720536807e+01
9.954795410677689249e-01,-4.344122582269824839e-01,3.720471153759490317e-03,8.352394013058762889e-02,3.152070681775556604e+00,9.935549582909022348e+00,9.768501702647848006e+00
3.210545555395627471e-02,1.083037822808474715e-02,3.598432406652402656e-03,1.186732356582583144e-02,8.217464909500103332e+00,6.752672953886555263e+01,6.750299489173390555e+01
2.611764621080592264e-03,5.540573257185599232e-04,1.388796811188659623e-04,2.021631125312377416e-04,1.561141454881278179e+01,2.437162642148833811e+02,2.437158598886583150e+02
8.035282512684285283e-01,1.716917244366733541e-01,2.897424163357331314e-02,3.130428962080068489e-01,5.759168753791717776e+00,3.316802473465084944e+01,3.254193894223483596e+01
7.578611795260756789e-01,6.850251614109303944e-02,1.328960386887402881e-02,1.175607342328065380e-01,7.185687122227444767e+00,5.163409941854533258e+01,5.139897795007971837e+01
9.705513421072224922e-01,8.243971483090151153e-02,1.555246326057263713e-02,1.277265903236592393e-01,4.423644135940899780e+00,1.956862744144430621e+01,1.931317426079698762e+01
1.357038541429111955e-02,3.819363650448437397e-03,1.122761389157194648e-03,1.742523204638341591e-03,1.007665783084751610e+01,1.015390330399805663e+02,1.015355479935712850e+02
1.935011574159206660e-03,3.674380524216758204e-04,8.454132896146450285e-05,1.227989504836694986e-04,1.268908108119375910e+01,1.610127786851093958e+02,1.610125330872084248e+02
4.484982208953187666e-01,-4.549890399339528990e-01,1.414541962988082394e-02,5.776296088002239731e-02,4.484464322734246444e+00,2.011042026187632459e+01,1.999489434011627864e+01
9.896996633433007284e-01,2.100905967223942739e-02,1.084705219058901965e-02,1.501425893372922982e-01,3.607053751602277814e+00,1.301083676694806535e+01,1.271055158827348208e+01
7.579508469447480135e-01,-6.565773369711980223e-03,8.434475243719834550e-03,2.179912756185634903e-01,5.198098214774131698e+00,2.702022505043801814e+01,2.658424249920089366e+01
9.958580618085256519e-01,1.529310187758881057e-02,3.135928833041006468e-03,5.152131274981733289e-02,2.544017429913653316e+00,6.472024683704471038e+00,6.368982058204836427e+00
3.880069358409821145e-02,6.607753964851248440e-03,9.023752169353872624e-04,1.169663279481923321e-02,7.598406427265233631e+00,5.773578023390561498e+01,5.771238696831597537e+01
2.018715089432410181e-03,3.742225185661141040e-04,9.484407304637076615e-05,1.173645428172031023e-04,1.189878072921202268e+01,1.415809828418673817e+02,1.415807481127817482e+02
8.841760509547436087e-01,-2.262914646142322184e-01,7.157273881517222519e-03,1.105995260816744347e-01,3.834961315803343318e+00,1.470692829370811161e+01,1.448572924154476382e+01
9.047630023049860748e-01,2.456943616737632397e-01,1.931558795757568059e-02,1.627934539805560299e-01,3.992383672047070675e+00,1.593912738482805302e+01,1.561354047686694102e+01
1.869293948289073581e-01,-5.252968992307138762e-01,7.724661933978848108e-03,1.276282942076396691e-02,1.104748793011055596e+01,1.220469895659384036e+02,1.220214639070968730e+02
9.645132569087473406e-01,-2.112313127834841708e-02,1.686565209699663129e-02,5.959111028441411995e-02,2.825948279537250585e+00,7.985983678619546389e+00,7.866801458050717955e+00
8.832673751674023910e-01,-1.049323467792926401e-01,8.716637461791978958e-03,3.151447048709020426e-02,4.133690556348414091e+00,1.708739761564405768e+01,1.702436867466987636e+01
6.215518084173483615e-01,4.790329542058113788e-02,1.691034466554479409e-03,3.282100398285749815e-02,3.995397126103442886e+00,1.596319819527565187e+01,1.589755618730993625e+01
9.434338259718676456e-01,2.663796553322457239e-01,1.234475408261324555e-02,1.026586543960631565e-01,3.140946322521136924e+00,9.865543800959052589e+00,9.660226492166927414e+00
1.882857315053942937e-02,1.523502261804976499e-03,8.234553643863165942e-05,3.207096521637388224e-03,1.095051047458954940e+01,1.199136796540954322e+02,1.199072654610521624e+02
1.962969415346904611e-03,1.721021172080838824e-04,2.488044408400744381e-05,1.025466232139508269e-04,1.165538231417984960e+01,1.358479368896964274e+02,1.358477317964500060e+02
9.699911998335829511e-01,-2.158788432247717992e-01,6.956161112827839721e-02,1.303484608796599276e-01,5.285073466504582207e+00,2.793200154635076515e+01,2.767130462459144624e+01
8.120448710404921666e-01,-7.776824399440063207e-02,1.912995979076546893e-02,6.108576339621586693e-02,3.350045814461201310e+00,1.122280695898901470e+01,1.110063543219658300e+01
9.734309730243290160e-01,-4.095038910787041075e-02,2.695757310074492138e-03,9.933441907261092441e-02,3.275698483955994167e+00,1.073020055779159776e+01,1.053153171964637380e+01
1.377075159268493776e-01,4.006229648431469670e-02,1.143230284635280737e-02,2.543629544672994930e-02,3.366333911076697216e+00,1.133220400086493385e+01,1.128133140997147343e+01
7.311020910986183452e-01,1.580180003224240792e-01,8.864045587080789448e-03,4.563233068282010474e-02,4.670446465183140994e+00,2.181307018414169363e+01,2.172180552277605869e+01
9.010113586011038178e-01,2.705077475080863714e-02,4.626465468531293368e-04,5.243730257452838828e-02,3.020167541824062774e+00,9.121411980687602394e+00,9.016537375538545618e+00
9.892337705858709196e-01,-2.202577203203234801e-02,5.172501755986567105e-03,7.759777210060773978e-02,3.221659860763097960e+00,1.037909225845210237e+01,1.022389671425088586e+01
1.279429764400157321e-01,-6.955926090255504235e-01,9.214478884621532832e-04,1.547731360460969166e-02,5.878053662923241163e+00,3.455151486420533757e+01,3.452056023699611842e+01
9.969903403912578899e-01,-4.200843375923254408e-01,2.244147339345157685e-02,1.167806133714203304e-01,3.125397149766157234e+00,9.768107343766418538e+00,9.534546117023579015e+00
6.355476650819673612e-01,-9.261018340280724459e-01,1.728130596434871227e-02,2.161168140805757309e-01,5.870873178186236885e+00,3.446715187434656258e+01,3.403491824618541983e+01
9.702269263330389748e-01,-8.771128736077260513e-02,4.538146012815995334e-02,2.161405405864357809e-01,5.596730940955414901e+00,3.132339722544768534e+01,3.089111614427481101e+01
8.901887047907669492e-01,2.446857001616606908e-01,7.042404026131246497e-02,2.011652566252762619e-01,8.189668325315299313e+00,6.707066727867268696e+01,6.666833676542213993e+01
3.807520874431792324e-01,-4.802357815715616596e-01,1.155079547341818919e-02,2.832552771520392004e-02,5.221905623153945797e+00,2.726829833712679729e+01,2.721164728169638991e+01
9.271671631283270321e-01,7.718590303057570878e-02,1.530906891429352143e-02,6.970741012765167832e-02,3.440116608427351785e+00,1.183440227957770574e+01,1.169498745932239991e+01
9.325614681192704314e-01,-6.247324169795009929e-02,5.407070013821604383e-03,4.690297282969765197e-02,3.106004442367896079e+00,9.647263596009105768e+00,9.553457650349709951e+00
9.881863602844382921e-01,8.661098778517017927e-02,9.124952289214605800e-03,6.805887215253471345e-02,2.743047945715741953e+00,7.524312032495351410e+00,7.388194288190282677e+00
8.309683355706375396e-01,1.641101452529825089e-01,1.393191454562846265e-02,6.431027252195110899e-02,3.274651321114003810e+00,1.072334127487369138e+01,1.059472072982978830e+01
9.634611253850301482e-01,4.224638859133300617e-02,2.863355021655936833e-02,6.453006248321697946e-02,2.615596848199734481e+00,6.841346872312385585e+00,6.712286747345951099e+00
9.946130369614156752e-01,2.824685731257846610e-01,1.210583779029876343e-02,1.439985668768366256e-01,2.068609988378466991e+00,4.279147284019161113e+00,3.991150150265488250e+00
6.217143621712482027e-01,-7.950309090058317318e-01,1.006467478562373813e-01,1.789837804276113165e-01,3.304123184490325826e+00,1.091723001828649231e+01,1.055926245743127012e+01
8.949804833455414776e-01,3.729018777783155159e-02,2.919851563517828277e-02,3.755970601287862420e-01,4.836205611316931829e+00,2.338888471493337917e+01,2.263769059467580291e+01
8.654625689633046459e-01,7.058774155494451641e-02,1.016297999790902878e-02,4.493331106832589711e-02,3.583569013192798192e+00,1.284196687231560574e+01,1.275210025017895354e+01
9.094673967757239685e-01,5.587194040559329000e-02,1.897368669658437007e-02,5.163313456427378462e-02,5.308402526918581721e+00,2.817913738779558486e+01,2.807587111866703822e+01
1.272956086889256433e-01,-3.171900064900867733e-03,2.858237388765367572e-03,1.275046766201534502e-02,9.732065266494529965e+00,9.471309435130925181e+01,9.468759341598521928e+01
7.703717925794721921e-01,8.154249013888748010e-02,5.770902353837380899e-03,4.047071783867349504e-02,4.010399124768835755e+00,1.608330113994664501e+01,1.600235970426929555e+01
9.209408056067595050e-01,2.513313366450735664e-01,1.011355676300474196e-02,7.734638423376505312e-02,2.445781796142196818e+00,5.981848594340549496e+00,5.827155825873019168e+00
5.301729869645728233e-01,3.475895112018867472e-02,3.998531531092656445e-03,3.544116395109807305e-02,5.349079971580902537e+00,2.861265654236794731e+01,2.854177421446575025e+01
8.558450850083609840e-01,-2.229357521024677435e-02,2.475396241463488026e-03,4.055854621194548287e-02,4.203107655872416082e+00,1.766611396685331670e+01,1.758499687442942516e+01
9.917575135819544085e-01,4.310929636555393962e-02,3.035893207903159977e-03,6.926653288521371354e-02,2.918584359727017130e+00,8.518134664843161730e+00,8.379601599072733720e+00
8.061269357091286336e-01,7.681064455706498872e-02,1.449108223260345447e-02,9.942069230129921276e-02,4.002819260285413350e+00,1.602256203051186390e+01,1.582372064590926364e+01
9.911629472318632672e-01,-3.734906455895404820e-01,8.026246594744483598e-03,4.658227705218399156e-02,3.589167380818946373e+00,1.288212248753473510e+01,1.278895793343036758e+01
1.143975779286252603e-01,2.358634728026082206e-02,4.410431280455388327e-03,2.444353827842558891e-02,6.036475388518309337e+00,3.643903511618727009e+01,3.639014803963042510e+01
4.039559695609318268e-03,8.886219801702566201e-04,2.386597648806385963e-04,2.049346356274796732e-04,1.520452646853972567e+01,2.311776251325251224e+02,2.311772152632538848e+02
7.853918396180730177e-01,-1.900089287756343559e-01,5.549326947196400739e-02,1.113961759053437583e-01,6.269239546955037490e+00,3.930336449710500801e+01,3.908057214529432599e+01
9.649173237636199385e-01,8.667066816972890386e-02,3.931921040290143297e-03,7.221096496845971768e-02,3.909025608037389077e+00,1.528048120429207835e+01,1.513605927435515852e+01
6.616434404848665629e-01,2.963727996037635037e-02,7.841612988065025172e-03,3.294540577484433158e-02,5.307192384567762211e+00,2.816629100681404552e+01,2.810040019526435628e+01
8.688942366586729360e-01,1.521752304765033870e-01,7.190257854569855230e-03,4.722692326680841962e-02,3.202969139126139897e+00,1.025901130619444501e+01,1.016455745966082880e+01
9.262935452656126945e-01,1.947622490088458669e-01,2.827267635381984067e-03,6.022575507496009256e-02,3.741260128898341364e+00,1.399702735208443372e+01,1.387657584193451221e+01
9.435952820018931320e-01,-6.509875465258430083e-02,5.034486981107859360e-03,5.358952054990263197e-02,2.541175720985861197e+00,6.457574044928011681e+00,6.350395003828206875e+00
9.378545395653558048e-01,-1.457750835372855214e-01,1.538192170696450409e-02,5.366757565044733697e-02,3.826789910585802090e+00,1.464432101976129097e+01,1.453698586846039653e+01
9.765994055498805615e-01,3.048172627957936864e-01,7.709214785973267196e-03,9.202346961636902190e-02,3.485043512460839654e+00,1.214552828374538684e+01,1.196148134451265044e+01
1.251426656123946213e-01,3.315037451606236973e-02,8.198043860530567287e-03,1.615512709536738242e-02,3.250641267213588037e+00,1.056666864811196049e+01,1.053435839392122553e+01
6.813309086907703982e-01,-3.619880256060969970e-02,2.401152802912592463e-03,3.226225032167367307e-02,3.835905509018434856e+00,1.471417107411797787e+01,1.464964657347463195e+01
7.737760745606624413e-01,2.956027324250687371e-02,1.806969761287354403e-03,3.028871583606130083e-02,3.081024014688855672e+00,9.492708979089433896e+00,9.432131547417311523e+00
9.183694148437024918e-01,-2.171960859568179969e-01,1.596397240090811215e-02,8.955597983668880935e-02,2.702958426198337261e+00,7.305984253756591329e+00,7.126872294083213433e+00
5.939218865751716425e-01,9.657580725651060405e-02,1.043212477687746435e-02,4.216820432195425572e-02,3.942404504418959288e+00,1.554255327646289864e+01,1.545821686781899018e+01
6.520856586967919144e-01,2.346400954898841817e-02,1.035115290994360199e-02,3.695060231226653807e-02,3.323686654032323329e+00,1.104689297419258054e+01,1.097299176956804700e+01
9.296239375863023513e-01,2.094151214041791720e-01,5.937891743100403956e-03,6.903167427738991779e-02,2.339322113191305341e+00,5.472427949265833647e+00,5.334364600711053228e+00
1.202983073218728549e-01,1.877183095497114707e-02,2.592941965116931768e-03,9.156893078497777005e-03,3.738106064093668301e+00,1.397343694641385703e+01,1.395512316025686061e+01
9.739052611871112930e-01,-4.899795656297167845e-02,1.070600637912561166e-02,8.108513417522006383e-02,3.355687791043017842e+00,1.126064055095516991e+01,1.109847028260472968e+01
2.905567679276743753e-02,8.101555647446190278e-03,2.276480630998336044e-03,1.043202323211106335e-02,1.387535799666939873e+01,1.925255595357374148e+02,1.925046954892731890e+02
4.797341543454791690e-03,9.637095557231134535e-04,2.578664634363062990e-04,3.262550901361523526e-04,1.415173106686084381e+01,2.002714921887543369e+02,2.002708396785740490e+02
8.168831515033450064e-01,-1.125507787773569746e-01,6.397140360057333719e-03,8.140090585991567596e-02,5.138822507527531336e+00,2.640749676387154921e+01,2.624469495215171477e+01
9.646078809118791009e-01,3.257358697518530910e-02,1.666686506937400383e-03,6.661730960361673948e-02,2.658419147126770188e+00,7.067192361810224810e+00,6.933957742602991914e+00
7.880156033178241648e-01,8.375997097138743186e-02,5.193055096633087189e-03,3.866003397693002636e-02,3.907416820826030701e+00,1.526790621167420348e+01,1.519058614372034377e+01
8.562525268341445450e-01,-7.674880910810255585e-02,4.722930047583463395e-03,5.870163901401918849e-02,5.744093962189305458e+00,3.299461544645963329e+01,3.287721216843159766e+01
5.476066038014606452e-01,-2.472429896061105747e-01,5.874758651139020196e-03,4.776840997211955625e-02,3.143855984039455542e+00,9.883830448380692246e+00,9.788293628436452565e+00
9.812629374983051767e-01,-3.008972199132098346e-01,5.210242728529112383e-03,4.842458178475404773e-02,3.209118904628549096e+00,1.029844414404433905e+01,1.020159498047483027e+01
1.979208985709935975e-01,1.762109912723053284e-02,1.690641589527740044e-04,6.712694879808069059e-02,7.346861768128746029e+00,5.397637783999184791e+01,5.384212394239568056e+01
8.190604443873761298e-03,1.428580711174021189e-03,2.714601061025830519e-04,5.557310192788493053e-04,1.331443204043836204e+01,1.772741005594516537e+02,1.772729890974131024e+02
9.600271823072279442e-01,2.714578314221984812e-01,1.739970880098581224e-02,1.605898749800556413e-01,5.945022231565365800e+00,3.534328933380644600e+01,3.502210958384632278e+01
9.420693970189151223e-01,1.826438371422520746e-01,4.478239919552314680e-02,1.352227232467780038e-01,3.526714817686105174e+00,1.243771740528673853e+01,1.216727195879318124e+01
9.710114365327399133e-01,-2.069445601544757096e-01,1.735165350360548253e-01,3.941454594942390144e-01,3.907597615801244650e+00,1.526931912701557259e+01,1.448102820802709445e+01
9.346648820923647571e-01,1.205061878786002350e-01,6.032133960037272188e-03,8.482995796190612170e-02,4.957545198749161663e+00,2.457725439764086772e+01,2.440759448171705159e+01
1.840700090604108219e-02,4.751700289542748479e-03,1.381805883659401350e-03,3.562618950732324066e-03,1.106122502036791566e+01,1.223506989512131895e+02,1.223435737133117271e+02
2.304046351862987230e-03,3.760399395495994668e-04,8.143661736884525251e-05,1.382856042607360743e-04,1.800201939701882026e+01,3.240727023706418777e+02,3.240724257994333470e+02
9.560623352994690460e-01,5.586703575512885767e-01,4.608931384148141908e-02,1.198311486422444089e-01,5.428454124226806066e+00,2.946811417883501960e+01,2.922845188155053364e+01
2.284053118583196929e-01,-5.573795677316084607e-03,2.484242389678753896e-03,1.455117599966210783e-02,1.071819167863241873e+01,1.148796328599052146e+02,1.148505305079058871e+02
9.076957139751508086e-01,-3.349461724964977183e-01,1.469478922097026789e-02,4.640794049958570089e-02,4.662687463689201728e+00,2.174065438404443995e+01,2.164783850304526780e+01
9.854311633712721230e-01,3.051495104957235860e-02,5.597345166677457524e-03,6.508325244725363112e-02,2.457569358278893112e+00,6.039647150751330074e+00,5.909480645856823422e+00
9.726279475902416261e-01,-9.477716931878843454e-02,6.342846405948925591e-03,7.614070547057585903e-02,2.943303415496114628e+00,8.663034995671093697e+00,8.510753584729942034e+00
9.388358726178227531e-01,-4.260795207801972850e-01,4.272000182572340682e-03,5.401127715893151021e-02,3.810603822184590150e+00,1.452070148964780749e+01,1.441267893532994471e+01
2.802735201899786421e-02,5.254327524907509428e-03,1.060752806816092327e-03,6.653343095840389375e-03,1.971902484114276177e+01,3.888399406856053133e+02,3.888266339994136729e+02
3.386563664559916198e-03,5.285694872867452432e-04,1.117164904683469928e-04,2.273126164284129203e-04,1.360774813354405666e+01,1.851708092659717408e+02,1.851703546407388785e+02
7.874667263734991263e-01,-7.237960217223093906e-02,1.149885931307296529e-02,2.144950873797799307e-01,7.047165394524755655e+00,4.966254009778725731e+01,4.923354992302769517e+01
1.044196407754544031e-01,1.661509541109218446e-02,3.784607087751620368e-03,1.687463770260012874e-02,1.148300729371245588e+01,1.318594565074534728e+02,1.318257072320482735e+02
9.864485064350315691e-01,-7.256756677704601088e-02,3.491159399131324535e-03,9.699229726280948760e-02,6.936572992123997139e+00,4.811604487506406258e+01,4.792206028053843880e+01
7.752745568326386838e-01,1.365822259368876246e-01,1.422507226873716973e-02,1.134082505593376478e-01,7.340669995801669678e+00,5.388543598726288764e+01,5.365861948614421095e+01
2.087095035436803414e-03,2.715995506754609323e-04,5.119300256652540470e-05,2.101432508923960078e-04,7.233122571714647897e+00,5.231806213744791734e+01,5.231764185094613140e+01
2.223704633013801057e-03,8.827026765523271479e-05,4.185782010458458677e-05,1.189693353925606265e-04,9.040592045604386229e+00,8.173230453504528725e+01,8.173206659637449434e+01
7.570009326245666914e-01,2.992630685289814352e-01,1.836181438793142717e-02,1.998925552757797042e-01,6.474115339863988794e+00,4.191416943386220595e+01,4.151438432331065087e+01
6.681052802128404355e-01,-1.074133274205326671e-01,8.696420015498017428e-04,1.801224502351785051e-01,1.072591981651879856e+01,1.150453559103906542e+02,1.146851110099202771e+02
9.395430989157049773e-01,-2.878667547152651274e-01,1.198508969303814162e-02,1.248372475990854324e-01,4.918874190943241409e+00,2.419532330632753059e+01,2.394564881112935950e+01
3.078971017890511641e-01,-2.770626181656581366e-01,3.531243342520486248e-03,7.775804116867983395e-02,1.835281927170415273e+01,3.368259752198352999e+02,3.366704591374979145e+02
6.475611475869947897e-01,4.589669742811022246e-01,3.793116072138823514e-01,6.878165225992879384e-01,1.027498252290868663e+01,1.055752658460789632e+02,1.041996328008803943e+02
2.684856020472461413e-01,-2.688096283178075252e-01,-2.834205425050679347e-04,7.323919621547124448e-02,1.575664023171613159e+01,2.482717113917353799e+02,2.481252329993044157e+02
9.906638988850170469e-01,-3.867040649534423391e-01,7.485514154059308249e-03,8.836034532977297962e-02,3.603191245796907527e+00,1.298298715378747126e+01,1.280626646312792616e+01
9.885839036653565337e-01,-3.962073612467253980e-02,8.263428062521381914e-03,9.503170088154751227e-02,5.191386079711272750e+00,2.695048942861997432e+01,2.676042602685688010e+01
9.948523506574176167e-01,-5.758392101477687319e-01,2.598356218416921284e-02,1.100950078368997248e-01,3.677380288766327610e+00,1.352312578820711941e+01,1.330293577253332060e+01
9.976656552314299153e-01,-1.259498771807805007e+00,3.089626419859323875e-02,9.065890886498875756e-02,3.896079679336602375e+00,1.517943686773960366e+01,1.499811905000962575e+01
9.975304550157216843e-01,-9.135949197852903936e-01,5.292168014534902321e-02,1.215447300147726312e-01,6.520792514007959007e+00,4.252073501074223572e+01,4.227764555071269115e+01
9.831377547709381215e-01,-3.136780364221175565e-01,3.898950276136985138e-02,1.905034277250562957e-01,5.872633918152451393e+00,3.448782913663460903e+01,3.410682228118449899e+01
9.358309564195825825e-01,-2.109402464535508059e-01,3.225923619345795468e-02,2.067489869108664891e-01,5.375684687625176927e+00,2.889798586076779685e+01,2.848448788694606293e+01
7.599056997119447709e-01,-1.465798541631020413e-01,6.223615926822344616e-03,1.416191244017980799e-01,5.582376948509147674e+00,3.116293239524630465e+01,3.087969414644271282e+01
8.798831492275114297e-01,-8.085417105522463288e-02,5.711980002506987855e-03,1.697540575450048883e-01,5.066583698616051734e+00,2.567027037508190901e+01,2.533076225999189646e+01
3.890747842602049200e-01,1.110735100634929751e-02,2.849340548525909275e-02,6.300010617319677653e-02,7.084343527322978673e+00,5.018792321312297844e+01,5.006192300077658075e+01
8.057772178290431020e-01,3.740795444283451232e-01,3.892578110007054951e-03,1.836514164861403897e-01,7.318242616516577925e+00,5.355667499419940469e+01,5.318937216122712641e+01
9.728263517265123284e-01,-1.737324569882868985e+00,1.622991747598473145e-01,3.604015563156838797e-01,1.148169703854711798e+01,1.318293668849816527e+02,1.311085637723502657e+02
9.680080892953648597e-01,-1.663663059430123603e+00,7.782200935740307690e-02,1.307944999489923377e-01,6.872153243930182676e+00,4.722649020806013453e+01,4.696490120816214642e+01
9.389822273843895228e-01,-4.112205615687880567e-01,8.016016065122362477e-02,1.221693914586566149e-01,4.304133492543946282e+00,1.852556512163854663e+01,1.828122633872123615e+01
9.406806528462090533e-01,-4.833634491736349403e-02,1.327154911179033274e-02,1.291395913847281640e-01,4.526741320972014648e+00,2.049138698699545813e+01,2.023310780422600175e+01
9.863015128887864247e-01,3.004968124923506068e-01,2.765906626578625710e-02,1.061263124233929184e-01,4.801382639023010768e+00,2.305327524631157132e+01,2.284102262146478424e+01
9.132892680225230819e-01,2.284715074817933456e-01,1.252314825433739100e-02,7.126567691448318365e-02,5.735083482192755433e+00,3.289118254772017735e+01,3.274865119389121304e+01
9.457979790277213361e-01,-9.447120516266465096e-01,8.566464798511011502e-02,1.548903132274637717e-01,6.555415202976305977e+00,4.297346848341288705e+01,4.266368785695796362e+01
9.808343215761596845e-01,-1.084831646189687415e+00,5.371299907652142547e-02,2.774287259128010441e-01,1.039665722960503658e+01,1.080904815498986835e+02,1.075356240980731002e+02
8.442798271142553101e-01,-6.440969599219581454e-02,-2.462066909616979563e-03,2.889396907062594111e-01,9.649867203550812178e+00,9.311993704616558887e+01,9.254205766475305950e+01
4.441611701295866688e-01,1.072648216531941756e-01,2.031236908377908809e-02,3.517738769585688346e-02,6.735170615375454695e+00,4.536252321821698530e+01,4.529216844282527177e+01
8.371799898514393767e-01,1.262879462634316496e-01,1.070296786244674279e-03,1.403575488293472839e-01,6.551564919594623504e+00,4.292300289566291127e+01,4.264228779800421876e+01
3.423994747329800470e-01,-4.261420129495263609e-02,3.710537363577996739e-02,5.064720711637223094e-02,5.261786520327095040e+00,2.768639738549591556e+01,2.758510297126317212e+01
8.149454176650090531e-01,-4.122417260000936778e-01,1.529446186099028999e-02,1.650390011545530278e-01,4.825635604175341875e+00,2.328675898428472024e+01,2.295668098197561591e+01
9.535058288848908825e-01,7.022333831476457178e-02,2.068370488624612490e-03,6.000755654479351942e-02,3.438091669818404306e+00,1.182047433007470438e+01,1.170045921698511648e+01
7.208238652462399809e-01,-2.353061797011006817e-01,5.876052534989376248e-03,4.557025304840597868e-02,4.265987424013827578e+00,1.819864870184413519e+01,1.810750819574732162e+01
1.427162316566403799e-01,1.038311556769468957e-01,7.174219662850118973e-02,6.591406482098109698e-02,5.925867344516205115e+00,3.511590378480354246e+01,3.498407565516158257e+01
2.438934710919737903e-02,8.258464676205390376e-03,3.113161009510878336e-03,4.769873113015788563e-03,5.119243759928720827e+00,2.620665667356914597e+01,2.619711692734311725e+01
9.666964813758072150e-01,-6.097477468184320237e-02,5.734512634590697294e-02,1.077042515245655030e-01,4.003459188132842961e+00,1.602768547104528452e+01,1.581227696799615323e+01
7.967366369516765134e-01,8.181436604158245918e-02,9.908493342447501767e-03,5.633210235614569128e-02,3.283008129960165444e+00,1.077814238138454250e+01,1.066547817667225040e+01
6.402754311471999804e-01,-3.942246090438814576e-01,9.207201004348508633e-02,1.781594171255038717e-01,4.583102339930339220e+00,2.100482705827494812e+01,2.064850822402393860e+01
3.089163380193334918e-01,-1.083465774632161205e+00,9.901285812869817585e-03,6.837528218712633776e-02,5.105256139398856696e+00,2.606364024886971720e+01,2.592688968449546749e+01
5.122474509142315169e-01,4.617934902764684324e-01,2.483967690317262778e-01,8.017501358480837448e-01,1.450574032580315276e+01,2.104165023996317814e+02,2.088130021279356185e+02
9.824476231957873784e-01,-1.832519426906902282e-01,4.287763517527905938e-03,5.168134090664687763e-01,1.392508467133299277e+01,1.939079831037930717e+02,1.928743562856601272e+02
1.757818956433691016e-01,-1.948142923777703039e+00,1.751013411993154190e-01,2.046689184325247712e-01,7.994950970966350212e+00,6.391924102815578834e+01,6.350990319129073924e+01
3.080531661245674568e-01,-1.069578469915843488e+00,2.070171853274137969e-02,5.267079363033411871e-02,5.901900024650445609e+00,3.483242390096893359e+01,3.472708231370825871e+01
4.981839446735120136e-01,-2.707003557581422193e-02,1.360495689428089378e-02,4.346765062722222211e-02,4.894540745600069798e+00,2.395652911033928945e+01,2.386959380908484718e+01
7.544227770098781427e-01,2.238886078099711074e-02,2.151721441549912187e-03,3.345127586329581931e-02,3.618028407196013596e+00,1.309012955527732203e+01,1.302322700355073160e+01
9.051997333756992559e-01,1.786454012210804132e-01,6.942723596003785858e-03,8.815826827570229229e-02,3.945215509385897157e+00,1.556472541549902289e+01,1.538840887894761700e+01
7.282156229309288964e-02,9.797164512652667412e-03,1.122715392034066492e-03,7.589968029352136061e-03,6.753575795832293949e+00,4.561078603005179843e+01,4.559560609399309072e+01
9.691854293622742533e-01,-7.403453488668976235e-02,1.131099433483679327e-02,9.447247969947786261e-02,4.978221919614053803e+00,2.478269348092583257e+01,2.459374852152687652e+01
9.978658529395751930e-01,-5.562899858300059813e-02,3.222441519774766998e-03,5.742707428477514947e-02,2.622786838182967983e+00,6.879010798545810879e+00,6.764156649976261093e+00
9.501856672974282603e-01,-4.191984825406542825e-01,4.857476068096681227e-02,2.637208182049934346e-01,4.049285054666133199e+00,1.639670945394250978e+01,1.586926781753252058e+01
9.760183198396817916e-01,3.654359113836171957e-01,2.341598073656638718e-02,1.172464085394999411e-01,4.730299702557702268e+00,2.237573527601749035e+01,2.214124245893848908e+01
8.856894442436973325e-01,-4.216969021622050950e-02,9.432178054487887556e-03,4.546991840230778237e-02,3.143671081692917646e+00,9.882667869872319599e+00,9.791728033067704118e+00
9.714515826895915307e-01,-9.726401705548237686e-02,1.205087349480284814e-02,5.991590577753600627e-02,4.503449696554957526e+00,2.028105916940094033e+01,2.016122735784587050e+01
9.894489391603376038e-01,2.112898311970834442e-01,5.550825412190512481e-02,1.265353638587021767e-01,5.124064819630847367e+00,2.625604027577850985e+01,2.600296954806110605e+01
9.423971606678184232e-01,-1.764738576129150083e-01,1.205273477900900905e-02,1.251637428795050744e-01,3.625297117375010814e+00,1.314277918924756428e+01,1.289245170348855396e+01
9.202445970985904111e-01,-7.788302781029951549e-02,1.695400306579878877e-02,1.891423216580015720e-01,3.604480724803118541e+00,1.299228129547721444e+01,1.261399665216121058e+01
9.375956720368132657e-01,1.516578930807406245e-01,1.617206872768876119e-02,9.825410358781878906e-02,3.543245109542329629e+00,1.255458590629563531e+01,1.235807769911999721e+01
8.500703570513269414e-01,1.261597296251915079e-01,6.116692089838624349e-03,9.150230544845576464e-02,7.744923112003071708e+00,5.998383401083933819e+01,5.980082939994242963e+01
7.735463971482999801e-01,6.772167834346554116e-02,5.435932912523218537e-03,2.821534944989010849e-02,3.976788305391590228e+00,1.581484522589931530e+01,1.575841452699953393e+01
9.824096938161361869e-01,1.805938578688408569e-01,1.048432342523812795e-02,7.327496502821025104e-02,3.380220987923283626e+00,1.142589392719706076e+01,1.127934399714064106e+01
7.717089781165942242e-01,-3.130205092895570473e-01,2.033128773601499892e-02,1.117763069044547253e-01,4.918062972784641218e+00,2.418734340427530682e+01,2.396379079046639760e+01
9.441482526574719314e-01,-5.375773592799237832e-02,3.409144871667259963e-02,9.754093485591683321e-02,3.654133954299767506e+00,1.335269495596645584e+01,1.315761308625462256e+01
9.574574056336813133e-01,-1.540184514722033882e-01,1.485743548608530612e-02,1.367221608676703060e-01,7.086984725333764779e+00,5.022535249711409477e+01,4.995190817537875461e+01
6.702526402451871590e-01,-1.731418409713278983e-01,1.341528447851936994e-03,7.677887622600890194e-02,5.930048238987549070e+00,3.516547211671932871e+01,3.501191436426731229e+01
9.853838358380320184e-01,2.813402542105059023e-01,1.852142837577485518e-02,1.410630849440595025e-01,2.883533764563929847e+00,8.314766971380228355e+00,8.032640801492108906e+00
9.326005747899185350e-01,-2.881664746352807782e-01,1.936640847043133093e-02,1.101566359932394656e-01,4.114592296937266802e+00,1.692986977001548965e+01,1.670955649802900922e+01
8.129900429486530689e-01,-7.570312477513019278e-02,1.633779140537070310e-02,1.439691885708382080e-01,5.862942245230649441e+00,3.437409177091021206e+01,3.408615339376853370e+01
9.392195133504991356e-01,5.381801181512031462e-01,2.292621986727191863e-02,6.892559707651549350e-02,7.258470302148556819e+00,5.268539112717255790e+01,5.254753993301952164e+01
1.185024730542383331e-02,5.884640978058186533e-03,3.122415508168923087e-03,1.967277339322355285e-03,1.403543798260270670e+01,1.969935193634867403e+02,1.969895848088081038e+02
2.282776618720894213e-03,5.758846703542985779e-04,1.654633482072283756e-04,1.441492428174599239e-04,1.139084280720178022e+01,1.297512998583805484e+02,1.297510115598949199e+02
8.939196441294062767e-01,1.988452742634052584e-01,1.275613368949451813e-02,8.784872606446653132e-02,3.847150222669259989e+00,1.480056483578413662e+01,1.462486738365520367e+01
1.372242174085039901e-01,-1.857931464975211000e-01,3.284324467158159736e-03,7.537969654966827568e-03,6.056811750990083176e+00,3.668496858693155360e+01,3.666989264762161582e+01
9.321192590186219151e-01,1.728588456024642284e-01,6.607690545000687206e-03,6.363144892699321153e-02,4.516191996574405287e+00,2.039599014992271009e+01,2.026872725206872516e+01
9.814891410885895340e-01,3.881907928513286254e-01,3.369585031014382670e-02,9.055830082164290085e-02,6.359440377048332316e+00,4.044248190923264019e+01,4.026136530758935805e+01
4.209116941437199833e-01,-1.901876484175111237e-01,8.220849138753478016e-03,8.686416359925014374e-02,6.813471582950697325e+00,4.642339501167668203e+01,4.624966668447817852e+01
2.882196157677194837e-01,1.053166024748475316e-01,3.122187619397327751e-02,6.757884093771475420e-02,8.100384672906457695e+00,6.561623184905785422e+01,6.548107416718242746e+01
2.539283911371252866e-01,2.707244652491702652e-02,3.171080297301115750e-03,3.102461329985412714e-02,1.086343888633170707e+01,1.180143044370638989e+02,1.179522552104641875e+02
1.774577975507453109e-01,-1.353499563779017478e+00,6.184707328467407839e-02,1.937426769838214435e-02,5.555397813361366843e+00,3.086244486470025450e+01,3.082369632930349113e+01
7.997074733917504119e-01,-1.640745661526397114e-01,3.324198613095662863e-02,9.468488742584579843e-02,4.550680282646839991e+00,2.070869103487072493e+01,2.051932126001903356e+01
9.871063684397696214e-01,5.983922473239422501e-03,2.638058515526812281e-02,1.785963087744721622e-01,3.043494936442031396e+00,9.262861428148285725e+00,8.905668810599340901e+00
9.555069878516964099e-01,-3.345235053744675113e-01,1.313910929143610566e-02,1.432514419802198014e-01,4.381603599199734411e+00,1.919845010052006629e+01,1.891194721655962496e+01
7.764339350256764805e-01,2.030005883960361857e-01,1.468069208044882508e-02,8.183762088468198026e-02,5.100088661068034490e+00,2.601090435075473906e+01,2.584722910898538117e+01
9.940947131543054205e-01,-1.192351823421056167e-01,8.978480607397795743e-03,4.323626225642886178e-02,3.467498796905672087e+00,1.202354790654228367e+01,1.193707538202942686e+01
9.945596455159904092e-01,-6.096034440297115609e-02,8.926668194234148312e-03,8.082461472904724220e-02,2.238276206273372537e+00,5.009880375569521149e+00,4.848231146111427137e+00
7.979584974305011791e-01,3.827798174614160942e-02,1.896761984032543230e-02,5.128779705074152512e-02,3.774915612993744674e+00,1.424998788522393944e+01,1.414741229112245691e+01
8.793610014993475943e-01,6.754216691413583717e-02,9.919956977147688024e-03,8.555120470269857169e-02,6.232260153267702663e+00,3.884106661800836946e+01,3.866996420860296979e+01
9.313738756847778077e-01,-8.831876205742261732e-02,2.239665558991874722e-02,5.348287506881601455e-02,2.409833802962362270e+00,5.807298957900041358e+00,5.700333207762409593e+00
9.698778268799695956e-01,-1.646319443619894685e-01,1.139964756712854438e-02,4.729764053606475699e-02,3.893135444264309797e+00,1.515650358738706416e+01,1.506190830631493505e+01
7.783936142207030784e-01,-9.426869679467175800e-02,3.193378683694855780e-02,6.476091819814691619e-02,3.228415319595970168e+00,1.042266547580194924e+01,1.029314363940565435e+01
8.499533032304311675e-01,-8.296056593006906343e-02,2.265175268782488368e-03,5.689089629378381308e-02,3.148712159037996727e+00,9.914388260473721459e+00,9.800606467886154860e+00
8.837530807624671692e-01,-2.666581464086537068e-02,1.263400987763685715e-02,5.408648066104492641e-02,3.785134822930611431e+00,1.432724562776195043e+01,1.421907266643986034e+01
7.659983174749405155e-01,-3.207017600794004331e-02,1.355399027757284505e-02,3.823146980352545854e-02,2.413034414563630214e+00,5.822735085868441907e+00,5.746272146261391711e+00
9.885729575807010727e-01,-2.426854925711959682e-02,1.083963612502352077e-02,6.500834980290866316e-02,2.431811824724405380e+00,5.913708750869441921e+00,5.783692051263624734e+00
9.226412066672038392e-01,-1.750721395780567846e-01,1.664303591159543155e-02,1.321541227927343076e-01,2.873949780627261141e+00,8.259587341567481644e+00,7.995279095982013473e+00
6.989912109559395237e-01,1.580069168961566461e-01,7.354233448714628772e-03,9.155913413824139091e-02,6.512034071057512641e+00,4.240658774261387975e+01,4.222346947433740638e+01
4.093067010829528618e-01,-9.876369150498875982e-02,3.877542085763046285e-03,1.889642343365330324e-02,3.097048209408027386e+00,9.591707611397469080e+00,9.553914764530162529e+00
9.345289103376230866e-01,-9.162947153507339237e-02,4.855109174618732482e-03,5.956441380583754608e-02,5.321550983686279324e+00,2.831890487197240702e+01,2.819977604436073548e+01
9.938857955344613249e-01,-1.680159127443582312e-01,8.129089069140896934e-03,7.279650105262447379e-02,3.143586332147828788e+00,9.882135027666640426e+00,9.736542025561393032e+00
4.958206873899313472e-01,3.437825335587119113e-03,8.990837163424723194e-03,4.603474362003803777e-02,4.018868255232094455e+00,1.615130205291226062e+01,1.605923256567218260e+01
7.047758251701459198e-01,4.922804281379256075e-02,6.703675694482333705e-03,3.266402880598400643e-02,1.998906495401975514e+00,3.995627177360208115e+00,3.930299119748240422e+00
5.202599291597942432e-02,1.436273148271638433e-02,3.804064058164891536e-03,1.276892144303400783e-02,8.230879000702634229e+00,6.774736912420758017e+01,6.772183128132151353e+01
4.374040864235984039e-03,9.437787378807627192e-04,2.212131028998907815e-04,1.873644202034131930e-04,9.515434407213918533e+00,9.054349195799048289e+01,9.054311722915008431e+01
9.461112170506421615e-01,-7.412561958613927970e-02,6.281692301495953035e-02,1.500785879304878112e-01,5.223737287328797052e+00,2.728743124702922174e+01,2.698727407116824750e+01
9.807854948687252383e-01,1.901773972617253339e-01,2.195088143278212459e-02,1.326917262246479767e-01,3.579791766782091322e+00,1.281490909352084806e+01,1.254952564107155233e+01
9.864245395155865070e-01,5.442305033131802361e-01,4.320001329651829147e-02,1.172411681296220975e-01,3.441184379885713795e+00,1.184174993636942474e+01,1.160726760011018044e+01
9.427536412548780387e-01,2.181566338395546367e-02,2.442381568334158620e-02,6.633665917306190429e-02,3.387739644728099186e+00,1.147677990046246777e+01,1.134410658211634271e+01
8.486689305907946235e-01,2.070283921906779234e-01,5.297620956974763602e-03,7.084463093030597680e-02,3.664781590131492628e+00,1.343062410336671242e+01,1.328893484150610149e+01
2.889095427648199488e-01,-8.200500287115882747e-01,3.560224337276787082e-02,5.080717003772792367e-02,3.867001603623498429e+00,1.495370140242670765e+01,1.485208706235125220e+01
9.888022209637569171e-01,-2.201927749931442690e-03,3.174258955855765313e-02,1.602243092930149271e-01,3.592199348094415878e+00,1.290389615644994770e+01,1.258344753786391657e+01
9.932263556893534684e-01,-1.170021073046447202e-01,9.734649138435385500e-04,2.318826328892109254e-02,1.943070646410066438e+00,3.775523536940433633e+00,3.729147010362591885e+00
9.254064905685986941e-01,3.531656328436927339e-02,3.528631389487922772e-03,8.973186510815719941e-02,2.755115122657262550e+00,7.590659339094742997e+00,7.411195608878428764e+00
3.267174272796911083e-01,1.901625136651374781e-02,1.729003258936925294e-03,1.735113072060407921e-02,3.431749978120268274e+00,1.177690791232846301e+01,1.174220565088725543e+01
7.974218352441001523e-01,3.052123944036031281e-02,1.502360097018739073e-03,3.500061717880200568e-02,2.606133018842938576e+00,6.791929311903407651e+00,6.721928077545804570e+00
9.306981521892760956e-01,-2.588497696517080282e-01,4.348703571944243472e-03,4.627588539210884117e-02,2.655383787405434681e+00,7.051063058415629747e+00,6.958511287631411690e+00
9.935522074873848197e-01,-6.557104053167361890e-02,6.082269406244639014e-03,1.153437423291427261e-01,4.044479270647793001e+00,1.635781257069970351e+01,1.612712508604141703e+01
8.269040937578575612e-01,-7.618917021217619379e-02,8.009428932846234797e-04,3.293236064284828235e-02,4.048795262439096376e+00,1.639274307714926948e+01,1.632687835586357394e+01
8.387127374070426633e-01,-6.535727225991605494e-02,5.984176131880268590e-02,1.365805135218463306e-01,3.189838708631766107e+00,1.017507098708557223e+01,9.901909960041878733e+00
8.985348610563215210e-01,-1.630311602725833531e-01,8.759795303587092005e-03,5.659346724588484173e-02,3.660054080905098761e+00,1.339599587515006718e+01,1.328280894065829720e+01
9.836028940623573469e-01,1.331198431860447506e-01,7.828294731421036115e-03,1.083759221279678303e-01,3.475399082515576943e+00,1.207839878275011358e+01,1.186164693849417695e+01
3.264178592778638199e-01,-1.377052377302518948e-01,2.117465191002195629e-03,6.550096082563439115e-02,1.119141867827623571e+01,1.252478520324702203e+02,1.251168501108189446e+02
9.554542301714853414e-01,1.224640210974847765e-02,9.707619195642719703e-03,4.964860333691695909e-02,3.756311761863000864e+00,1.410987805231032333e+01,1.401058084563648798e+01
9.812607096242841331e-01,-2.006280425899298336e-02,1.070903166455947769e-02,5.214096254197710806e-02,3.215231157582893573e+00,1.033771139669183370e+01,1.023342947160787908e+01
9.452157218930982152e-01,1.118681871352598112e-01,5.307837841733570143e-03,4.689035506116338847e-02,2.937209219805382521e+00,8.627198000909745090e+00,8.533417290787417286e+00
9.235076620987047180e-01,2.983983788733324261e-03,7.470871564944561206e-03,6.036732555388964888e-02,3.044825993140221509e+00,9.270965328502336789e+00,9.150230677394560530e+00
9.215396024628831340e-01,-7.307684945335690685e-02,1.726054682308732907e-02,1.502564612151566503e-01,3.466992140024455438e+00,1.202003449899135212e+01,1.171952157656103921e+01
9.169677161404630183e-01,5.132910658922829050e-02,1.139032066813220213e-03,3.995428368845231615e-02,2.875386273013976091e+00,8.267846219037204847e+00,8.187937651660300631e+00
8.458357285125388536e-01,2.261770905187652225e-01,8.755043931719297748e-03,4.900999996056502189e-02,3.631569824719248718e+00,1.318829939181139466e+01,1.309027939189026490e+01
8.385042524845783829e-01,-1.864659275633435420e-01,2.895225921470310354e-02,8.443744664792010579e-02,2.806181172734405038e+00,7.874652774209041972e+00,7.705777880913201372e+00
9.438430960579682338e-01,-4.327705540644793958e-02,7.284179254375532792e-03,1.387769252298461931e-01,3.488506759781430766e+00,1.216967941304073797e+01,1.189212556258104669e+01
9.258104072046300370e-01,-5.283790207316396703e-03,1.742459786839584482e-02,7.260320899267996841e-02,3.347810417583218623e+00,1.120783459207872390e+01,1.106262817409336208e+01
9.751538341431934542e-01,2.641540111284998438e-01,1.337470592877309031e-02,5.975474970167561628e-02,3.240564490824771493e+00,1.050125821919441016e+01,1.038174871979105873e+01
6.762079027337903891e-01,2.969182936639668813e-01,5.857066396083902143e-02,1.430773558223170372e-01,3.882612662458781116e+00,1.507468108668526519e+01,1.478852637504062884e+01
9.521122706151067261e-01,1.309427376619161087e-01,9.327270504123451669e-03,7.853427297814126462e-02,3.051052176195141463e+00,9.308919381865107923e+00,9.151850835908826198e+00
8.816876539721661965e-01,2.404650362886162629e-02,1.866431904902128049e-03,4.485992805673219563e-02,3.545862335160202328e+00,1.257313969990776314e+01,1.248341984379429981e+01
9.107465669625796068e-01,1.888994293158647864e-01,3.559602414593825669e-03,3.733256598648096447e-02,2.877626580657149269e+00,8.280734737704557702e+00,8.206069605731595829e+00
7.123508368337865271e-01,8.649471491063820405e-02,3.550208883147774538e-03,7.192275179324175705e-02,4.424791478504729980e+00,1.957877962824807483e+01,1.943493412466159143e+01
9.396828692290536411e-01,-2.018792042879389292e-01,1.601808829298678044e-02,6.799692351712517679e-02,3.224638780451029696e+00,1.039829526438870388e+01,1.026230141735445223e+01
9.925009436341631908e-01,2.376079780514932516e-01,8.268382168879602478e-03,1.004567643107863034e-01,2.783865922984864127e+00,7.749909477156369242e+00,7.548995948534796163e+00
8.759314158066864309e-01,5.873594241268065286e-02,6.820027548845339176e-03,8.743261073349542500e-02,3.051802617540237961e+00,9.313499216425446647e+00,9.138633994958455631e+00
9.739849434447781507e-01,1.205142349417500647e-01,1.959410086950690716e-02,5.515913669360034827e-02,3.158205699130090416e+00,9.974263238017782029e+00,9.863944964630579904e+00
9.883306697009545116e-01,1.370574775685065028e-01,1.465591419873540045e-02,2.036932676303709333e-01,4.197013883402305190e+00,1.761492553747169865e+01,1.720753900221095734e+01
9.917549849564651909e-01,-5.231336968930691000e-01,6.600676450450897702e-03,1.550429426977127101e-01,3.824648044715147854e+00,1.462793266594340480e+01,1.431784678054797766e+01
9.856628322248489615e-01,-3.196190240397863147e-01,1.263306875881008845e-02,1.693293344719484228e-01,3.578331568323417589e+00,1.280445681285992876e+01,1.246579814391603058e+01
9.815379844903191486e-01,-4.920397140340959652e-02,1.570034767452495317e-02,1.570183711288160588e-01,3.688494712564720945e+00,1.360499324461790316e+01,1.329095650236027026e+01
8.513139454585426646e-01,-5.261514825722402033e-02,4.178019767249382781e-03,5.805434080913875888e-02,3.125725291045867937e+00,9.770158595083776376e+00,9.654049913465497568e+00
9.781565919251707930e-01,5.215242985614665372e-02,1.978305783342875282e-02,5.538025023538246244e-02,3.403907268697745181e+00,1.158658469389334300e+01,1.147582419342257865e+01
8.581508350727450329e-01,2.580461847297099709e-02,2.734296617708480929e-03,2.935365643628166585e-02,3.042275824911611970e+00,9.255442194841629444e+00,9.196734881969065967e+00
7.544892147031398988e-01,-4.831803053479988286e-02,1.948465574900972233e-03,4.462227691403158891e-02,3.518782394788273926e+00,1.238182954187189999e+01,1.229258498804383670e+01
9.701792295809101851e-01,-2.838296470995127496e-01,1.811759892232351135e-02,1.282304441552195029e-01,2.997692376112600421e+00,8.986159581803608631e+00,8.729698693493169515e+00
9.837017192052456283e-01,1.197464554637102996e+00,1.007409720669709130e-01,2.573948051941315485e-01,4.559368949546386496e+00,2.078784521808772112e+01,2.027305560769945814e+01
1.220265245728999748e-01,2.777364245873670257e-02,7.334166459217279256e-03,1.344330060336937187e-02,9.421929952054691526e+00,8.877276402142531708e+01,8.874587742021859071e+01
9.119065777055800348e-01,-5.302720527941184869e-02,6.792100648977491238e-03,1.153450141458596395e-01,4.218814464618400706e+00,1.779839548687344575e+01,1.756770545858172383e+01
2.599796770761255704e-01,7.529477359577052553e-02,1.682131697382665061e-02,5.975496318191126505e-02,5.988890125205209358e+00,3.586680493178046447e+01,3.574729500541663896e+01
5.395561868637077652e-02,6.544889842727386053e-03,8.839449189539454969e-04,3.663072943872462250e-03,6.918379607258822617e+00,4.786397639013474503e+01,4.785665024424699965e+01
9.391396725688196945e-01,-2.860570159802833246e-02,1.124552725620657639e-01,1.989736884468202849e-01,7.582061897138907547e+00,5.748766261204564643e+01,5.708971523515200630e+01
8.343060525229246682e-01,-8.959563972044759517e-02,7.955278922608529160e-03,5.691361174365192066e-02,3.780632642810553889e+00,1.429318317988471421e+01,1.417935595639741031e+01
9.377764698759524231e-01,-2.924810589800976857e-01,2.246410209063163729e-02,1.144385501040302705e-01,5.238107500208640133e+00,2.743777018374200694e+01,2.720889308353394398e+01
9.890312129550271614e-01,-5.618589303816801106e-02,1.786065954425355637e-02,2.034958112472110281e-01,4.726001280923958880e+00,2.233508810729489724e+01,2.192809648480047713e+01
8.131101585674272991e-01,7.895040547844001111e-02,5.979253205183056655e-03,8.797522167826515860e-02,4.486685464821885461e+00,2.013034646024397745e+01,1.995439601688745057e+01
8.464049601660504907e-01,-1.034500263857518476e-01,1.090401290432606307e-02,7.546256068558722385e-02,6.235241786705124412e+00,3.887824013867371065e+01,3.872731501730253711e+01
9.893616840660339751e-01,-1.872672497869480868e-01,7.257993825253358615e-03,1.365466286453863864e-01,2.719625579525982939e+00,7.396363292812037749e+00,7.123270035521265697e+00
7.544966953237290941e-01,2.020528934812102495e-01,1.616114624472124797e-02,2.361721555093850289e-01,4.569942834416212740e+00,2.088437750983208829e+01,2.041203319881331879e+01
2.561590645720024373e-02,2.330509084960574739e-03,2.674522147741747362e-04,1.760447650806987348e-03,6.457146048663128468e+00,4.169473509376585696e+01,4.169121419846424459e+01
8.089020509290841821e-01,1.106798550862020392e-01,1.129375833706385557e-01,2.575314828245315879e-01,1.079136263122811457e+01,1.164535074386665912e+02,1.159384444730175403e+02
6.542603321509299352e-01,-3.222664810651027500e-01,3.270613695593783260e-02,1.082967136590204799e-01,5.254143248911031350e+00,2.760602128007736766e+01,2.738942785275932934e+01
8.350557565575664754e-01,-1.338999372901594764e-01,1.409923405832017203e-02,5.972156447652474109e-02,4.915268830061843452e+00,2.415986767177752270e+01,2.404042454282447139e+01
9.471941488815739385e-01,6.598596129338796246e-02,1.662426469959015288e-02,6.399495199267797585e-02,5.221815295430442205e+00,2.726735497959132104e+01,2.713936507560596212e+01
9.168555849944791669e-01,-1.051975359883794425e-02,4.694677727250474650e-03,5.786266634169971723e-02,3.085330093503182880e+00,9.519261785876359738e+00,9.403536453192961275e+00
9.878212964877425284e-01,2.558931680710697654e-01,8.335420937918832512e-03,8.912045907707810688e-02,3.643328908313737902e+00,1.327384553415457447e+01,1.309560461600041670e+01
2.655656669674925086e-01,3.049297965939690158e-02,4.388111532636819294e-03,2.746219115417606119e-02,6.212271742938511920e+00,3.859232020811229802e+01,3.853739582580394085e+01
8.794624019867339770e-01,-2.028752889267515513e-02,1.138829869897360278e-02,6.252023347793279895e-02,3.555500838399786812e+00,1.264158621186158626e+01,1.251654574490572180e+01
9.746787681555508787e-01,-4.061148587321007919e-01,1.792439393168099998e-02,7.937239512743399228e-02,3.390627141469146011e+00,1.149635241246723361e+01,1.133760762221236718e+01
9.673728598920593447e-01,-4.929897111617176364e-02,2.208989252449284138e-02,1.251042972195203773e-01,2.969842211720755465e+00,8.819962762518427368e+00,8.569754168079386503e+00
7.605666143869935780e-01,-2.160625070687821891e-01,6.380158134978123653e-03,5.158909432790441396e-02,3.362915566184900396e+00,1.130920110528870914e+01,1.120602291663290018e+01
5.368324985278698502e-01,-2.949464901002116779e-01,3.587537624087772797e-02,5.042082644878192327e-02,5.234755652782519419e+00,2.740266674433854277e+01,2.730182509144098191e+01
9.923990645835605307e-01,2.394974623419054982e-02,1.276872538099260972e-03,1.049705807818864800e-01,3.917576431791628178e+00,1.534740509892922589e+01,1.513746393736545492e+01
9.497699535576652474e-01,-2.950219536158795730e-01,5.634384271068795975e-03,1.086273651778474070e-01,2.560273835476255755e+00,6.555002112624296551e+00,6.337747382268601015e+00
6.601023007262192266e-01,-5.611679913602074521e-02,9.899700596063308947e-03,1.205158658599522897e-01,5.758032381693726443e+00,3.315493690863352327e+01,3.291390517691361595e+01
8.781789440591145635e-01,1.976775523628866715e-02,7.460575512489730013e-03,6.285144195677490331e-02,4.216776576843906277e+00,1.778120469901941192e+01,1.765550181510585759e+01
9.809428107756833493e-01,1.708055863469320756e-01,7.654864057261213071e-03,1.011948907072565268e-01,3.711951202056250843e+00,1.377858172644684664e+01,1.357619194503233473e+01
9.033352468980139216e-01,-4.423165990138855364e-02,1.464441080460497993e-02,3.016976737128623798e-01,4.563799421190521066e+00,2.082826515685893654e+01,2.022486980943321200e+01
9.018954356919280935e-01,-1.101315150695716394e-01,1.236679968799792723e-02,5.239388002693500662e-02,3.856791630505084001e+00,1.487484168113406469e+01,1.477005392108019599e+01
7.733697310954792403e-01,-1.512491801453539342e-01,4.151151158982400655e-03,9.910229088529659558e-02,4.295163035940833041e+00,1.844842550531247483e+01,1.825022092354188175e+01
4.221570682340620717e-01,-3.322803201655215588e-01,4.934143491203988284e-03,1.146305383773349867e-01,1.482893129538824972e+01,2.198972033633450565e+02,2.196679422865904030e+02
8.902310739202800027e-01,-7.504352234380617936e-02,5.049799008255840237e-03,4.170231343518151362e-02,2.543980090973923414e+00,6.471834703271691858e+00,6.388430076401329316e+00
9.078870771645188853e-01,-6.889338134128797364e-02,5.926906979605051605e-03,5.792703818793467491e-02,2.515774191320176101e+00,6.329119781712686965e+00,6.213265705336818101e+00
9.504935988988000295e-01,4.711607400339987706e-01,9.463882202886219827e-03,1.281610827920712514e-01,3.421411306309336098e+00,1.170605532694135853e+01,1.144973316135721397e+01
1.117628765535484403e-01,1.331202579024148847e-02,1.660505417368389252e-03,1.194845668000277944e-02,3.274414518692205345e+00,1.072179044022230698e+01,1.069789352686230188e+01
5.878724270295264676e-01,-4.233016329401784184e-02,3.577642068312838260e-03,3.181133440639378335e-02,4.817020221839798388e+00,2.320368381761353760e+01,2.314006114880075060e+01
7.781435086951153934e-01,-1.674732728904048118e-01,2.321298912690022368e-03,2.544859221743093688e-02,2.704960385449884708e+00,7.316810686853189694e+00,7.265913502418327674e+00
7.217058865593553030e-01,-1.729477999054633841e-01,3.634468899837499378e-02,8.805365018419171463e-02,2.949023542263136566e+00,8.696739852822217287e+00,8.520632552453834663e+00
9.158664426989232554e-01,-8.337143439746264040e-02,2.024697925936581964e-03,4.100533646612984640e-02,2.532937600017724389e+00,6.415772885583549190e+00,6.333762212651289580e+00
9.499464587008324967e-01,-1.842039033524134339e-02,4.361449130292406953e-03,7.311243785157545139e-02,3.001981512112406048e+00,9.011892999064688325e+00,8.865668123361539088e+00
4.248455998023774605e-01,6.916637038377082547e-02,7.296243043253670610e-03,2.955082720156236575e-02,4.147234962143651948e+00,1.719955783122665594e+01,1.714045617682353040e+01
8.895262604282548891e-01,-8.800597921140873581e-02,2.351881064501871836e-03,3.728197411971959779e-02,2.662945454918043353e+00,7.091278495868664322e+00,7.016714547629224974e+00
9.779516911341684660e-01,4.686126647577900095e-01,1.818440781821829486e-02,1.012607851130178233e-01,3.021094042629941967e+00,9.127009214414126603e+00,8.924487644188092261e+00
9.091006436734317964e-01,2.227882389152129328e-01,2.568286374107996844e-02,1.868278657480504368e-01,5.147254641908237893e+00,2.649423034864590321e+01,2.612057461714980278e+01
8.710862218374173516e-01,2.990122593143706986e-02,2.362340893458067612e-03,3.866236699252748737e-02,3.393282200396288140e+00,1.151436409152627505e+01,1.143703935754122014e+01
8.108257486223720001e-01,4.184160198540576303e-02,1.006595723793550327e-02,8.487205664148207707e-02,4.664559947946316676e+00,2.175811950798494365e+01,2.158837539470198053e+01
9.920613901389931932e-01,-1.933021565299031241e-01,2.764366949414664987e-02,1.271336568090006836e-01,3.830741713011444727e+00,1.467458207180585816e+01,1.442031475818785680e+01
9.823495998657360007e-01,1.054126433166620025e-01,2.424307690070651167e-02,1.035292662044380030e-01,3.599908804293431519e+00,1.295934339922936296e+01,1.275228486682048867e+01
9.903608606424407768e-01,8.956190045075247685e-02,2.761849706761494196e-03,6.579367461842969278e-02,3.433783033551680131e+00,1.179086592150737900e+01,1.165927857227051945e+01
8.801098146331164385e-01,2.360318981347644396e-01,1.425339759711286708e-02,9.313419739122229257e-02,4.330459841500333695e+00,1.875288243884709161e+01,1.856661404406464655e+01
6.636158845440052190e-01,-6.156643490364006599e-01,4.573846200511236249e-02,1.197834816345802744e-01,3.839472014634414343e+00,1.474154535116085007e+01,1.450197838789168969e+01
8.028280660008959568e-01,-3.171889085019137799e-01,1.312208339345695418e-01,1.059895858664680751e-01,5.118311594723591540e+00,2.619711358068195750e+01,2.598513440894901905e+01
9.237011097505405388e-01,1.196575923383356166e-01,2.831387748086498443e-03,5.041713016259136149e-02,2.937343224056417235e+00,8.627985215910147332e+00,8.527150955584964720e+00
6.416254117858884998e-01,-7.452856826295000126e-01,1.660053580238705223e-02,3.983409469747625081e-02,4.641982098697107872e+00,2.154799780462440850e+01,2.146832961522945382e+01
7.887158860776899427e-02,3.330916470179312583e-02,1.374660003821461321e-02,3.142966215157669968e-02,6.940267686673426972e+00,4.816731556268332071e+01,4.810445623838015905e+01
2.102567191678128555e-02,1.641050538851551721e-03,1.549557077400812177e-04,2.026985461802430308e-03,5.515516998152813599e+00,3.042092775691262219e+01,3.041687378598901503e+01
9.380738052450076081e-01,-2.337706177586085232e-02,3.671047411339099786e-02,1.399823430750619935e-01,7.676368063530906838e+00,5.892662664679724571e+01,5.864666196064712977e+01
7.908467404579224702e-01,2.379275099953290784e-01,2.425655560183492473e-02,6.282882024297731238e-02,2.895282760401048261e+00,8.382662262675514953e+00,8.257004622189560550e+00
9.187357264015155733e-01,-2.282976228055377810e-02,1.062592413671455648e-02,1.081540955792086728e-01,2.935987041103834017e+00,8.620019905529645143e+00,8.403711714371226549e+00
5.722591706813766610e-01,6.876626562065002446e-03,2.109586870866458040e-03,2.293006738207828410e-02,3.502061493051997321e+00,1.226443470111758316e+01,1.221857456635342665e+01
9.010846114273746155e-01,-3.822459397647965940e-01,6.975178767768119327e-03,4.982777945259118241e-02,3.623404044306041794e+00,1.312905686829337881e+01,1.302940130938819507e+01
9.939502002763976884e-01,-2.708455445346213963e-02,5.521957970364702040e-02,1.068467532423076072e-01,4.222399631423794375e+00,1.782865864744779572e+01,1.761496514096317867e+01
9.978929654441657249e-01,-3.291269282107081584e-01,6.170659870399004820e-03,5.157795005445574982e-02,3.058647403253557773e+00,9.355323937429732339e+00,9.252168037320819494e+00
6.923002294298423731e-01,1.130631425720052263e-01,2.162051444302814929e-02,2.451466826177712832e-01,4.957792762527638786e+00,2.457970907617143652e+01,2.408941571093589218e+01
7.935330827844102597e-01,4.400626139579300045e-02,1.320650262751344589e-02,4.801191348118271501e-02,3.410951066279597210e+00,1.163458717655391972e+01,1.153856334959155383e+01
9.418348453637086504e-01,1.680561733595204998e-01,8.063278396251875174e-03,6.592770983476359259e-02,3.318565726562288543e+00,1.101287848151389070e+01,1.088102306184436330e+01
2.536131453544878678e-01,-2.095738270501357192e-03,2.493349533080486177e-03,2.492591736286671814e-02,8.285107725274604817e+00,6.864301001940492597e+01,6.859315818467919712e+01
9.693947637939497319e-01,-4.054056400011861738e-01,2.114558924824138375e-01,1.390187112466504116e-01,3.405233504954769508e+00,1.159561522326654348e+01,1.131757780077324149e+01
9.872931929449074717e-01,-2.187813985990660903e-01,1.868224134977649470e-02,1.196069366450338289e-01,2.958083505576658556e+00,8.750258025964694042e+00,8.511044152674626773e+00
9.296541113963300296e-01,1.649377698260443559e-01,5.607190384959629022e-03,1.658778388977025509e-01,3.573007456533563442e+00,1.276638228444444323e+01,1.243462660664903829e+01
9.952559981053999971e-01,9.325099708035083923e-02,1.101995359138971224e-02,1.267767459099425065e-01,2.793872769261388722e+00,7.805725050820301547e+00,7.552171559000417034e+00
9.024413603013289320e-01,-9.773106082963389785e-02,9.452432275903017642e-03,1.490496555988679306e-01,4.675356940679132656e+00,2.185896252275653850e+01,2.156086321155880015e+01
8.076841830166009428e-01,1.514364716353982510e-01,1.849994147911321199e-03,8.305461904409593143e-02,4.413198114015342455e+00,1.947631759354857550e+01,1.931020835546038583e+01
9.003233273102988488e-01,-1.110302556287330322e-01,1.417851719487280872e-02,7.870879776355468871e-02,3.314992922053581204e+00,1.098917807326533946e+01,1.083176047773823036e+01
9.933410692661175379e-01,-6.334750404142973634e-01,1.893138899016644228e-02,2.023109986236609759e-01,2.819452641036684692e+00,7.949313195048735459e+00,7.544691197801413729e+00
4.758100828668879734e-01,4.989833109114183429e-02,5.297276456184947524e-03,3.221921821753403331e-02,3.074606927852110427e+00,9.453207760796191295e+00,9.388769324361122770e+00
9.597028920409332864e-01,1.307797180579664542e-01,2.515173389586339639e-02,8.929451784528191771e-02,2.896316494743549796e+00,8.388649237723562635e+00,8.210060202032998689e+00
7.084090971223621080e-01,-3.555409468597305889e-01,4.174623446752365880e-02,1.228865182773624387e-01,3.383765395817859289e+00,1.144986825393439389e+01,1.120409521737967218e+01
9.692978950673178939e-01,-2.939330442640999963e-02,4.934106874570037653e-03,1.671238670366772816e-01,3.056397455881264325e+00,9.341565408317464403e+00,9.007317674244109895e+00
8.845332295723722371e-01,-9.820404898593748655e-02,1.656376050405331327e-02,1.208876440147957643e-01,4.001912894908712381e+00,1.601530681843662762e+01,1.577353153040703582e+01
8.684179217896627057e-01,2.121524985498846327e-01,1.789929441776839589e-02,8.469295975663537757e-02,3.871106874537002085e+00,1.498546843408763785e+01,1.481608251457436687e+01
9.018433558017745488e-01,6.837372810258735001e-02,6.016134614547121763e-03,3.550129987048108310e-02,2.694479672988688623e+00,7.260220708149230262e+00,7.189218108408267582e+00
5.006008124334196951e-01,3.035687040590739905e-01,1.679516543474037296e-03,1.851364726763365595e-02,3.201732720119450093e+00,1.025109241108349423e+01,1.021406511654822680e+01
9.949434929359849411e-01,-7.984373332466598860e-02,3.497715037446891273e-03,3.987608928934704977e-02,2.024050933129593943e+00,4.096782179902780818e+00,4.017030001324086719e+00
9.944926642647967663e-01,8.270523433136800495e-02,4.757363724045255739e-03,4.043021805119814682e-02,2.890178076415354624e+00,8.353129313391960409e+00,8.272268877289565836e+00
9.972956922328608531e-01,1.072001423673697440e-01,1.643876763038296671e-03,6.012726445225385213e-02,1.845093338268264382e+00,3.404369426921928010e+00,3.284114898017420181e+00
6.697564694014168651e-01,-3.350378158865474632e-02,1.863770137531895648e-03,3.650835229355988559e-02,4.543698626712341593e+00,2.064519721038761801e+01,2.057218050580049962e+01
9.948086671359015476e-01,1.785125763259420850e-02,2.276604990029107954e-03,2.964677244920978921e-02,3.111923855156630836e+00,9.684070080292906724e+00,9.624776535394486743e+00
9.977465652913892757e-01,1.250060967028850389e-01,1.235235055958664027e-03,6.461956353850464851e-02,3.544127229641470755e+00,1.256083781988612635e+01,1.243159869280911956e+01
8.781776052370636743e-01,-2.380560926672864452e-01,8.092541418669028236e-03,2.360543954440132430e-01,3.381739661858593760e+00,1.143616314058747463e+01,1.096405434969944892e+01
8.244600343084483862e-01,-7.005530744395468967e-02,1.846617745532863619e-02,6.949865885808315102e-02,4.006817291794781966e+00,1.605458480982566982e+01,1.591558749210950197e+01
8.977303372121259173e-01,1.303820776346291677e-01,1.536072737002904323e-02,5.339845919488381970e-02,4.290034383696209375e+00,1.840439501329571570e+01,1.829759809490594336e+01
6.945283815927938420e-02,6.969489965123365494e-03,7.655193015101567806e-04,1.113883870299002543e-02,5.078340415998483515e+00,2.578954138076364799e+01,2.576726370335767058e+01
8.556578796322766856e-03,2.027361294274498960e-03,4.984609396177024868e-04,6.526943736770913270e-04,1.201624478073389035e+01,1.443901386305144570e+02,1.443888332417671165e+02
9.297523453128064830e-01,3.153719500860469038e-01,2.487917091520224985e-02,1.669706669535991339e-01,7.409673116387955893e+00,5.490325569172240705e+01,5.456931435781520889e+01
7.004501074725573151e-01,-5.402098901608054504e-02,2.358433136285890616e-02,7.860516071366381585e-02,5.246751673716147479e+00,2.752840312564319802e+01,2.737119280421586964e+01
9.479818273820699304e-01,6.701456000279115699e-02,2.934707455554438731e-03,8.653613331923973306e-02,5.190569696285685986e+00,2.694201377199927805e+01,2.676894150536080019e+01
9.937603835699237997e-01,5.294094004883187488e-02,1.077093999995068323e-02,5.123933387917659066e-02,3.835441498887475209e+00,1.471061149138820312e+01,1.460813282362984999e+01
9.920099445071630662e-01,-2.148996820972626232e-02,3.162733053712837167e-03,6.459496521633723010e-02,3.551804263669572581e+00,1.261531352742135503e+01,1.248612359698867991e+01
2.621420335087701892e-01,-7.649673648280264082e-01,1.422546109226647225e-02,3.782280611283699717e-02,4.209002219325570060e+00,1.771569968228757475e+01,1.764005407006190040e+01
8.529940399049645849e-01,-2.749419857702077863e-01,8.156965016673834584e-03,1.155714360447856054e-01,4.237384818518318497e+00,1.795543010020952579e+01,1.772428722811995527e+01
7.556451712006316823e-01,9.503481236879540717e-02,1.092488210071019400e-02,3.415439007766684493e-02,3.264983087186498434e+00,1.066011455961387888e+01,1.059180577945854473e+01
6.230123847038244733e-01,-5.712936082947059901e-01,4.275963582571264132e-02,6.894136954405248596e-02,3.565899396852813652e+00,1.271563850847526034e+01,1.257775576938715467e+01
9.130413211290522302e-01,-1.040233879771079728e-01,7.376224450043124096e-03,6.610764307668329232e-02,2.550942042666069387e+00,6.507305305041337640e+00,6.375090018887970444e+00
9.275386155937104249e-01,-9.877556829164479968e-02,2.068898047793864270e-02,1.119357330137842471e-01,2.704917263453585186e+00,7.316577402129230911e+00,7.092705936101662445e+00
8.776030879768940141e-01,-1.128854123442113444e-01,1.111946450284793594e-02,6.252184659478800255e-02,3.607730233737322045e+00,1.301571743942235315e+01,1.289067374623277829e+01
8.985249381492097509e-01,-1.185922824891995075e-01,5.542772062663765299e-03,3.210669930565310248e-02,2.361684885542156387e+00,5.577555498598268713e+00,5.513342099986962452e+00
9.816175964378736074e-01,3.447690723391068357e-02,6.364666508558180537e-03,1.061194417337642942e-01,2.672759684413881676e+00,7.143644330628192485e+00,6.931405447160664757e+00
9.852326290866687541e-01,-1.608462850006727174e-01,7.577236241365165915e-03,1.097199894827930733e-01,3.047182956365955153e+00,9.285323969567162550e+00,9.065883990601575348e+00
9.715760668599118244e-01,-2.525241283652679414e-02,1.754870370357720574e-02,1.067577859227700626e-01,3.440246015973129623e+00,1.183529265041899059e+01,1.162177707857344977e+01
9.068638279027102511e-01,1.890359019500120752e-01,1.320231907270700937e-02,6.782832075711871245e-02,3.581698094297104618e+00,1.282856123869151155e+01,1.269290459717727515e+01
9.220223276485991493e-01,3.790806437152834107e-02,1.113549120935527353e-02,4.811690138827987712e-02,2.448558279342677224e+00,5.995437647337571896e+00,5.899203844561013099e+00
9.857760733356464300e-01,4.918104512994212474e-01,8.744850039260799665e-03,1.504878382541679493e-01,3.103972825591569062e+00,9.634647302010908021e+00,9.333671625502573121e+00
9.166068906860433962e-01,-1.166673861791940325e-01,1.524444970987278748e-02,8.444518081611387950e-02,6.747046028705253384e+00,4.552263011346732924e+01,4.535373975183509998e+01
6.907392328336006138e-01,-2.263948387140679586e-02,7.332229953313202687e-03,3.228591182439452534e-02,2.609519033123785192e+00,6.809589584235294701e+00,6.745017760586505595e+00
9.660661095503141338e-01,-7.586607316486748687e-03,6.441081532434608098e-03,6.367678179641711456e-02,2.551945564500298858e+00,6.512426164172748777e+00,6.385072600579913882e+00
7.460025958873197638e-01,1.767491417031563650e-01,5.446444730460434265e-03,4.124902092862745007e-02,4.670330276235162614e+00,2.181198488911881128e+01,2.172948684726155832e+01
7.933691589211757655e-01,-6.173655325211885314e-03,3.616730603264785640e-03,3.456010972192507386e-02,2.679336750820469515e+00,7.178845424297190192e+00,7.109725204853339697e+00
9.960879562931282960e-01,6.701525487300408201e-03,1.031346890166343587e-02,6.262894932670345916e-02,2.304697384391543924e+00,5.311630033621224101e+00,5.186372134967817793e+00
9.399986044133761265e-01,1.123084424468612230e-02,1.292337680324296550e-02,1.500816472547829017e-01,3.361185742038802271e+00,1.129756959248493509e+01,1.099740629797537039e+01
4.269568777805874404e-01,3.671186638839962768e-02,3.349064283327410265e-03,1.630881466779029315e-02,2.758121391990680404e+00,7.607233612956608049e+00,7.574615983621027837e+00
9.374101946780932781e-01,2.029992914766179379e-01,1.266500652730085524e-02,4.662054255892011251e-02,2.814998568843871674e+00,7.924216942593044877e+00,7.830975857475205082e+00
7.881295030763751930e-01,-7.819698270709785071e-02,2.953964306216402499e-04,4.310205959777708984e-02,2.988988589914089555e+00,8.934052790636618724e+00,8.847848671441065349e+00
9.392529993746984163e-01,-1.828360769746173453e-01,1.604067816036266678e-02,9.378282329836298836e-02,3.175716888342188682e+00,1.008517775490179247e+01,9.897612108305066769e+00
9.163292714830475472e-01,-1.511824328735530965e-01,5.610325679556936104e-03,4.936272953668568997e-02,3.277289753930698879e+00,1.074062813121913962e+01,1.064190267214576835e+01
9.925439795751747063e-01,4.331670375259510930e-02,5.669921366724526256e-03,1.308457497228697475e-01,2.331599069886261422e+00,5.436354222694479432e+00,5.174662723248739660e+00
5.894462217393092729e-02,6.791143012539802015e-03,6.977134485152745955e-04,9.221899661548788388e-03,5.571763118079807953e+00,3.104454424399442658e+01,3.102610044467132866e+01
1.125975236208487384e-02,1.761108491373342133e-03,3.175704079888147535e-04,7.414466254379974966e-04,1.421628683686785521e+01,2.021028114281022283e+02,2.021013285348513477e+02
9.392715825819270004e-01,-2.382439763243460185e-02,1.409819538102763739e-02,1.306141389898235472e-01,4.270328127905758109e+00,1.823570231998309765e+01,1.797447404200345389e+01
7.899413547984290851e-03,2.245548598144964103e-03,7.400485764761806882e-04,6.345899059411867250e-04,8.962086623660315610e+00,8.031899664999116339e+01,8.031772747017927827e+01
8.971144081405979520e-03,1.295496349929869950e-03,2.130654478433356247e-04,7.130066331287267158e-04,1.599040659743255333e+01,2.556931031512145012e+02,2.556916771379482611e+02
9.260190482068731965e-01,1.217451224535128773e-01,2.683354332304355855e-02,1.821532714375206918e-01,9.871364808330644891e+00,9.744384317914871474e+01,9.707953663627367291e+01
9.147764646517698717e-01,-1.829862027747364839e-01,2.801688190208939666e-02,1.144275623210846277e-01,3.729105517067249576e+00,1.390622795742140028e+01,1.367737283277923055e+01
9.595092640159827990e-01,1.039723316744030068e-01,5.178266451014189482e-03,1.758405068162057494e-01,3.587189875969695851e+00,1.286793120625948106e+01,1.251625019262707106e+01
9.417739806774264588e-01,-1.139566319799290017e-02,1.516857490441701761e-02,8.161007683567557403e-02,2.833601631880337202e+00,8.029298208194909137e+00,7.866078054523558016e+00
9.326409178479503348e-01,8.458774276099334521e-02,1.861808157870286848e-02,9.071546662928048343e-02,3.428924580447096471e+00,1.175752377839429563e+01,1.157609284513573478e+01
8.929220828697519430e-01,-6.073310327643710593e-02,4.429283541163754438e-03,4.226578156738473174e-02,2.347684959949219774e+00,5.511624671171770018e+00,5.427093108036999958e+00
9.527146444325187424e-01,8.487520317699304151e-02,5.417640783980849466e-03,5.613558165005830963e-02,2.565531341488450856e+00,6.581951064159530240e+00,6.469679900859413912e+00
1.629330531952594141e-01,9.259626984523094961e-03,2.179900333606194559e-03,1.141840440944237763e-02,6.701431720514706036e+00,4.490918710472069364e+01,4.488635029590181347e+01
9.930225227096352025e-01,1.788059196280222807e-02,2.372030324121598716e-03,2.882035335236886667e-02,2.749133609167080383e+00,7.557735601052017138e+00,7.500094894347280494e+00
9.979962981210935835e-01,-3.914216605673948024e-02,1.038937350195198554e-03,5.477508125537947081e-02,2.455759032113211227e+00,6.030752423805615159e+00,5.921202261294856051e+00
2.986850522986326251e-01,8.059072130373068354e-02,1.318832660131017548e-02,1.739340757877972099e-01,7.021945632578578511e+00,4.930772046688937138e+01,4.895985231531377480e+01
9.980757711337107096e-03,1.639478050389442387e-03,2.737231800163118290e-04,8.525126631573056932e-04,1.945190094497885980e+01,3.783764503732694493e+02,3.783747453479431329e+02
8.672241725428628811e-01,-6.278243910767233871e-02,1.417324816855828305e-02,9.593512556656488832e-02,4.106908086349363884e+00,1.686669402972179199e+01,1.667482377858866371e+01
9.797698333755593403e-01,1.039571489816477623e-01,1.426734233059534854e-02,9.061541727914323996e-02,3.345855932659532961e+00,1.119475192211299230e+01,1.101352108755470560e+01
6.095561965295013263e-01,2.239428392501561227e-01,1.979805893445220431e-03,4.061243827452325206e-02,3.944172144122412682e+00,1.555649390247119079e+01,1.547526902592214526e+01
9.032601189083426796e-01,-3.790692263197656953e-01,6.331414594940153184e-02,1.748085448145642318e-01,2.920354185622628496e+00,8.528468569483605322e+00,8.178851479854476025e+00
9.975971678456178049e-01,-4.049046230395882406e-01,2.627703561512432368e-03,7.759304240917253015e-02,2.912562494187163065e+00,8.483020282545748358e+00,8.327834197727401744e+00
5.088570113416568397e-02,1.600931796184701383e-02,5.245633206164535510e-03,2.154443416419195984e-02,1.419179508014518376e+01,2.014070475968330527e+02,2.013639587285046559e+02
7.719428673575778888e-03,1.338700529084135837e-03,2.402704650522434341e-04,7.862492713185577223e-04,1.637705997261480562e+01,2.682080933466220358e+02,2.682065208480793785e+02
6.497579161429223316e-01,3.136621138010360355e-01,4.089866569691870228e-03,8.600348961775697298e-02,5.963051223116434763e+00,3.555797988951040622e+01,3.538597291027489433e+01
9.723227619391391352e-01,4.998762583212103539e-01,5.418561159953944745e-02,5.997486165672277075e-02,2.638568400062704544e+00,6.962043201809461124e+00,6.842093478496015457e+00
9.973003153739079529e-01,3.252527841901220462e-02,7.219698255730254768e-03,6.100584450721276142e-02,3.166507780417786577e+00,1.002677152344637790e+01,9.904759834431951404e+00
4.227858449689081421e-02,8.599442750155894544e-03,1.649511624486143342e-03,1.465256338710860945e-02,1.216060539479011204e+01,1.478803235677983707e+02,1.478510184410241663e+02
7.551915165206257718e-03,4.922978580399473003e-04,4.261886019482898579e-05,6.557760711104727120e-04,1.510561547360066292e+01,2.281796188362837654e+02,2.281783072841415674e+02
5.658933723832068052e-01,4.442016267686099695e-01,8.157873955622245432e-02,3.742696099693750000e-02,6.202682144974278167e+00,3.847326579158271187e+01,3.839841186958883412e+01
9.481650099367622264e-01,-8.751425673724011478e-02,6.396805259700078482e-03,4.167109800896031530e-02,3.381715541575804451e+00,1.143600000413533557e+01,1.135265780811741365e+01
9.800446344958094747e-01,4.274478589671937279e-02,5.674166576246115513e-03,1.137236264092953142e-01,5.014676915086334397e+00,2.514698456269979943e+01,2.491953730988121052e+01
9.551831004550057624e-01,-2.006074166525473323e-02,2.578698562553894888e-02,1.074727589526634913e-01,4.528177407388631615e+00,2.050439063278483331e+01,2.028944511487950564e+01
9.422920747918197559e-01,4.967080570426019026e-02,1.209420773184722089e-02,4.347647181416990775e-02,3.783874862689357244e+00,1.431770897649240304e+01,1.423075603286406476e+01
9.761176631289648631e-01,1.105208700321523851e-01,3.933402918778725749e-02,1.089442937858129679e-01,3.871194935185525487e+00,1.498615022620606574e+01,1.476826163863444030e+01
1.421970012818984941e-02,3.764842578030780373e-03,1.175943473781664549e-03,2.321757362126170877e-03,1.742756137313592646e+01,3.037198954144193976e+02,3.037152518996952040e+02
1.164137710004919946e-02,6.439833673734796093e-04,8.140362750957078747e-05,1.125446950320638803e-03,1.842528093991993998e+01,3.394909777149770207e+02,3.394887268210763978e+02
5.156024256452602650e-01,2.116579672223952713e-01,3.910311233851042345e-02,1.750445418379205365e-02,6.071196600929482656e+00,3.685942816713770753e+01,3.682441925877012778e+01
9.809395508218963222e-01,4.775692760565297679e-02,8.315112914018665813e-03,3.376054338099930552e-02,2.791906952024520105e+00,7.794744428762846233e+00,7.727223342000848483e+00
9.973323373479415777e-01,5.082476623672316229e-02,1.227569085765279136e-02,7.315962279960419590e-02,4.707965913847737660e+00,2.216494304595216747e+01,2.201862380035296241e+01
8.537885894280421439e-01,-2.100644414133121529e-01,6.568344864765476507e-03,8.595971395295472217e-02,4.957917965630925572e+00,2.458095055392589146e+01,2.440903112601998259e+01
9.954085875519729232e-01,1.207674045083919623e-01,6.335704500147732419e-03,3.212500722708157980e-02,2.421207399626326584e+00,5.862245272005277563e+00,5.797995257551114889e+00
9.981572849825162130e-01,1.544744479164754658e-01,1.130133982713370754e-02,4.497626159190765832e-02,2.696833127948178088e+00,7.272908919998754662e+00,7.182956396814939914e+00
9.217142508763699338e-01,2.121958051096354270e-01,2.034130468008299095e-02,1.048536153438411889e-01,3.247483562782782052e+00,1.054614949054435158e+01,1.033644225985666942e+01
8.919585429745348071e-01,5.539226980093893138e-01,2.507529279543610490e-02,9.327337823810119555e-02,5.140242589473787760e+00,2.642209387864019376e+01,2.623554712216398954e+01
8.997553274172509497e-03,1.665734273402108556e-03,3.606732728876009108e-04,1.110264035992992353e-03,1.435563858626192157e+01,2.060843592193722031e+02,2.060821386913002300e+02
6.729916974203775659e-03,4.571667821089420158e-04,1.106560516727621442e-04,4.616773294988125846e-04,1.546816337176658251e+01,2.392640780956613185e+02,2.392631547410023245e+02
8.773124984581295305e-01,-1.548323176101371046e-01,3.985910888275609465e-02,7.295198975488839666e-02,4.505269690512020198e+00,2.029745498424627215e+01,2.015155100473649696e+01
9.146726897802833767e-01,-1.594991682880460004e-01,1.850703125240110367e-02,8.065560571322022421e-02,3.206430833520247159e+00,1.028119869014934729e+01,1.011988747872290695e+01
9.889565785969020029e-01,7.555600491332625790e-02,1.016214865354877865e-02,9.360548058441112151e-02,3.240232933219859390e+00,1.049910946152257374e+01,1.031189850035375066e+01
6.571635598189835559e-01,4.768202013911004844e-02,4.910155621806944724e-03,8.073432249775150393e-02,3.453156542218951408e+00,1.192429010506954334e+01,1.176282146007403995e+01
6.256766692841799760e-01,1.836491441155656545e-01,2.828877030725263433e-02,5.028300963874331869e-02,2.871835051550899909e+00,8.247436563316359326e+00,8.146870544038872453e+00
6.893023473273868218e-01,6.955389555677737867e-02,1.256303999879706396e-02,3.987617250334738600e-02,3.589985186919810722e+00,1.288799364230366784e+01,1.280824129729697169e+01
9.753693546216427590e-01,6.364030041335011489e-02,1.691874127165969924e-02,6.725306321659187125e-02,2.933604659840253426e+00,8.606036300236448611e+00,8.471530173803264674e+00
8.029611873150552803e-01,1.498125492368316269e-01,1.488473608985802464e-02,8.468714300689744734e-02,3.549891538526271262e+00,1.260172993530041730e+01,1.243235564928662207e+01
8.009902382045160918e-01,-3.267832379621858907e-01,7.188271024608140596e-03,3.340759430200460761e-02,3.046412968840488844e+00,9.280631976719520893e+00,9.213816788115510192e+00
7.416168194330023944e-01,-2.151612741830533082e-02,1.038660892584886142e-02,5.478279484765380403e-02,4.441374812814760986e+00,1.972581022790535599e+01,1.961624463821004838e+01
9.721836823271949868e-01,6.848256937623009577e-02,5.468123230569997550e-02,1.316310176036812607e-01,6.036402567680693387e+00,3.643815595910206895e+01,3.617489392389470027e+01
9.976513707604377501e-01,1.083637265177954667e-01,1.459283930875489299e-02,7.311110428919274928e-02,2.622521371810913493e+00,6.877618345604994410e+00,6.731396137026608884e+00
9.797275559133787892e-01,-1.647634416440535432e-02,1.247235933568320403e-02,1.391413540570610174e-01,2.728272170251498263e+00,7.443469034968819287e+00,7.165186326854697363e+00
9.831931564949546454e-01,-5.272329383279246162e-01,3.343536120431373632e-02,6.537128601023105279e-02,3.191687785852885373e+00,1.018687092236249470e+01,1.005612835034203201e+01
9.300170563382590405e-01,-1.417334507068686023e-01,3.374185674467359165e-03,5.154469071058964680e-01,8.627560628815315269e+00,7.443480240388412028e+01,7.340390858967232646e+01
5.082379377330126236e-02,-1.115158065534416210e-05,2.746733518435233012e-04,3.425488992298420486e-03,5.100828661759454263e+00,2.601845303662674169e+01,2.601160205864214348e+01
9.761788315025524687e-01,5.062005823305550933e-01,9.067969919613291796e-02,1.481644275901821406e-01,5.003555282724492237e+00,2.503556546728017551e+01,2.473923661209981262e+01
8.062211280309947714e-01,2.852351436557540865e-01,8.307993954499208467e-03,3.132550898748599072e-02,3.379358555698434241e+00,1.142006424797220809e+01,1.135741322999723657e+01
7.751094893893757387e-01,1.544122587509648148e-01,9.394197058170572490e-03,5.083487983339951555e-02,2.878355491369397612e+00,8.284930334696365861e+00,8.183260575029567718e+00
9.547849037712232700e-01,3.804901981501584984e-01,8.873055650111252510e-03,5.756420131464807383e-02,2.273775646533170214e+00,5.170055690767335399e+00,5.054927288138039820e+00
2.396055287472897977e-01,3.036940691370659806e-02,-1.226288261656529851e-04,1.471804855910968657e-01,1.075113084048995482e+01,1.155868143493342330e+02,1.152924533781520466e+02
1.690778097711365113e-02,2.999469513713659552e-04,7.098368980201953541e-05,1.084599073529588995e-03,1.200750381074538176e+01,1.441801477650648735e+02,1.441779785669178011e+02
9.673368050849040500e-01,-5.088158451527831083e-01,5.468138988893148783e-02,1.873132086012344322e-01,5.484846921969748657e+00,3.008354575744102988e+01,2.970891934023855896e+01
9.780145073168077241e-01,-1.308714206425847237e-01,3.840391351176383750e-02,9.959271526312543643e-02,4.240461167604108184e+00,1.798151091395839885e+01,1.778232548343214958e+01
9.680298476994103618e-01,1.163283404222044126e-01,2.082467987088243433e-02,7.181874179618485954e-02,2.703922503202502270e+00,7.311196903324885810e+00,7.167559419732516091e+00
8.529410401371426698e-01,1.648344115717164104e-01,5.637524628611749987e-03,7.600743816538638176e-02,6.047200421849908913e+00,3.656863294202171488e+01,3.641661806569094750e+01
8.831139449511860029e-03,2.270703608726165612e-03,6.471901424951679704e-04,1.449330900619139788e-03,1.441642618660858943e+01,2.078333439939338803e+02,2.078304453321326548e+02
6.399846360193750527e-03,9.594537985151418980e-04,1.522799382640979368e-04,4.386679888299230604e-04,1.547200787038191727e+01,2.393830275411600041e+02,2.393821502051823416e+02
5.223901568719728772e-01,-2.391271032846598033e-02,7.921811352595741623e-03,7.994281602048013136e-02,5.994485336782738649e+00,3.593385445290326174e+01,3.577396882086230789e+01
9.886288955356407060e-01,-3.405342348966673427e-01,2.038066270137598238e-02,8.158069779394047649e-02,2.721227934373978474e+00,7.405081470817270528e+00,7.241920075229390186e+00
9.874409757727858894e-01,6.740556286464016722e-02,1.786713176937717099e-02,8.766718671032990018e-02,2.927924495640739089e+00,8.572741852173075827e+00,8.397407478752416665e+00
8.628148063869678364e-02,1.196571842844029732e-02,1.611764136687875550e-03,3.062478452701608220e-02,9.749597903160935886e+00,9.505465927332011233e+01,9.499340970426608521e+01
5.327238663122146889e-02,-6.461517097269275922e-04,9.014010961887117517e-04,4.443747831716118347e-03,6.271829801851415809e+00,3.933584906339157072e+01,3.932696156772813367e+01
9.312252825396666323e-01,-2.022598358884977188e-01,7.493338183273350050e-03,1.500788234570740176e-01,4.626569055269336594e+00,2.140514122317580359e+01,2.110498357626165600e+01
9.268312179094112535e-01,1.229229519702310647e-01,1.378868638613923482e-02,1.032056375356000116e-01,2.978816988665434984e+00,8.873350651961809277e+00,8.666939376890608671e+00
9.905856731206332810e-01,-4.226004401702410096e-01,1.504928568261546841e-02,1.143231186819672757e-01,3.011834729714284009e+00,9.071148439113112971e+00,8.842502201749178781e+00
9.076369219257515164e-01,-6.994970294128333155e-02,1.529392732250604674e-02,7.641321940946939340e-02,3.675555719126084142e+00,1.350970984440046685e+01,1.335688340558152909e+01
9.768589041123649785e-01,2.786233851395518712e-01,1.826228579205857808e-02,5.319521353158395555e-02,4.085176861201685661e+00,1.668866998729765783e+01,1.658227956023448968e+01
9.976227933580283924e-01,-2.224800737319387878e-02,-1.529311551185823703e-04,1.818620799890799736e-02,1.260475864194986695e+00,1.588799404218098621e+00,1.552426988220282356e+00
9.803280652215887736e-01,-3.075880109389341754e-01,3.991082008470429182e-03,1.400696665585207112e-01,4.013290826072112516e+00,1.610650325463458188e+01,1.582636392151753846e+01
9.664478061368932948e-01,-1.732305681988388635e-01,2.741464618065394317e-03,1.124170612420590382e-01,3.253196552834274335e+00,1.058328781137280572e+01,1.035845368888868911e+01
9.969757149030812338e-01,-5.457020476679730336e-03,4.851652493139987747e-03,1.065788194631069052e-01,3.465963180056019333e+00,1.201290076550403541e+01,1.179974312657782143e+01
9.977687153417236221e-01,-1.648797395199345095e-01,9.019295806970419396e-03,1.593270586886754159e-01,2.869417355727526875e+00,8.233555961350351282e+00,7.914901843972999451e+00
9.813714943467498619e-01,6.580875536411029403e-02,1.318674507350865201e-02,1.333022634851125654e-01,3.542441020050474343e+00,1.254888838053624589e+01,1.228228385356601926e+01
9.749306357309933668e-01,-3.061432406399777761e-03,5.368632534818634609e-03,8.906942826941259550e-02,2.733499065305866171e+00,7.472017140028043514e+00,7.293878283489218184e+00
9.522865344132661614e-01,-8.194638113013347214e-02,5.426450782977721918e-03,7.674478939598765315e-02,2.618222453214175349e+00,6.855088814514854967e+00,6.701599235722880188e+00
9.878235978897415004e-01,-7.110921573237294346e-02,2.784798877086724651e-03,6.983879377499456476e-02,2.469077815616361971e+00,6.096345259568865416e+00,5.956667672018876480e+00
9.596642632819414320e-01,2.441291863791028582e-02,1.197041006041995627e-02,1.322887591686462694e-01,4.406775888068442448e+00,1.941967372766141153e+01,1.915509620932412105e+01
9.934746335447127707e-01,2.889427821094724402e-01,1.563972897069997731e-02,1.042692943719822907e-01,2.794621616845388345e+00,7.809909981339532514e+00,7.601371392595567933e+00
2.650718555383690944e-02,3.938984518882193697e-03,9.879866619778182070e-04,2.962019461546656126e-03,4.378512297760491556e+00,1.917136994163985619e+01,1.916544590271676540e+01
8.233306126733591634e-01,-1.147761746840011421e-01,1.587619656246648525e-02,1.609548968573280558e-01,4.778280779932638112e+00,2.283196721187365696e+01,2.251005741815900052e+01
9.914352166186326532e-01,2.888781495553496281e-01,2.230278290731308247e-02,8.174617061185779354e-02,2.997873685938235333e+00,8.987246636840902525e+00,8.823754295617186827e+00
3.536338863979334723e-01,5.295868517266755227e-02,6.134955560915517254e-03,3.786310776729580330e-02,2.822086234926557413e+00,7.964170717361953145e+00,7.888444501827361677e+00
1.242771479922840649e-01,6.314815773614146366e-02,2.908987504411539651e-02,4.191638834819580439e-02,4.791999501145827622e+00,2.296325921898186095e+01,2.287942644228546740e+01
3.446654672652482709e-03,5.777721450499484490e-04,1.119811206870457223e-04,2.655748861094076670e-04,1.014000780038620242e+01,1.028197581918930439e+02,1.028192270421208292e+02
5.114157771657819040e-01,-4.473777462052979104e-01,2.178498774773560825e-02,8.201004797768332577e-02,7.210554023854063743e+00,5.199208933091802720e+01,5.182806923496266904e+01
9.973258160428694064e-01,7.251186764890782399e-02,7.905887022784765725e-03,6.426809358624148427e-02,2.773974468457114817e+00,7.694934351651932403e+00,7.566398164479449129e+00
1.316098296730801032e-01,1.134595555951456447e-02,9.784851675947966228e-04,1.759747783801313484e-02,4.313171389289377267e+00,1.860344743338445994e+01,1.856825247770843035e+01
1.819280142941415157e-02,6.987725563672775309e-03,2.715278405884741838e-03,5.392027778969482425e-03,4.704351357129517019e+00,2.213092169132633202e+01,2.212013763576839409e+01
2.747821404161632231e-03,4.460156667800418973e-04,7.928698628191913121e-05,1.582265352725141375e-04,9.034675048440053757e+00,8.162535323090527584e+01,8.162503677783473677e+01
9.121033096062468593e-01,1.624875581318701023e-01,1.190687916960046951e-02,8.426792412794133214e-02,5.050404603912890700e+00,2.550658666322452106e+01,2.533805081496863565e+01
9.089681729647827169e-01,-1.685134580550933237e-01,4.914309655768889229e-03,6.657790839316035658e-02,2.974259126353594240e+00,8.846217350697644477e+00,8.713061533911323764e+00
9.820159470480064323e-01,6.135554027347467354e-02,2.579423148980766745e-02,1.194495641532644370e-01,3.065254768510925487e+00,9.395786795878967368e+00,9.156887667572439327e+00
9.971635473227040691e-01,-8.686523289275438486e-03,5.020641088701089175e-03,7.327244477891275976e-02,3.452195793305357530e+00,1.191765579531520558e+01,1.177111090575738039e+01
9.705467062969849179e-01,4.724196186084428373e-02,6.124391560251431048e-03,1.396327703782748453e-01,4.852548379121512490e+00,2.354722577171482101e+01,2.326796023095826982e+01
8.172755322268723255e-01,1.045273391325398371e-01,1.301783267507503929e-02,4.992374144038982248e-02,3.510154269715541453e+00,1.232118299720224464e+01,1.222133551432146525e+01
9.581167168320634531e-01,-1.526082123830097004e-01,3.509406485852747948e-02,1.424856835741729333e-01,4.061352298041794207e+00,1.649458248880936395e+01,1.620961112166101969e+01
9.745207260894168666e-01,5.949714960972229960e-02,8.117989330432260481e-03,9.380158305358757276e-02,4.076352957713331726e+00,1.661665343585822896e+01,1.642905026975105542e+01
9.974400593140961835e-01,-3.674666280750508163e-01,1.112640622902379313e-02,1.050135738894599075e-01,3.275727160062364085e+00,1.073038842717024011e+01,1.052036127939132015e+01
5.453342769990930927e-01,2.428096810568960429e-01,5.358162788312614139e-02,4.163604382790923042e-01,6.096343617895175981e+00,3.716540550745123994e+01,3.633268463089305556e+01
2.390191174195033241e-03,4.365450172958418307e-04,8.122663048527923072e-05,1.988427445520491831e-04,1.092316506109513163e+01,1.193155349519294219e+02,1.193151372664403169e+02
9.506289031698734737e-01,7.969692172279552178e-03,1.009744513717825143e-02,1.073131641545992387e-01,6.013977407338136238e+00,3.616792425597353144e+01,3.595329792766433741e+01
9.698271494969623596e-01,4.771694035174878223e-02,3.405616731633263287e-03,1.432537913834689702e-01,6.180336311397594429e+00,3.819655692197962082e+01,3.791004933921268361e+01
6.026072573101854957e-01,-1.011536579144807213e-01,8.811498431209850019e-03,1.675106629602226838e-01,9.405300919881552701e+00,8.845968539352476512e+01,8.812466406760431425e+01
2.652039582776155591e-03,7.474293395297593179e-04,2.363558543119060717e-04,4.341152159814819396e-04,1.285695962903568201e+01,1.653014109026533447e+02,1.653005426722213542e+02
1.471024324664949035e-03,1.505273661006611974e-04,3.441607664868687920e-05,1.045416232544436880e-04,6.036169485810238378e+00,3.643534206142663834e+01,3.643513297818012830e+01
9.751741259854033173e-01,-2.106874647295038649e-02,1.228945710418398972e-02,1.421409455418725931e-01,8.838372688734876803e+00,7.811683178497456481e+01,7.783254989389081402e+01
9.531040953406715310e-01,-5.539931614880825306e-01,1.514964134066048608e-02,6.409760596430230661e-02,3.632749386548720150e+00,1.319686810547010225e+01,1.306867289354149619e+01
5.544826630624768438e-01,1.789835648303412796e-01,2.937427292379165764e-02,2.456219927045470153e-01,9.034479378285741547e+00,8.162181763667032897e+01,8.113057365126124409e+01
7.485546809802845480e-03,8.467365670021820279e-04,1.112196993530335803e-04,6.202970306320264434e-04,1.367300241657408399e+01,1.869509950836407484e+02,1.869497544895794761e+02
9.433806531263531081e-01,-2.568500233533208554e-01,2.773946112435183783e-02,1.326657913812493983e-01,4.035096704447807880e+00,1.628200541424556036e+01,1.601667383148306101e+01
9.322542945096764511e-01,-8.676922909071516088e-02,1.913312126397074403e-02,9.761464231318824070e-02,3.599828956527246326e+00,1.295876851625204296e+01,1.276353923162566772e+01
9.982325308475648029e-01,-4.533711655706120780e-01,1.174621105756682750e-02,1.037861836485826778e-01,3.117066971257806518e+00,9.716106503306313869e+00,9.508534136009147986e+00
9.569807158779677358e-01,-1.718999441906474690e-01,4.173196308176069409e-03,1.969001919936635703e-01,5.947513076343295957e+00,3.537291179327449697e+01,3.497911140928716378e+01
1.396339562399462331e-02,1.041722431109448621e-03,6.067210182436610921e-05,1.338615556960576214e-03,2.018735139192846617e+01,4.075291562211961605e+02,4.075264789900822393e+02
9.698943063306040280e-01,-5.937554259785512434e-01,1.654217802943548643e-02,1.196069793284890576e-01,3.649970364081318142e+00,1.332228365867191044e+01,1.308306970001493141e+01
3.717463031746168767e-01,3.698870426291356317e-02,2.859371842819104313e-03,3.562381195917078969e-02,6.641468638510565903e+00,4.410910567631938761e+01,4.403785805240104168e+01
9.292396068187140923e-01,-9.195782603863067450e-02,1.703385181927814448e-02,5.957401173896819530e-02,4.210564867115319743e+00,1.772885650018584869e+01,1.760970847670790818e+01
9.701277963414558503e-01,-6.417626799543836302e-01,9.178169088047428634e-03,2.184686738860449062e-01,4.398439811992084891e+00,1.934627277971696557e+01,1.890933543194487854e+01
1.463053604388592221e-01,-3.766849155650380254e-01,6.260235601376412055e-04,5.040180598211185109e-02,2.115844742677669643e+01,4.476798975116734596e+02,4.475790938997092780e+02
7.020941188039110381e-01,2.705696823705068255e-01,2.798210510750845370e-01,9.009263127055976428e-01,1.522361873262349086e+01,2.317585673162848821e+02,2.299567146908736959e+02
8.749922062501302999e-02,-6.159889701604353007e-01,2.070661313201900295e-03,2.658346089706796131e-02,1.792171217930003380e+01,3.211877674376711411e+02,3.211346005158770822e+02
9.830943555818956181e-01,1.341647458774635204e-01,1.072675511281638919e-02,9.892539960603520532e-02,4.704406890758718873e+00,2.213144419381811545e+01,2.193359339460604929e+01
9.824942444040798417e-01,-1.490323271347722134e-01,3.457441283224055653e-03,1.004753671203639231e-01,4.406509511530893874e+00,1.941732607521223386e+01,1.921637534097150279e+01
9.623755978124116650e-01,-2.392118527505751047e-01,-8.420623354368217406e-04,1.447687292586437025e-01,7.335296241487220037e+00,5.380657095037653903e+01,5.351703349185925163e+01
8.977326594319225972e-01,-3.037714825829690435e-02,1.681468377771630496e-02,1.054527421908293683e-01,3.332609634133171461e+00,1.110628697351723204e+01,1.089538148913557336e+01
9.823828916271252210e-01,-1.021641724599486878e-01,9.331026170416879470e-03,1.803905762964475579e-01,5.982500660159300487e+00,3.579031414880646622e+01,3.542953299621357388e+01
8.640131799006727231e-01,-1.703209283975644084e-01,2.310616146059228659e-02,8.320895562737053164e-02,4.822461336774026996e+00,2.325613334468033244e+01,2.308971543342559229e+01
9.887708554397985905e-01,-5.171844360532857898e-01,4.246061355658972691e-02,2.469296119803549849e-01,7.002878974479447294e+00,4.904031393120632032e+01,4.854645470724561562e+01
9.429260783894519715e-01,-2.022384552405782632e-01,-1.456042120814200714e-03,4.552717820242119240e-01,1.060861051853354198e+01,1.125426171339405101e+02,1.116320735698920856e+02
3.301420616919573670e-01,-7.053851412904208473e-01,5.101520875632444690e-02,1.253788490300647152e-01,8.833146543314132515e+00,7.802447785566241123e+01,7.777372015760228408e+01
9.826410295073679801e-01,-3.012569769072773740e-01,1.751937894198417681e-02,1.811158818678174631e-01,4.977116696356141290e+00,2.477169060914706833e+01,2.440945884541143229e+01
8.708946030549788997e-01,-3.207261584315315717e-01,1.274150937032425268e-01,1.881242639130560612e-01,5.974597144387283620e+00,3.569581103772068076e+01,3.531956250989456692e+01
7.780645564378858570e-01,2.835772366969036007e-02,6.806923116435023395e-03,1.328490617423740139e-01,5.378165534503941636e+00,2.892466451652606452e+01,2.865896639304131810e+01
7.829173306435402990e-01,-5.421451434412705161e-01,1.794529036659990931e-02,2.049491470378240199e-01,4.294121568953535473e+00,1.843948004895197457e+01,1.802958175487632531e+01
9.402682934914228241e-01,1.855955087200790166e-01,1.319125954179421658e-03,5.328993499238805776e-02,2.752861958302412315e+00,7.578248961468593059e+00,7.471669091483817304e+00
6.857061611253243427e-01,-3.127906901703074727e-01,6.931971267125478300e-03,3.526947890676773029e-02,3.851351547164588940e+00,1.483290873984707403e+01,1.476236978203353800e+01
6.596366098226300601e-01,1.597643774540959960e-01,2.123414569486444317e-02,1.766869216401522336e-01,4.989481350647064772e+00,2.489492414845485513e+01,2.454155030517454961e+01
2.312457742868745392e-02,3.681262493928194601e-03,7.636307872084282774e-04,2.350259117459670838e-03,4.964514855523112224e+00,2.464640775070967038e+01,2.464170723247475081e+01
8.913497309731930329e-01,3.609117054956239024e-01,1.128533235808017177e-02,9.470391364311535332e-02,3.845683500557991685e+00,1.478928158646396973e+01,1.459987375917773988e+01
6.684327190011745135e-01,1.676583901584678959e-01,3.396226481185365964e-02,7.765314166335673951e-02,3.725911571357891194e+00,1.388241703757863021e+01,1.372711075425191751e+01
9.256662482218580568e-01,-7.035538086182069328e-02,9.953349677702857598e-03,5.201824859001406148e-02,3.552799552326635357e+00,1.262238465901234186e+01,1.251834816183231602e+01
9.939000887898564729e-01,3.454134159857769060e-02,1.416081813718397114e-02,8.280877168386011067e-02,3.446746865470399435e+00,1.188006395463002285e+01,1.171444641126230124e+01
9.497495252351254580e-01,-1.537209476905880834e-01,1.826991224984180623e-02,9.950218601140486951e-02,3.728743649514798530e+00,1.390352920379693735e+01,1.370452483177412617e+01
9.791973094682500101e-01,1.923493372691837955e-01,8.710958652485254611e-03,1.684251369522201947e-01,5.551035455918039929e+00,3.081399463285920248e+01,3.047714435895476726e+01
3.243864591066136782e-02,3.158691981832717488e-04,2.049339812728590005e-04,1.537465670480742119e-03,5.950634763160009832e+00,3.541005408452838310e+01,3.540697915318742162e+01
9.299569254952619879e-01,1.330552962065212341e-02,7.993928533092335004e-03,8.022814051640712874e-02,3.824145894483933272e+00,1.462409182229832183e+01,1.446363554126550888e+01
6.996613793720291019e-01,1.090542840705255867e-01,8.361874629134806794e-03,7.652042883655012229e-02,4.580837302952038392e+00,2.098407039611690550e+01,2.083102953844380423e+01
9.943600377396647483e-01,-7.426728382004554874e-02,7.748985908462964478e-03,4.451449864117384275e-02,2.367552888989895354e+00,5.605306682164400200e+00,5.516277684882052945e+00
9.979400376820266594e-01,-4.852245506100844596e-01,5.592587606585183550e-03,5.358352733233931464e-02,1.750492238769266962e+00,3.064223077991440558e+00,2.957056023326761984e+00
9.957026525142149698e-01,2.029566073467356513e-02,1.588491412038919859e-02,1.602424177021688212e-01,3.626583733829654044e+00,1.315210957847783391e+01,1.283162474307349399e+01
1.583301251801227938e-02,2.781445406311533475e-03,5.143361477098001237e-04,8.970496039564163689e-04,9.442464743745652811e+00,8.916014043687965795e+01,8.915834633767175887e+01
8.737148931408138530e-01,9.554546994060864051e-02,6.397208718325110913e-03,5.697277243719151008e-02,3.795422519422135821e+00,1.440523210093667394e+01,1.429128655606229081e+01
5.004031336280327924e-01,-1.357961200655261325e-01,6.837214626009581291e-03,4.228589987015388824e-02,4.743865161999797131e+00,2.250425667523536433e+01,2.241968487549505795e+01
9.336157595394931619e-01,4.121057966130838857e-01,4.091158350163747598e-02,1.919402653705849504e-01,3.550188064429886659e+00,1.260383529282042581e+01,1.221995476207925435e+01
9.315462665831957256e-01,-1.694999933627974187e-01,3.262715340251141904e-02,1.152630637847383982e-01,4.372804591008706332e+00,1.912141999114681923e+01,1.889089386357733957e+01
9.794045305719925043e-01,1.127419341635365058e-01,1.360989797173213674e-02,6.320583772403158551e-02,3.134788435815587082e+00,9.826898537323135230e+00,9.700486861875070588e+00
8.564927139204525641e-02,1.777692432799438116e-02,3.682926791529118719e-03,1.130123085382198599e-02,8.887758827587589394e+00,7.899225697736113716e+01,7.896965451565348815e+01
8.039433270885836258e-01,4.070081654365242940e-02,3.718572427612675153e-03,2.943446657599832136e-02,2.479167026661538209e+00,6.146269146085812984e+00,6.087400212933816057e+00
9.815855015325636312e-01,1.367341233090696162e-01,1.163054308923872938e-02,7.511607778873584385e-02,2.314864200833099517e+00,5.358596268298664533e+00,5.208364112721193706e+00
8.543340003325202714e-01,3.557842501853913930e-02,1.974641579165320807e-02,8.733201998046341563e-02,6.307485187227574563e+00,3.978436938709526771e+01,3.960970534713433722e+01
9.566647980296415499e-01,1.449602437802310906e-01,1.011497011936837026e-02,6.162481506113624136e-02,3.509135913183751398e+00,1.231403485719595992e+01,1.219078522707368606e+01
9.704589366933737971e-01,-8.673151057026950994e-02,1.329405593532166120e-02,5.461054358306745987e-02,2.931531577265669597e+00,8.593877388505744008e+00,8.484656301339608575e+00
9.784460455653306576e-01,-9.738839365629226030e-02,8.781997692702317101e-03,8.047959572001624207e-02,2.077685952850901518e+00,4.316778918673959353e+00,4.155819727233927452e+00
4.944478543211333621e-01,1.309811773616839092e-01,2.089003043395881026e-02,1.279567856068892229e-01,6.687435279770858720e+00,4.472179062112394377e+01,4.446587704991016210e+01
1.790648474738865126e-02,7.227331159551653172e-04,7.915189038358001826e-05,8.134651104884846589e-04,6.190680052989392834e+00,3.832451951848075566e+01,3.832289258825978351e+01
8.681018708311845078e-01,-6.767652845699727582e-01,2.344222032564877850e-02,1.201193865929759685e-01,3.589528291177130015e+00,1.288471335316100586e+01,1.264447457997505531e+01
9.879335863087794767e-01,-5.381684364531129638e-01,3.401459582262789799e-02,1.544202855334828595e-01,4.962507104076468778e+00,2.462647675800941727e+01,2.431763618694245110e+01
9.040065980632467912e-01,7.397424684160858188e-02,5.392222244586571817e-03,5.058281970326850702e-02,3.310469338127454808e+00,1.095920723868202806e+01,1.085804159927549151e+01
9.788115679296558458e-01,-2.367981781455947843e-01,1.147349196743055987e-02,1.316291560152576812e-01,2.554508630756402887e+00,6.525514344608952300e+00,6.262256032578436660e+00
8.705463058182379976e-01,-6.497996471638418647e-01,3.013587339365455392e-02,9.839552422889072392e-02,3.336206057449839335e+00,1.113027085776500158e+01,1.093347980930722052e+01
1.236962348469197170e-01,2.484006485151546428e-02,5.528854997148040067e-03,2.460654974824607114e-02,9.581629470603829191e+00,9.180762331194380010e+01,9.175841021244731621e+01
1.700635982248810407e-02,2.269316273025623332e-03,3.454932385106839073e-04,1.078083027382050266e-03,1.183047610647308723e+01,1.399601649058306236e+02,1.399580087397758348e+02
7.271727970314013634e-01,-3.127403282353595770e-01,1.043530949740874118e-02,8.925993353273890818e-02,5.022271070866236364e+00,2.522320670925989106e+01,2.504468684219441243e+01
8.921274850758804664e-01,1.271487464513948451e-01,1.853184925834809940e-02,1.106515891076223640e-01,4.798567579851546583e+00,2.302625081840232468e+01,2.280494764018707698e+01
6.413968261027447326e-02,2.036950104303159037e-02,7.155418099330290715e-03,1.444276865277061006e-02,1.355474129050990406e+01,1.837310114526540872e+02,1.837021259153485460e+02
2.441618112067434065e-02,2.091827810845714453e-03,1.522196429534467910e-04,2.200112278930440972e-03,1.286579162659419495e+01,1.655285941789413187e+02,1.655241939543834349e+02
9.559899686860158230e-01,-2.640384937188766656e-01,1.242142425890970653e-01,3.172786154872686559e-01,5.054924387286352960e+00,2.555226056118230815e+01,2.491770333020776818e+01
8.585856840492536168e-01,8.572751900344455223e-03,3.503565278397078545e-03,6.248493542478399804e-02,3.397436898418208617e+00,1.154257747873353779e+01,1.141760760788396922e+01
8.385897709613163720e-01,-3.330664533083567136e-01,6.181860023028390785e-03,5.761833096578623109e-02,3.433765224751068157e+00,1.179074361870975451e+01,1.167550695677818062e+01
9.408987668229288337e-01,3.738690393964905212e-03,6.651946278466880358e-03,1.085186404768450075e-01,4.302546500102753413e+00,1.851190638554645318e+01,1.829486910459276316e+01
9.375882542946681886e-01,2.563005571537966265e-01,5.940490231718530308e-03,1.282011315738934287e-01,3.315387882649590168e+00,1.099179681241973405e+01,1.073539454927194470e+01
8.470468429902748841e-01,2.067259843595659063e-02,1.900228031521620717e-03,5.730866953004648545e-02,4.052451960059476832e+00,1.642236688858989879e+01,1.630774954952980593e+01
9.755938225389093610e-01,-1.772871263448966839e-01,1.381469613235285915e-02,8.106263348959942550e-02,2.960614066821489754e+00,8.765235652661280241e+00,8.603110385682082750e+00
9.885808477206651235e-01,2.832508307536584780e-01,1.609113364228260609e-02,9.281357287708741355e-02,2.242312579425853158e+00,5.027965703851423385e+00,4.842338558097250001e+00
9.887246620753264992e-01,-2.849032991907796131e-02,1.768605515181521275e-03,3.379814643593517104e-02,2.822843913206116717e+00,7.968447758324821883e+00,7.900851465452951139e+00
9.979717826668409453e-01,-4.684534217526492572e-01,6.674151716502218362e-03,9.168565509080615905e-02,3.443956511451812919e+00,1.186083645277134124e+01,1.167746514258972823e+01
1.310341214614463290e-02,4.778661642074411020e-03,1.793065652656599491e-03,4.004225561721619885e-03,1.083387184201076536e+01,1.173727790891137204e+02,1.173647706379902758e+02
1.522012940235240031e-03,2.375811734385280261e-04,4.245613576133124196e-05,9.107970337877744997e-05,7.940272292535989429e+00,6.304792407961473799e+01,6.304774192020798296e+01
9.502025039743206003e-01,-2.138682468996671027e-01,1.110928184530924137e-02,5.702307232374070195e-02,4.600784248612301397e+00,2.116721570227906213e+01,2.105316955763158404e+01
8.924434846843278812e-01,-9.004007705228800340e-03,2.203408714301321666e-02,1.209706540685406007e-01,4.174750151727049108e+00,1.742853882934502252e+01,1.718659752120793982e+01
4.827102362364377175e-02,9.129580957198513147e-03,1.895690886263698719e-03,6.129965235268466407e-03,1.098764216062544996e+01,1.207282802499538974e+02,1.207160203194833485e+02
5.561636009942749759e-03,2.031585511002020894e-04,8.986107609820053463e-06,3.714398086238420316e-04,1.326313944445932336e+01,1.759108679231727592e+02,1.759101250435555244e+02
5.185369966261124119e-01,4.592397140288362323e-02,2.629665144002184523e-03,4.016588003478873542e-02,4.529130278237038176e+00,2.051302107724351487e+01,2.043268931717393500e+01
8.815916131406855705e-01,2.631746810143367199e-01,5.717657928816123961e-03,4.311801400620746128e-02,3.775242953408187052e+00,1.425245935725816970e+01,1.416622332924575467e+01
6.969561359389786492e-02,5.289991796235682386e-03,5.592299484651484971e-04,5.555619078207992521e-03,7.000756949983144573e+00,4.901059787273729995e+01,4.899948663458088305e+01
5.389752835425503097e-01,-1.503322668689088815e-02,8.837165939076778052e-04,3.361545178194275119e-02,4.331768904428647815e+00,1.876422184137496529e+01,1.869699093781107990e+01
9.813114269448801608e-01,5.800909077636484668e-02,1.503814379532252346e-02,1.167118191441239988e-01,3.404168259257523754e+00,1.158836153733639840e+01,1.135493789904815110e+01
8.243053141869927103e-01,-4.365802224448178670e-01,1.678763828635658484e-02,8.888917872181285873e-02,2.459460887413178476e+00,6.048947856715219729e+00,5.871169499271593928e+00
3.883204807040396833e-02,-5.696309232821552548e-01,2.790374223239391578e-04,6.138479070411647504e-03,6.258197169170935048e+00,3.916503180821910490e+01,3.915275485007828848e+01
9.956583932713756191e-01,-1.776599324584723361e-01,6.370960624949100447e-03,1.492230158750283142e-01,3.288692863732078475e+00,1.081550075196230054e+01,1.051705472021224352e+01
6.024417478892359901e-01,-7.891790449141600217e-01,9.761691582339769580e-03,1.711777862804197692e-01,3.897658857709474400e+00,1.519174457108112364e+01,1.484938899852028271e+01
9.488733414341581351e-01,-1.042820856017117603e-01,5.112646116662640690e-03,1.610914132378484520e-01,4.587680018488366152e+00,2.104680795203741184e+01,2.072462512556171532e+01
9.478111961186939105e-01,-5.394382409565956493e-02,6.308954722589890131e-03,7.777265820980501509e-02,3.152294368834224869e+00,9.936959787783964160e+00,9.781414471364355379e+00
9.624559253712439144e-01,1.610010244594701767e-01,6.516119681590611112e-03,1.035283369023784900e-01,3.763698821790915527e+00,1.416542882115032675e+01,1.395837214734557108e+01
9.857989958143469345e-01,3.779587633614958087e-01,1.465599736265777234e-02,8.550526178488471185e-02,3.282413389658382474e+00,1.077423766060863208e+01,1.060322713703886421e+01
9.592821010803429527e-01,1.881342603505489208e-01,7.243041743682778963e-03,4.269266947665990158e-02,3.313216787510433914e+00,1.097740548104095915e+01,1.089202014208763991e+01
9.411213481637847877e-01,-3.442183326217329586e-02,1.752914015235599796e-02,6.940974707672527277e-02,2.452661092919877550e+00,6.015546436722927659e+00,5.876726942569477252e+00
5.843246893035267675e-01,1.028641425142897692e-01,9.724400334411758065e-03,3.535345447428588084e-02,3.764838699175582004e+00,1.417401043081008893e+01,1.410330352186151615e+01
9.584511588677389060e-01,-1.675972928408040463e-01,2.116534108513793214e-02,5.648238782994970814e-02,2.334219182825219896e+00,5.448579193469236692e+00,5.335614417809336096e+00
9.613683280726974534e-01,2.545474637236828652e-01,9.000844019074012367e-03,6.806504994894398142e-02,3.010166882465142191e+00,9.061104660289911905e+00,8.924974560392023193e+00
8.167234987572027372e-01,2.392588667343610309e-01,8.843861777664597384e-03,4.139416023908761011e-02,3.100497921250032540e+00,9.613087359675773769e+00,9.530299039197597466e+00
9.911524266246247716e-01,5.071391678525075108e-02,8.979558687329636246e-03,5.029544927111490038e-02,2.726691924899679709e+00,7.434848853313121175e+00,7.334257954770890819e+00
9.800885415306276327e-01,-2.220933893348334687e-01,8.863262154578060645e-03,6.166245395961827275e-02,3.481541597919921571e+00,1.212113189804679969e+01,1.199780699012756457e+01
2.731355683901703912e-02,7.560319557669004098e-03,2.072254956178565515e-03,7.510755751820485243e-03,1.100968584818751950e+01,1.212131824757805276e+02,1.211981609642768802e+02
1.062400812392638727e-02,3.012088586665129242e-03,8.298698040184424333e-04,1.893603885154363864e-03,1.678162256109975914e+01,2.816228557832124011e+02,2.816190685754420997e+02
9.217726407572890412e-01,-4.161911800616779900e-02,9.108717567712741950e-03,4.830230004929920995e-02,4.536541074649797167e+00,2.058020492198473761e+01,2.048360032188613644e+01
9.293354972382745771e-01,1.181661281081934356e-01,1.195337249302103229e-02,6.912609480295944797e-02,3.740221666379675014e+00,1.398925811365595173e+01,1.385100592405003361e+01
9.427844987682308942e-01,4.393307403948987222e-02,1.570828159189841238e-03,4.471408994103888423e-02,3.221012321037549864e+00,1.037492037227570307e+01,1.028549219239362422e+01
9.691828867456983021e-01,-8.818843713477320101e-02,1.117930958202431775e-02,4.805003336937294089e-02,3.952355575099739227e+00,1.562111459202199093e+01,1.552501452528324499e+01
8.979225123786243046e-01,-1.183714292804092238e-01,1.190791054900881309e-02,6.612789669974510065e-02,3.190081811376308085e+00,1.017662196327394675e+01,1.004436616987445596e+01
9.875614880961655073e-01,-2.814976455909292685e-01,6.495590448902126279e-03,9.770683809248505158e-02,3.571484667126907375e+00,1.275550272752259673e+01,1.256008905133762710e+01
9.780549469511529148e-01,1.405352324328612568e-02,2.198662422727033772e-02,1.703955932569232723e-01,3.219184385036903073e+00,1.036314810486542370e+01,1.002235691835157994e+01
9.627103843188318244e-01,1.305733661762020770e-01,6.804419089563120727e-03,7.980213203979742709e-02,3.461483390659270576e+00,1.198186726380999900e+01,1.182226299973040362e+01
9.766367836451470552e-01,1.582797063042718499e-01,3.129757627486055849e-02,3.208428052980863421e-01,3.883280304175752651e+00,1.507986592079932464e+01,1.443818031020315296e+01
4.191913745745179387e-01,-3.879503508056367789e-01,1.975115998297595141e-02,4.476772868006016759e-02,4.909307999939071188e+00,2.410130503826576387e+01,2.401176958090564284e+01
9.113184139590496669e-01,-4.119503895772324564e-01,7.783772292617760317e-03,4.355223633549828999e-02,3.063482716036642017e+00,9.384926351455241900e+00,9.297821878784246152e+00
2.337884981648363780e-02,4.730168110748778076e-03,1.015180229873543886e-03,3.270266111852129960e-03,1.447378337983942664e+01,2.094904053265159973e+02,2.094838647942923160e+02
2.586146090514662710e-03,3.922361053660949892e-04,6.540809300759065081e-05,1.285948831082350807e-04,8.158935544204032553e+00,6.656822921447594865e+01,6.656797202470973218e+01
6.476911936212390586e-01,5.639255972543910644e-02,1.144613823304545773e-02,7.148630124204154168e-02,8.138660654399648919e+00,6.623779724747292619e+01,6.609482464498884724e+01
9.810354503350869892e-01,-4.284034921972079690e-01,1.840620473339084351e-02,9.004629688083996830e-02,5.881797316962107836e+00,3.459553967782265005e+01,3.441544708406097186e+01
1.509603625762878654e-02,4.392234197432287601e-03,1.447552424497555983e-03,1.830861276527772936e-03,1.121869983076293842e+01,1.258592258927603780e+02,1.258555641702073302e+02
3.077077158998520190e-03,6.242043489237403264e-04,1.377296570474813460e-04,2.073403718661152699e-04,9.607193429343968916e+00,9.229816558882993149e+01,9.229775090808620064e+01
9.482932057879083221e-01,7.551384979548991794e-02,1.566942921810348527e-02,7.491551011020741724e-02,4.509403713267116309e+00,2.033472184922725745e+01,2.018489082900684295e+01
6.962263737481002579e-01,1.255217734945768271e-02,5.822506126339162952e-03,5.092625115263172547e-02,2.736845574678607562e+00,7.490323699637877475e+00,7.388471197332614260e+00
8.527774163854421330e-01,-9.107720058871926483e-02,1.583637705651671709e-02,1.132080344150729057e-01,3.539701412696126148e+00,1.252948609104295130e+01,1.230307002221280577e+01
9.760587366521310537e-01,-1.389590276702274974e-01,1.948347174957959851e-02,1.201162214574628684e-01,3.366472840818540924e+00,1.133313938796885623e+01,1.109290694505392949e+01
8.667129816251513130e-01,2.038838373234240775e-01,7.533044546929611868e-03,6.191620207590863012e-02,4.691784300350066772e+00,2.201283992101136278e+01,2.188900751685954660e+01
9.207058723862335814e-01,4.445062751354678099e-02,3.071292064269267198e-03,4.297039771287435722e-02,3.275135952223992675e+00,1.072651550555015909e+01,1.064057471012440992e+01
9.531505501242385492e-01,-1.162004577318009879e-01,8.683239643899087409e-03,6.084094868190955546e-02,3.449880230580703255e+00,1.190167360535156504e+01,1.177999170798774742e+01
9.782429072239721135e-01,1.742839163014431869e-01,9.884596943519573936e-03,1.013079071248896151e-01,3.072040217794552497e+00,9.437431099747202623e+00,9.234815285497424142e+00
9.784202423067542842e-01,6.852134622166539124e-02,5.912682086652038677e-03,5.230618959048653760e-02,3.233062709028644122e+00,1.045269448051163508e+01,1.034808210133066098e+01
7.345497256947597364e-01,-3.460619703524883128e-01,1.252611576549605803e-02,3.603408274318736781e-02,3.768722777773973132e+00,1.420327137571237230e+01,1.413120321022599768e+01
9.596348202275836181e-01,-7.948666431478490502e-02,4.023895518607937399e-03,7.344802853037879498e-02,3.262244174661241836e+00,1.064223705511120599e+01,1.049534099805044818e+01
9.729310687804179070e-01,-2.333433518991723243e-01,1.611936446991763319e-02,2.283449389568280863e-01,3.550257098719628246e+00,1.260432546700911338e+01,1.214763558909545615e+01
9.250024528488648423e-01,-2.410179292062742396e-01,4.278036246693105865e-03,4.328662156280570217e-02,4.430949102190865574e+00,1.963330994620603676e+01,1.954673670308042688e+01
9.776377053808993356e-01,1.337265295204232984e-01,1.161689335360191824e-02,5.971465524969135630e-02,4.258543173040325591e+00,1.813518995664836453e+01,1.801576064614897987e+01
9.403922940044535661e-01,1.412489585100858980e-01,4.639336487831565055e-03,7.309750389915313507e-02,3.201245100639702024e+00,1.024797019436969592e+01,1.010177518657138940e+01
9.456675392567936989e-01,-2.107884770571814004e-01,5.038884408078060477e-03,6.360900032232943979e-02,3.829508533254233793e+00,1.466513560626699153e+01,1.453791760562233293e+01
9.895332833094045988e-01,1.897005192770040427e-01,1.020502760871072091e-02,9.188884299276461887e-02,3.272171740115170202e+00,1.070710789680834019e+01,1.052333021082281128e+01
9.857990886842145084e-01,1.076916574030657436e-01,1.555469959971225898e-02,9.488923892487030609e-02,5.205244260426741931e+00,2.709456781070554143e+01,2.690478933285580254e+01
9.044037374357394299e-01,-1.298711812660682252e-01,8.582553542326832458e-03,9.343833801008862017e-02,4.018809492972233777e+00,1.615082974080374356e+01,1.596395306478356524e+01
9.718287879940236129e-01,-3.089634124800175741e-01,6.709933572000119362e-02,1.749635425964839175e-01,4.224465902334906708e+00,1.784611215999028033e+01,1.749618507479731022e+01
8.503047433125952015e-01,5.143270494953167127e-02,8.378549105880876008e-03,5.735070252619844239e-02,2.811198478144584012e+00,7.902836883522424749e+00,7.788135478470028517e+00
9.833288483652274925e-01,-1.768375202828804671e-01,8.376052325101503160e-03,1.272073614558728860e-01,3.151284473558302324e+00,9.930593833289627526e+00,9.676179110377882253e+00
9.878678582558129140e-01,-5.156652610810330550e-03,9.814698933756058757e-03,1.250453600237736718e-01,2.799864347052287705e+00,7.839240361894534104e+00,7.589149641846987038e+00
7.670088941770768498e-01,4.812682495457876186e-02,5.623281760954400993e-03,9.144440621252024337e-02,5.411647533016726186e+00,2.928592902160601952e+01,2.910304020918097834e+01
9.203066660814472888e-01,5.823398717292249671e-02,3.175656939743112979e-03,5.172343132688003720e-02,2.882974391880993359e+00,8.311541344241584639e+00,8.208094481587826508e+00
9.874659799995728626e-01,1.106885402496466941e-01,8.616363646155969155e-03,8.761211378071138978e-02,2.418820213099389438e+00,5.850691223298176702e+00,5.675466995736752729e+00
7.663406059930901737e-01,4.688233701740851522e-02,9.820452618725650923e-03,6.347399315600234238e-02,3.530388600625400386e+00,1.246364367142577301e+01,1.233669568511376724e+01
9.538129753847336412e-01,-3.789537628049333140e-01,3.782643372487053818e-02,6.724490390852418120e-02,2.184692233029015718e+00,4.772880153057306174e+00,4.638390345240257062e+00
8.210366642069104604e-01,1.516395471386688953e-01,1.439347644399071105e-02,5.764796377145429279e-02,3.743533800707332659e+00,1.401404531703828837e+01,1.389874938949538041e+01
9.522726818756738210e-01,-2.659141241383696785e-01,2.770603357653223658e-02,1.071573683801856219e-01,2.760340032279396283e+00,7.619477093804217560e+00,7.405162357043845844e+00
8.321470377787985040e-01,3.125421927053579907e-01,1.734508762667114762e-02,1.503829058207715730e-01,6.864539114344295534e+00,4.712189725236276416e+01,4.682113144072122424e+01
8.987643269365231946e-01,-6.125945297661811173e-01,6.326426002377169566e-02,1.430212454439682424e-01,4.524805460544603974e+00,2.047386445577426528e+01,2.018782196488632863e+01
9.783368841455849507e-01,1.857849909636372088e-02,3.179336180522860517e-02,8.156196612515145827e-02,2.853684777246084714e+00,8.143516807886037157e+00,7.980392875635734740e+00
9.772163401671194460e-01,5.778570020910178684e-02,8.769569043819489332e-03,8.988797888002657277e-02,4.047598370102629239e+00,1.638305256565745793e+01,1.620327660789740420e+01
9.719930156587661685e-01,-3.127413770532082027e-01,4.083662617885319354e-03,9.682873799244813562e-02,5.223858788576803747e+00,2.728870064299111320e+01,2.709504316700621729e+01
1.050964762901366312e-01,7.121566159954184627e-03,5.324699960728975986e-04,3.390746775292632909e-02,8.728935606169327954e+00,7.619431681665068368e+01,7.612650188114481864e+01
5.380974911053715282e-03,1.286168746888805003e-03,3.016929333653244798e-04,8.629310231328652476e-04,1.365211898836162163e+01,1.863803528723839236e+02,1.863786270103376523e+02
9.655644012066759707e-01,-1.146279681610277379e+00,1.769354234680793059e-01,1.833450688903124626e-01,6.205105623060354958e+00,3.850333579333523915e+01,3.813664565555460939e+01
9.295010314281711983e-01,-1.473561777170662168e-02,1.182664602224475954e-02,9.601098082080555818e-02,6.641623589022781715e+00,4.411116389826385387e+01,4.391914193662224619e+01
8.153759116920977768e-01,-1.729718613618533851e-01,1.689987895437740015e-03,6.402415768588863576e-02,4.339703362203829684e+00,1.883302527192322628e+01,1.870497695655144454e+01
1.028802432024145119e-01,2.565681085013427065e-02,7.949451750312209672e-03,2.616007477330266340e-02,1.040980043937730315e+01,1.083639451876599082e+02,1.083116250381132915e+02
2.615714452737005757e-03,5.609950645837358252e-04,1.225044329474610086e-04,2.080022683414074899e-04,2.010615830297383155e+01,4.042576017042435979e+02,4.042571856997069517e+02
9.596620166316612854e-01,1.912592218945396993e-01,4.727073195536823230e-02,1.343441799233533462e-01,6.230472342371705885e+00,3.881878560905877151e+01,3.855009724921206526e+01
3.756306606993131680e-01,-5.226198545297044973e-02,3.692491778738964375e-03,2.746748856238369688e-02,9.394364715318010539e+00,8.825408840441204461e+01,8.819915342728727126e+01
9.441033073630048511e-01,-3.201871345146489745e-02,6.739995454212945394e-03,5.930448163465301681e-02,4.062477069160070009e+00,1.650371993745139321e+01,1.638511097418208706e+01
9.934625870585828133e-01,1.043541283209554055e-01,3.365348883883255426e-02,9.941498819872329751e-02,4.937087692851430454e+00,2.437483488690506306e+01,2.417600491050761136e+01
9.075782231937842282e-01,2.277750109796075062e-01,1.911766712868388784e-02,7.263632064827564572e-02,3.923720203359548631e+00,1.539558023425189681e+01,1.525030759295534466e+01
7.000767474003262159e-01,8.822555485971200762e-02,1.615250459420584095e-01,3.146999580373143202e-01,5.132891001021162580e+00,2.634657002836403450e+01,2.571717011228940919e+01
6.378782014360162567e-01,4.670154617628607951e-02,2.811577164627457499e-03,3.304229863107641108e-02,4.493383227840946681e+00,2.019049283224232383e+01,2.012440823498016940e+01
9.806095937180799860e-01,-8.798300953494830878e-02,4.967580358476896690e-03,1.050420218655713084e-01,2.215571497915354016e+00,4.908757062374885294e+00,4.698673018643742871e+00
6.677679655351325128e-01,-3.330875258540864914e-02,3.206955122260446173e-03,7.051326268449863155e-02,2.728068425284368104e+00,7.442357333033530864e+00,7.301330807664532685e+00
6.384970421391424900e-01,4.597640425375359996e-02,6.409287787649662130e-03,6.330699373261487739e-02,6.085776666519560507e+00,3.703667763475393571e+01,3.691006364728870892e+01
8.566160785104834918e-01,5.621047238019105663e-02,2.771735112306732921e-03,3.800441205724551519e-02,2.577124388244283804e+00,6.641570112483472954e+00,6.565561288368981785e+00
8.595064485329291237e-01,1.345171263188684740e-01,6.219997151069366764e-03,1.169049525953514829e-01,3.326806833342054404e+00,1.106764370637138661e+01,1.083383380118068295e+01
9.785282085346594938e-01,4.670963320605858726e-02,5.992611217844764047e-03,1.037996995236771941e-01,4.125151187529183083e+00,1.701687231997343019e+01,1.680927292092607672e+01
9.547923995455490642e-01,-1.221086341429488797e+00,8.356432943023266169e-02,1.270272537176057870e-01,4.252120050310882249e+00,1.808052492225581886e+01,1.782647041482060857e+01
1.195998751804679960e-01,5.029274418743323594e-02,1.912177408727628106e-02,2.695975191892146725e-02,6.966456343054315603e+00,4.853151397968170500e+01,4.847759447584385839e+01
9.927344438233627333e-01,-2.220472869403270488e-01,5.885393704746077516e-03,3.069632839108858008e-02,2.736150784501281130e+00,7.486521115526977077e+00,7.425128458744799431e+00
3.882754250757858294e-02,5.344389381741976308e-03,7.990528916155331066e-04,8.217683136642277286e-03,1.068734956200655084e+01,1.142194406605215988e+02,1.142030052942483280e+02
5.034790999883465012e-03,1.000853462427286900e-03,2.047200278112878643e-04,4.039527620549169021e-04,1.385178642866331522e+01,1.918719872653012146e+02,1.918711793597771020e+02
5.842897553921461151e-01,-4.133637472615978581e-01,1.530425068838677828e-02,3.924847740558338322e-02,4.674502922926492943e+00,2.185097757644832939e+01,2.177248062163716469e+01
1.041576119157161529e-02,4.253886314007360170e-03,1.950986866914248760e-03,1.757899434837341748e-03,1.573736508550773827e+01,2.476646598345579946e+02,2.476611440356883236e+02
2.681047374254896809e-03,6.472268235455658214e-04,1.661879899371900146e-04,2.169709017424235745e-04,1.500700124597512541e+01,2.252100863966989550e+02,2.252096524548954619e+02
6.714613849229837950e-01,1.469069969497551753e-01,1.827176863563115608e-02,5.956425673437318324e-02,6.901419362855446771e+00,4.762958922199608480e+01,4.751046070852734005e+01
8.604446699289003408e-01,-1.250290685704520399e-01,1.222059695754350306e-01,1.744760484944311296e-01,4.519110331396620772e+00,2.042235818733567498e+01,2.007340609034681123e+01
5.158030220925036158e-01,1.390376203080467832e-01,2.414615434024415530e-02,1.284053039348544700e-01,1.652860004807963179e+01,2.731946195493780465e+02,2.729378089415083082e+02
8.337992839331409556e-01,5.944357353713325409e-01,1.510948074342211567e-01,2.114238567670040925e-01,5.787858135796484227e+00,3.349930180010555603e+01,3.307645408657155173e+01
9.047229304246378057e-01,2.003701795529838903e-01,4.729108324771193195e-02,1.330755192682498700e-01,4.416021433918774441e+00,1.950124530483002872e+01,1.923509426629352603e+01
9.600376561077643700e-01,-1.607977365221764376e-01,1.867203324185779181e-02,6.854848923568107599e-02,2.376450331738280575e+00,5.647516179218983190e+00,5.510419200747620927e+00
7.856147083969250433e-01,-3.400394089910974138e-02,4.873677956548268415e-03,4.207505376646678702e-02,4.347192907723576027e+00,1.889808617696216331e+01,1.881393606942923213e+01
6.939363605444446303e-01,1.875984753450932185e-01,3.897168549967620823e-03,3.684703422738651313e-02,2.882825637208604963e+00,8.310683654547199595e+00,8.236989586092427373e+00
8.859978210608354665e-01,-1.188566059032987177e-01,5.301337633933249360e-02,1.575278583161173473e-01,4.381040544510504731e+00,1.919351625264489769e+01,1.887846053601266405e+01
6.084009875027283076e-01,1.109896833998216259e-01,1.218654960577443373e-02,2.424062611054504657e-02,3.049641025005604966e+00,9.300310381397236981e+00,9.251829129176146083e+00
9.606972299192837461e-01,-2.786845220730340689e-01,1.524274426613329673e-02,6.067169612672225487e-02,3.086886126952524290e+00,9.528865960771955912e+00,9.407522568518510653e+00
9.905430445118771354e-01,-2.236366474740467403e-01,4.109186271584130273e-02,9.847228861934310962e-02,2.847329896084634715e+00,8.107287537137336741e+00,7.910342959898650328e+00
9.593960516407218364e-01,4.044420538929260900e-01,6.831671591307209024e-02,1.972525327163375808e-01,3.900384254399179795e+00,1.521299733196504533e+01,1.481849226653237039e+01
5.669665023553520644e-01,3.722416779429238431e-02,6.705532338119746770e-03,1.018942454208733583e-01,5.652371891197621068e+00,3.194930799640096808e+01,3.174551950555921920e+01
8.624595694496730580e-01,-1.446426366777679995e+00,2.983049021717141050e-02,2.890113354041802252e-01,4.836688329731106961e+00,2.339355399895708487e+01,2.281553132814872598e+01
3.103264046033883394e-01,-2.005510048782066512e-02,-5.952089324933794532e-04,1.873420647355016899e-01,1.326142302493908076e+01,1.758653406463843965e+02,1.754906565169133899e+02
4.329952058716779462e-03,6.267181187897818972e-04,9.716026284518046062e-05,2.137469780850111589e-04,9.329234337362022345e+00,8.703461332141461071e+01,8.703418582745844390e+01
6.912694989469949647e-01,-1.555239987319794182e-01,1.554733276004625561e-02,6.888922747989013884e-02,1.309962301885877523e+01,1.716001232362146993e+02,1.714623447812549273e+02
9.711953559182617823e-01,-4.046782095245546884e-01,1.896713334161492445e-02,1.152670733503137201e-01,6.553246757935999867e+00,4.294504307039869673e+01,4.271450892369806951e+01
2.319677024616416672e-01,1.487525347025053790e-02,-6.866545859493659344e-04,8.746064892884360120e-02,3.758597344395968598e+00,1.412705399730042721e+01,1.395213269944273904e+01
7.808800726281067695e-01,-5.118190683305887667e-01,6.495690982826339555e-02,9.438293428895196124e-02,3.327508937598387728e+00,1.107231572979715217e+01,1.088354986121924739e+01
6.790534111465884592e-01,-5.526325888695171606e-02,2.440997311040401640e-03,7.230331560856530226e-02,5.667571879304134974e+00,3.212137100707900572e+01,3.197676437586187603e+01
8.988601007670052878e-01,-1.981380954961281526e-01,6.441692080401830757e-03,4.998194871127977640e-02,4.403669190246606746e+00,1.939230233712720874e+01,1.929233843970464690e+01
8.298376298727349054e-01,-5.172449478941023582e-01,1.996828779195092968e-02,5.487625776166615149e-02,4.614018633968676397e+00,2.128916795461017131e+01,2.117941543908683855e+01
6.831657484208256692e-01,1.478028115281038168e-02,5.324217492347915054e-03,5.403953699097351071e-02,5.064309040516580041e+00,2.564722605785796006e+01,2.553914698387601234e+01
7.014081597388005518e-01,5.475798389712482894e-02,6.723651235562571812e-03,3.885360386763086343e-02,2.998794086334467313e+00,8.992765972234572303e+00,8.915058764499310229e+00
9.276522855665035872e-01,8.194967167528344199e-02,2.458470146365888086e-03,9.190022988409499161e-02,2.549628245927670456e+00,6.500604192432209771e+00,6.316803732664020288e+00
