trH,D,Q,V,sigma,W,C
9.964202349055658603e-01,-9.262670175820435225e-03,-5.737725217966673923e-05,2.549829178469801422e-03,4.466010157787256851e-01,1.994524672945895971e-01,1.943528089376499735e-01
9.920853216967456811e-01,-6.049203837851702126e-02,1.260682411809844583e-04,8.555848529141943382e-03,1.418782745149988367e+00,2.012944477935337151e+00,1.995832780877053292e+00
9.886885721278587669e-01,-1.299592276958777548e-02,1.253459778231672309e-04,7.680606179390857616e-03,1.343876957537520012e+00,1.806005277000301446e+00,1.790644064641519595e+00
9.964199366919702650e-01,1.000742250305886039e-02,-1.634733723414014364e-05,3.902583185012281370e-03,1.246303280040726325e+00,1.553271865840273103e+00,1.545466699470248395e+00
9.982701625645272747e-01,-1.608216737099810167e-02,-9.618330623258288155e-05,1.098556337190322203e-02,1.070764009601145927e+00,1.146535564257123108e+00,1.124564437513316584e+00
9.703930893916431488e-01,-4.919119011209144299e-03,2.739429543279787790e-06,1.158985123694226786e-02,1.068761138193448312e+00,1.142250370512555291e+00,1.119070668038670613e+00
9.608228381889392100e-01,3.829015638068422600e-03,7.745477380613933018e-05,5.245870426722333384e-03,6.988874714160275836e-01,4.884436977022887372e-01,4.779519568488440062e-01
9.827553964801586384e-01,-3.123512910645066115e-02,4.052407384584182375e-04,6.346311136775323151e-03,8.384953578548388631e-01,7.030744651441142024e-01,6.903818428705634780e-01
9.749425115172619671e-01,-3.253136126320342603e-02,-7.470365548166480222e-05,1.073367275514668095e-02,1.653105179199235941e+00,2.732756733495337986e+00,2.711289387985044819e+00
8.977381584131971515e-03,-9.989905681724886577e-02,2.979824767093059351e-05,2.126671560980016192e-04,7.079433555830699554e+00,5.011837947142169725e+01,5.011795413710950697e+01
9.286779853159061737e-01,-5.389607432010423693e-02,1.129997711478810453e-04,9.312681760516573065e-03,1.519614735609595702e+00,2.309228944681821272e+00,2.290603581160787883e+00
1.613154411796580145e-02,-2.324916027023160581e-01,9.370542781310163365e-05,4.007756706295323456e-04,6.343671413027148098e+00,4.024216699645785411e+01,4.024136544511659963e+01
9.749246065721156596e-01,-1.810232020288071730e-03,-6.255104872705405329e-05,7.646244362383323827e-03,1.367185914580953288e+00,1.869197325028557399e+00,1.853904836303790660e+00
9.075722013623499507e-02,1.566940080320489148e-03,-1.018238515762100682e-05,1.462665995295787556e-03,1.058868164979253734e+00,1.121201790806532150e+00,1.118276458815940622e+00
1.123490512232150351e-02,-1.343740030110840422e-04,-4.858809566014641537e-07,9.377523386502257846e-05,3.642245434809203708e+00,1.326595180738848612e+01,1.326576425692075567e+01
8.266779768404552975e-02,-5.465135980762725332e-02,2.972626331669693089e-05,8.641615730397692909e-04,1.563838566635573413e+00,2.445591062496804913e+00,2.443862739350724844e+00
8.566543983429162346e-01,8.417718128522988508e-03,4.063932529225372502e-06,2.307273705828554768e-03,6.699427308081854493e-01,4.488232625627288641e-01,4.442087151510717424e-01
9.938092389764605628e-01,1.332619994932508420e-02,1.873670346499813674e-04,6.215667804362963629e-03,1.088372805957791289e+00,1.184555364748436146e+00,1.172124029139710366e+00
9.694871914234177712e-01,-3.771484860331561495e-03,3.524191975063691238e-06,7.666144578854855278e-03,1.009728171172955324e+00,1.019550979660280854e+00,1.004218690502571176e+00
9.747093860177533653e-01,-3.033757775129207815e-02,1.257417189921588207e-04,1.139003534163296125e-02,9.693765171359134403e-01,9.396908319745539417e-01,9.169107612912880123e-01
9.557780314459154436e-01,-1.997806605251095657e-02,2.450099100585127320e-04,4.489955215213981519e-03,9.161980550976176474e-01,8.394188761646572683e-01,8.304389657342292619e-01
7.258556599952945554e-01,-2.258710360152375168e-02,9.590816353396712014e-05,7.468663081427492738e-03,1.611478980665703942e+00,2.596864505127375988e+00,2.581927178964521286e+00
9.116211894453791764e-01,-4.315049495683141723e-03,1.005074091277483815e-04,6.808292097374723378e-03,1.266402966767025129e+00,1.603776474236323191e+00,1.590159890041573654e+00
9.665467387091927209e-01,-1.397642681270656884e-02,1.672373742266417928e-04,1.026740988427665181e-02,1.199659001142322268e+00,1.439181719021794370e+00,1.418646899253241056e+00
9.014362221011830156e-01,-2.058720277553768851e-02,2.186987832298896894e-04,2.764015758701551979e-03,7.793608839743514372e-01,6.074033874692824631e-01,6.018753559518793539e-01
8.406141873068521120e-01,1.962446735465606107e-02,2.070153267666177070e-04,2.575281017202586155e-03,8.151209008541652201e-01,6.644220830093058305e-01,6.592715209749006045e-01
8.223909585402809919e-01,-2.707159988211627066e-02,2.891724489933484929e-07,3.021954374431416301e-03,1.024499837946806435e+00,1.049599917953032646e+00,1.043556009204169799e+00
9.327242695153948882e-01,6.444433237662416936e-03,3.104245171006087461e-05,4.400972721452101576e-03,9.718412618738717645e-01,9.444754382805994330e-01,9.356734928376951865e-01
9.921747751122288461e-01,-2.633173294190565422e-02,7.339449192508151623e-05,7.210150396775673320e-03,1.194869750787883378e+00,1.427713721347898534e+00,1.413293420554347257e+00
8.560810093083487393e-01,-1.153656939966901662e-02,1.511062749358136714e-04,1.327178847084780657e-02,1.149251715872851021e+00,1.320779506436692285e+00,1.294235929494996551e+00
9.975523484030521804e-01,-1.395825588229274682e-02,-2.498737958793943281e-05,6.941413031487200444e-03,7.864555868961389251e-01,6.185123901601502494e-01,6.046295640971759422e-01
9.976022547804059837e-01,-4.263427418232140775e-02,9.419077855817607682e-05,1.151828915427991797e-02,1.276211378231627780e+00,1.628715481927870856e+00,1.605678903619310871e+00
9.887968391025085957e-01,-8.610577402061092567e-02,-4.976542649579298260e-05,1.084064955418737389e-02,1.674735840100493256e+00,2.804740134117105210e+00,2.783058835008730636e+00
6.776505144812010606e-01,4.114490146804140186e-03,1.425021777210437449e-04,9.205111353211175781e-03,8.706814930722416301e-01,7.580862623785079579e-01,7.396760396720855057e-01
5.401427955708012485e-01,3.180085023461121096e-03,-4.598313249875245174e-05,6.718569878697058448e-03,1.331971477683426830e+00,1.774148017362171759e+00,1.760710877604777735e+00
9.211303682484783817e-01,-7.952791773612272186e-03,-4.659581300018920773e-06,3.710997001107322734e-03,9.365945537853412883e-01,8.772093581803624973e-01,8.697873641781478371e-01
9.922441955487995013e-01,4.306015510717436934e-02,8.804936980844058070e-05,5.779643342630702563e-03,1.044894335767343918e+00,1.091804172918678928e+00,1.080244886233417523e+00
7.829562871449390338e-01,-4.416372631545872895e-03,7.540367552510437001e-05,4.616927358296501679e-03,9.649970106579303097e-01,9.312192305787416746e-01,9.219853758621487927e-01
9.809805652054877090e-01,-1.629862632192488614e-02,2.407609944818492657e-04,4.153200017996282536e-03,1.221257908894086697e+00,1.491470880036357194e+00,1.483164480000364494e+00
9.965262284495144396e-01,4.026953582921866115e-02,8.551562660266955211e-06,4.819754250683602227e-03,9.468533319936892623e-01,8.965312323075516066e-01,8.868917238061843067e-01
9.434030312603089996e-01,-3.141297144029049637e-02,5.936783529056925603e-04,1.981019931694993907e-02,1.295229252714970469e+00,1.677618817088580849e+00,1.637998418454680971e+00
9.763957228768330721e-01,1.127577989417960502e-02,-3.126970577208816002e-05,8.323795451315710650e-03,1.113515506223016649e+00,1.239916782599100875e+00,1.223269191696469305e+00
8.203994677075822084e-01,-4.999617930552521794e-03,4.533668521439753195e-05,2.323321531206007720e-03,1.089948305311970511e+00,1.187987308252436591e+00,1.183340665190024454e+00
8.256415272129890015e-01,-1.976046540705660159e-02,2.213596847245609113e-05,1.881780532153034960e-03,8.194699609407383178e-01,6.715310168842152372e-01,6.677674558199092614e-01
8.866564765539075577e-01,-2.466204329653778546e-02,2.971760217635796152e-04,4.682573248561660607e-03,9.024101967704246663e-01,8.143441632352365067e-01,8.049790167381131178e-01
9.057110324362152021e-01,9.368867409810632818e-03,6.726638418190444520e-05,3.029500102762053716e-03,7.541361707927940472e-01,5.687213640980182117e-01,5.626623638924940218e-01
2.141264684868507961e-01,4.942728194073250925e-03,8.649047744769920850e-05,1.440499431077589890e-03,1.937134677153892204e+00,3.752490757432113799e+00,3.749609758569958373e+00
8.404236968064809910e-01,1.307833736675018121e-02,2.487001870853252868e-04,3.055126242442986282e-03,7.616477284024155692e-01,5.801072621805598573e-01,5.739970096956739098e-01
9.880926653670908388e-01,-2.557901682684449174e-02,1.685591077323750060e-04,6.252506976106480922e-03,1.206885258516919412e+00,1.456572027225451205e+00,1.444067013273238276e+00
2.154133765812504819e-02,4.118938080803768997e-04,7.657574693371368635e-06,1.474712090856191641e-04,1.076618805529534040e+00,1.159108052419840496e+00,1.158813110001669200e+00
5.015708219931520606e-01,2.171601782449824464e-02,5.214120780710872075e-05,2.045625199112168294e-03,1.592942329609747576e+00,2.537465265462529818e+00,2.533374015064305596e+00
8.077377471740838644e-01,6.173166872218638357e-03,4.043749472242859068e-05,2.671867813217770546e-03,1.055472712289284631e+00,1.114022646387299087e+00,1.108678910760863667e+00
9.750818712621706075e-01,-2.625252863677461634e-02,6.656329306735241536e-05,4.453984619314748164e-03,9.124877936969721937e-01,8.326339736459681395e-01,8.237260044073385634e-01
9.136021685360777855e-01,-1.122898318306997378e-02,-1.081465130156020497e-04,9.551040661523232250e-03,1.330058467452361448e+00,1.769055526841724291e+00,1.749953445518677819e+00
9.547621219526128966e-01,1.496878847121541067e-02,-9.074302891430977068e-05,1.208996163379787679e-02,9.673551301754670373e-01,9.357759478767948558e-01,9.115960246091990848e-01
9.480525635390373296e-01,-5.644613513658730541e-02,5.635785080103685710e-05,5.625507081882596266e-03,9.525020622210920163e-01,9.072601785354330595e-01,8.960091643716677767e-01
3.426539696415378256e-01,-5.410127481829118956e-03,-6.873225949352848204e-06,3.359667377678307674e-03,1.194017601974890264e+00,1.425678033825867663e+00,1.418958699070510976e+00
9.895667222905223381e-01,-4.738285823268684194e-03,5.175810533721775713e-05,2.492740005972638416e-03,9.016621718024855348e-01,8.129946720595748744e-01,8.080091920476295542e-01
9.933198589212138829e-01,-1.869008105762012817e-02,-3.603635257913886372e-05,6.282416794735002502e-03,8.817398894089364392e-01,7.774652325748835358e-01,7.649003989854135099e-01
8.221971205799493143e-01,-1.167993510045878258e-02,2.371122963455796835e-05,2.265407679389332650e-03,6.369098570127044168e-01,4.056541659599435246e-01,4.011233506011648298e-01
9.649381176707817476e-01,-9.074273099216087490e-03,-2.030228529218687072e-05,4.012791642973447849e-03,7.138495484698611504e-01,5.095811778506246226e-01,5.015555945646776870e-01
8.662582720594446117e-01,-1.059878911689945968e-02,1.615110624152176399e-04,3.486375228327867788e-03,9.489873668519501759e-01,9.005770224445979188e-01,8.936042719879422336e-01
9.710712777692597220e-01,4.965327799317242885e-04,2.713390915266370167e-04,4.263232223501742767e-03,6.396014868781885188e-01,4.090900620167896018e-01,4.005635975697861006e-01
5.434267884947143745e-01,8.362844247647382989e-03,-4.467008091056969812e-05,2.068796688406415989e-03,1.029173658741242114e+00,1.059198419846834494e+00,1.055060826470021418e+00
9.328488285554108472e-01,2.108375718176985769e-02,-3.664804044923648834e-05,7.676866514805100530e-03,7.309110038783643848e-01,5.342308955904783163e-01,5.188771625608680216e-01
8.789872717722125861e-01,-3.993837154760926378e-03,1.160698646775768568e-04,3.145942166377451409e-03,7.856619960436306283e-01,6.172647720272619321e-01,6.109728876945069720e-01
6.757048205000032448e-01,-1.039755187821099491e-02,6.228005207198082150e-05,2.649914612901291093e-03,6.255363555605087944e-01,3.912957321279232348e-01,3.859959029021206578e-01
9.943273731026263107e-01,5.278945029763046359e-03,1.831819851104824319e-05,5.435628326752049537e-03,8.835225346402917346e-01,7.806120692172054953e-01,7.697408125637013043e-01
9.345967168566056138e-01,-3.100543662518648325e-02,2.798963179785905254e-04,1.134974459221310510e-02,1.073480608802942715e+00,1.152360617475936433e+00,1.129661128291510108e+00
7.805655490508560668e-01,-2.298820805416479374e-02,-1.842890087004244652e-04,8.540505358631314201e-03,1.431568150334809220e+00,2.049387369053026653e+00,2.032306358335764340e+00
5.112303087999228168e-01,-1.265267683636019797e-02,1.287328253653202248e-04,1.449758175420844076e-03,8.505525737199258751e-01,7.234396806615899234e-01,7.205401643107482990e-01
8.518021791937336884e-01,3.377382262484567021e-03,1.690601532125613556e-05,1.982153174673788841e-03,8.678119909130771470e-01,7.530976515725187337e-01,7.491333452231712098e-01
8.990317896590622748e-01,-2.758610146800299923e-02,5.801984833857019668e-05,2.968616560016306642e-03,8.149233442288925655e-01,6.641000569692021571e-01,6.581628238491694649e-01
5.753858788049341921e-01,2.277110677944185757e-03,-1.152492781516913708e-04,5.149426883201008338e-03,1.951978064098293553e+00,3.810218362720922070e+00,3.799919508954519909e+00
5.393370880504453346e-01,6.058104690818514292e-03,-1.248021948239302111e-04,7.102839043825265146e-03,1.644328044268174471e+00,2.703814717166799220e+00,2.689609039079148722e+00
8.974501389193361156e-01,3.670727250423361232e-03,-4.005918048721674504e-04,1.721231298040559049e-02,1.141305688195285883e+00,1.302578673906915174e+00,1.268154047946103979e+00
5.616933893526044885e-01,-4.894879157208653631e-03,-6.413323326363627546e-05,2.869833915931913667e-03,1.637473863784769446e+00,2.681320654578221330e+00,2.675580986746357581e+00
5.095441550823995858e-01,4.838844449861490205e-03,1.475857434068435108e-05,1.756614745340895215e-03,1.604291383842904040e+00,2.573750844272579830e+00,2.570237614781897939e+00
7.818372810872922241e-01,-1.133256562307882742e-02,1.558139673368819089e-04,1.150830110597289568e-02,9.971961694805423493e-01,9.944002004266665473e-01,9.713835982147208670e-01
8.636887055918140987e-02,4.937214990409499737e-04,-3.275375859414275984e-05,1.310450052489101503e-03,1.720547658648265532e+00,2.960284245680028459e+00,2.957663345575050062e+00
7.056166090235342914e-01,-1.760213491155379617e-02,7.826386363265510184e-05,2.501093623837191346e-03,1.028533368718923091e+00,1.057880890568296151e+00,1.052878703320621723e+00
9.963990405139894202e-01,7.996568104277013145e-03,-4.764818768535699717e-05,8.658584392324843171e-03,1.053541763972500211e+00,1.109950248434287357e+00,1.092633079649637740e+00
9.977935494160882213e-01,-4.810890801665620997e-02,6.892604981947746568e-05,5.415031020653133555e-03,8.317517295216603213e-01,6.918109395622731306e-01,6.809808775209669207e-01
9.958250649960298517e-01,1.013874787268819605e-01,1.636535886173024553e-04,1.494122964918360129e-02,8.424840056287506984e-01,7.097792997402648796e-01,6.798968404418976874e-01
1.627826421226918896e-02,-3.419620373595888552e-05,-4.239134744880990954e-06,1.525439416812755659e-04,4.254139853039908381e+00,1.809770588922241075e+01,1.809740080133904883e+01
9.169335538640320804e-01,9.456402541603903256e-03,-2.726280523700533073e-05,5.379035039304914251e-03,2.984148438087004251e+00,8.905141900537106636e+00,8.894383830458496121e+00
8.473088733534411832e-01,1.752007018231749313e-03,-3.739204004061408450e-05,3.322728517685343431e-03,1.166552950100170127e+00,1.360845785387409856e+00,1.354200328352038962e+00
8.127993165224163263e-01,-2.735116434719706002e-02,3.249259671047555957e-05,8.107500968517790396e-03,9.945458939545768207e-01,9.891215351819082624e-01,9.729065332448726400e-01
8.544104101367787640e-01,-1.959902388372289361e-02,-1.594015983194082316e-06,2.438547639515772480e-03,7.226851987819215006e-01,5.222738965384654541e-01,5.173968012594339916e-01
9.187916412400519706e-01,-8.949502583219425683e-03,-3.878637417222352362e-05,5.218043797400945955e-03,8.421261964421611346e-01,7.091765307341414415e-01,6.987404431393395843e-01
7.071730102494993009e-01,-1.864415480605369213e-03,2.743892101216050298e-05,2.448075268260393577e-03,9.090949044727514305e-01,8.264535453383210495e-01,8.215573948018002337e-01
4.266804172930749317e-02,-2.734926891301836527e-04,-1.137863113000483047e-05,5.558158461828224643e-04,1.097036528835539926e+00,1.203489145599530463e+00,1.202377513907165074e+00
2.469717509699265179e-03,-8.521820327289653108e-06,-9.449291196101366374e-08,1.351547433860939479e-05,4.873997223858689054e+00,2.375584893818221133e+01,2.375582190723353193e+01
7.688141143763811414e-01,1.555331038590838239e-02,-9.087664575166599533e-05,6.277736617305880798e-03,1.627333180909471766e+00,2.648213281688939880e+00,2.635657808454328066e+00
8.221158522836208293e-01,2.453838894498881762e-02,1.560027512361298100e-04,4.634999199340171863e-03,7.662724359866094348e-01,5.871734461528523852e-01,5.779034477541719061e-01
9.019986800232394630e-01,-2.339562576793796644e-03,4.641538567753686720e-06,7.172479491299030806e-03,1.138189934620915666e+00,1.295476327272364170e+00,1.281131368289766037e+00
5.789119468681751535e-01,1.960905149390296254e-02,-5.640089590783125307e-06,1.959858163048086403e-03,1.527225716210101059e+00,2.332418388253456154e+00,2.328498671927360153e+00
9.475251429085175259e-01,-1.994483712571859524e-02,1.259786896071828869e-04,3.451505076258235948e-03,1.133346345188751769e+00,1.284473938152701056e+00,1.277570928000184569e+00
9.855625941666507073e-01,1.067283366193749750e-02,1.950741593378380045e-04,3.199841822558280313e-03,6.249770213435651423e-01,3.905962772074751399e-01,3.841965935623585238e-01
9.962215062176478231e-01,1.965707275541850318e-02,-1.341650258416153030e-05,4.454098434074992181e-03,8.782189038675590753e-01,7.712684431103370430e-01,7.623602462421870118e-01
9.980692897912838424e-01,7.372466761643592381e-02,4.536904945931239211e-06,1.733066282091612689e-02,1.235403779956058656e+00,1.526222499529718002e+00,1.491561173887885561e+00
7.840410366299732647e-01,5.127470372622122685e-03,1.039028160122611486e-04,7.514068631031530464e-03,8.986884216130998082e-01,8.076408791414446675e-01,7.926127418793815771e-01
9.926520329474926019e-01,5.058444663493985582e-02,-4.475665420592860922e-05,8.764464780688468321e-03,8.831701224964323416e-01,7.799894652703633913e-01,7.624605357089864199e-01
7.084058463880598122e-01,1.966656406461603224e-02,3.538747188148870688e-04,5.592616074191022156e-03,1.145421403859905540e+00,1.311990192420396939e+00,1.300804960272014643e+00
9.482907885672776649e-01,-3.883563175094928432e-02,4.907960045853207789e-04,8.324574298339574782e-03,1.105360991553367755e+00,1.221822921647844451e+00,1.205173773051165353e+00
9.916150699148549297e-01,-4.675367000041563692e-02,3.937826772280176072e-04,6.640843135310979875e-03,1.065285896560558943e+00,1.134834041410833771e+00,1.121552355140211787e+00
9.107420594062828334e-01,-1.053970986700937529e-01,1.125213966563955517e-03,9.634670650760566654e-03,8.896833306586281465e-01,7.915364288518299540e-01,7.722670875503088173e-01
9.968543443236598245e-01,-5.437265708424005028e-02,1.534655807755222468e-04,9.399649378079725018e-03,8.666724020176160836e-01,7.511210524189844140e-01,7.323217536628249258e-01
9.347666335681595884e-01,1.800566070434939103e-03,-1.909688361585950257e-05,9.680398554015772275e-03,9.751563395768170217e-01,9.509298866168565123e-01,9.315690895088249990e-01
9.234929107449402208e-01,-3.365074700810377628e-03,1.283899179517122217e-04,6.367913558574198399e-03,7.940840206829531400e-01,6.305694319040048290e-01,6.178336047868564496e-01
8.923153611981269329e-01,-9.846408695253328069e-03,4.019107247291959459e-05,5.526507718622140040e-03,8.295351233032260962e-01,6.881285207936984616e-01,6.770755053564542214e-01
9.957608801082991068e-01,3.581152216898153551e-02,-2.480443211819279492e-04,1.752855515053764954e-02,7.641233525770816382e-01,5.838844979536389479e-01,5.488273876525636696e-01
3.058185326426888784e-01,2.567314754725366632e-03,6.253477031021285660e-06,2.396119913946464456e-03,1.159719696156556346e+00,1.344949773653455249e+00,1.340157533825562242e+00
9.596975213412684003e-01,1.943080469631157381e-02,4.767114947291511973e-04,5.386954975634032118e-03,8.808306094705173894e-01,7.758625625802030301e-01,7.650886526289349954e-01
9.323702032950247354e-01,-1.453658182976053093e-02,4.756273352377864290e-04,9.978040408756026075e-03,1.055355805516425605e+00,1.113775876237223628e+00,1.093819795419711749e+00
9.628725189227028691e-01,-7.460323308351377025e-03,5.514633416571042621e-05,1.232376751434454375e-02,6.143579733735914372e-01,3.774357194477065414e-01,3.527881844190174365e-01
9.474841451003467308e-01,5.518786183878963275e-02,1.194477802130144203e-03,1.934570021170064699e-02,1.684940403438135892e+00,2.839024163138267998e+00,2.800332762714866419e+00
9.691217223078869569e-01,2.030145628247337353e-02,1.767345608757572143e-05,6.614732326430870953e-03,1.266572548208182658e+00,1.604206019874569344e+00,1.590976555221707667e+00
9.045153070099283266e-01,1.079617319486733673e-02,-2.503558610702971070e-05,3.222832116834189152e-03,9.257666024380039049e-01,8.570438021896051861e-01,8.505981379559367506e-01
5.830078314221215363e-01,4.514603596918437267e-02,1.052779807306135941e-06,1.444349621512211641e-03,1.193035115320744799e+00,1.423332786388382898e+00,1.420444087145358525e+00
9.947662133395663853e-01,-1.259198325694087239e-02,5.018420010772938367e-05,2.400313232254190545e-03,9.151923312158154467e-01,8.375770031162388385e-01,8.327763766517304322e-01
9.941812499483689836e-01,1.910054851233870810e-02,1.975916549457952897e-05,2.935631915124794263e-03,9.841446030013413226e-01,9.685405996166677189e-01,9.626693357864182232e-01
9.960108088634634926e-01,-2.383644427654157960e-02,-1.147357406432673669e-05,5.023174639809937711e-03,6.432719023835831162e-01,4.137987403961940203e-01,4.037523911165741830e-01
7.189075611384168063e-01,2.881892911174022132e-04,4.446012851534417740e-05,2.841686365368956396e-03,1.240280423036026258e+00,1.538295527766424087e+00,1.532612155035686152e+00
9.943214117677621200e-01,-1.227262890129215966e-02,9.368835039181807713e-06,2.071934972032317586e-03,1.003884235891803423e+00,1.007783559072069846e+00,1.003639689128005275e+00
9.980383378304947817e-01,-9.376689994449627363e-03,1.431398312940551171e-05,3.676318152152573994e-03,7.629583403979044443e-01,5.821054291827245653e-01,5.747527928784192941e-01
8.827440134148637485e-01,3.118679459086172445e-02,-2.598868160925570559e-04,1.427328026657891276e-02,8.807595686128467660e-01,7.757374177030879059e-01,7.471908571699300561e-01
8.858081319674785403e-01,-3.777274863402180216e-03,-7.528381545148894910e-06,5.163344123311416033e-03,1.059283416557370128e+00,1.122081356593454871e+00,1.111754668346832009e+00
9.060702993156115603e-01,-3.539270336507804871e-04,-7.210048990715931353e-06,2.284972681450761402e-03,9.632246743628258834e-01,9.278017733013720347e-01,9.232318279384704729e-01
9.062494720944541671e-01,-2.032318283663681058e-03,1.044217398858995657e-05,2.999875280142238771e-03,7.632152086824348647e-01,5.824974547641725842e-01,5.764977042038881283e-01
9.218796204136039396e-01,8.486523254406186378e-03,2.902983020333738747e-05,4.027035171738606832e-03,8.810659395885758194e-01,7.762771899030999068e-01,7.682231195596227469e-01
5.803593813326499706e-01,2.218366135698462971e-02,1.947497833534503185e-05,3.467822622200220778e-03,1.435393792531576729e+00,2.060355339638182848e+00,2.053419694393782358e+00
6.808660911781720948e-01,4.445631316468440231e-03,3.402062458901869418e-06,1.853218292668445694e-03,1.118946454645333821e+00,1.252041168363362100e+00,1.248334731778025120e+00
9.660219685264114231e-01,-4.711134351017373656e-02,-4.146447706112896640e-06,5.993681575647926731e-03,7.422208458800673148e-01,5.508917840589226955e-01,5.389044209076269132e-01
9.490069715734646971e-01,-2.840169365266165258e-02,2.939079409060520699e-05,4.865668474271761697e-03,8.779764246602673738e-01,7.708426022592260729e-01,7.611112653106825165e-01
9.596530724977283544e-01,2.150129836314212950e-03,2.707542921270486287e-04,6.974480391633322042e-03,9.105428559658551579e-01,8.290882925504560186e-01,8.151393317671893346e-01
8.645470181759805639e-01,-1.787837636104303018e-02,2.824874267309638933e-05,4.819467333787299038e-03,1.065747120455490027e+00,1.135816924759168733e+00,1.126177990091594028e+00
8.866058994425033424e-01,-3.896493809539686159e-04,-3.359699959768260995e-05,2.933494352578367576e-03,6.687365560392580788e-01,4.472085813832477608e-01,4.413415926780910326e-01
9.911140790323061944e-01,-2.416715079181959436e-02,6.176033662213037596e-05,5.565933410172096280e-03,7.628414931347375916e-01,5.819271436480358828e-01,5.707952768276917110e-01
9.893759617312121168e-01,-3.138355896954918983e-02,5.559162281571722948e-05,8.632982371385537756e-03,8.600920911135223612e-01,7.397584051960316431e-01,7.224924404532604427e-01
9.756240083253736595e-01,3.591952651592832113e-02,1.837482041130079522e-04,8.427780309789670646e-03,1.068318933207214494e+00,1.141305343049000998e+00,1.124449782429421729e+00
9.672623073397220717e-01,3.977839453040821205e-02,5.591014658073792127e-04,5.522090820754297323e-03,8.760093430720058416e-01,7.673923691494473065e-01,7.563481875079386407e-01
9.419096270173531460e-01,2.330144549483867400e-02,2.759814346418909862e-05,3.992493595672565697e-03,7.225374483693871586e-01,5.220603642961447743e-01,5.140753771047996690e-01
9.849366405431873028e-01,5.633797315518218607e-03,1.694425102505943892e-04,1.032103077956124729e-02,9.856232907115699549e-01,9.714532711931039843e-01,9.508112096339815800e-01
9.334870465624645064e-01,1.975743843867019262e-02,2.970302647895980581e-05,2.874902769792593311e-03,8.368985621501570105e-01,7.003992033290001862e-01,6.946493977894150351e-01
7.914482638656054059e-01,2.012355388794573319e-03,3.338618502023294853e-05,3.034231384568499088e-03,1.011163932551728539e+00,1.022452498493476414e+00,1.016384035724339219e+00
9.597811225252161904e-01,2.558160763789352199e-02,-7.010684473628081244e-05,6.247287293576027876e-03,9.297368386361809511e-01,8.644105891171999234e-01,8.519160145300478382e-01
5.922127868602844458e-01,-1.915846448788549594e-02,-5.540452209903061449e-05,3.001941051247199784e-03,8.691126676968330411e-01,7.553568291511058019e-01,7.493529470486113286e-01
5.391920947045203416e-01,8.591061349311757134e-04,4.629500550779758182e-06,1.708040386607455980e-03,9.761444411360732376e-01,9.528579699608568099e-01,9.494418891876419409e-01
6.002043448478480148e-01,2.357977834321561307e-03,-4.123267273203156779e-05,6.336382936480026984e-03,6.039234286654254769e-01,3.647235076910032014e-01,3.520507418180431336e-01
9.267446664777720944e-01,2.017997275701400445e-02,-2.053963133468342619e-04,1.577774021492469106e-02,8.382510560057316873e-01,7.026648328947242561e-01,6.711093524648749087e-01
3.811596559465745271e-01,1.042593566206229116e-03,-2.381311171723917072e-06,1.157943683486901444e-03,9.396890946736498051e-01,8.830155946485835905e-01,8.806997072816097338e-01
9.252916074970307658e-01,5.315559059481150816e-02,7.868027597499461893e-04,3.897196060252087080e-03,1.043034757291527281e+00,1.087921504918195170e+00,1.080127112797691025e+00
8.913468001625474146e-01,5.536907908537641587e-03,5.153290828460721507e-05,4.270498860179522405e-03,1.032428779961812593e+00,1.065909185693437067e+00,1.057368187973077855e+00
9.393437150612303776e-01,-4.855261181925696334e-03,-3.874988811312526194e-05,6.572081956567425547e-03,6.715168635082578996e-01,4.509348979759682519e-01,4.377907340628334198e-01
9.983043556654240813e-01,9.633202827086479597e-03,-9.109845568412084626e-07,1.084443159686537470e-02,5.970902764228627202e-01,3.565167981987305557e-01,3.348279350049998548e-01
7.321549760580248201e-02,1.482069370804660335e-03,-4.123822569308284668e-06,1.329483778579660606e-03,2.473937212259348595e+00,6.120365330201558152e+00,6.117706362644398155e+00
6.005046783346124073e-03,1.409592938304005116e-04,2.855713011496255332e-06,3.779929756965136908e-05,4.142446942078918504e+00,1.715986666793898152e+01,1.715979106934383935e+01
9.675138462597852040e-01,-6.211430007681972842e-02,1.010049773693865545e-03,1.355801906050222577e-02,8.220916935833688655e-01,6.758347526587716869e-01,6.487187145377673048e-01
1.429637490685164991e-02,3.430210497991081908e-04,9.779044521248776883e-07,2.689909595247744526e-04,4.767165666280601677e+00,2.272586848976457219e+01,2.272533050784551989e+01
5.074648845049933854e-03,-1.668346715777424549e-06,-7.735519505305910412e-07,3.417773468775948351e-05,5.520196907533413189e+00,3.047257389794145510e+01,3.047250554247208143e+01
9.393063870628639567e-01,-8.838846693491275719e-02,3.362981538411496290e-04,1.850234980348455446e-02,3.573037543676652827e+00,1.276659728852288822e+01,1.272959258891591894e+01
9.091244821157982159e-01,-1.779218260412168684e-02,1.468194961180754865e-04,1.102837511105656844e-02,8.386848289087450725e-01,7.033922422416909459e-01,6.813354920195777709e-01
9.316897455477507473e-01,-5.125507621418168291e-02,7.740204527153945156e-04,1.322530634440828405e-02,1.577913249728105205e+00,2.489810223667509703e+00,2.463359610978693048e+00
9.146801510650464095e-01,2.770524633013360383e-03,-6.462768594875110463e-05,4.889365788190905456e-03,1.120635098453760081e+00,1.255823023886468714e+00,1.246044292310086954e+00
8.648243569027945776e-01,7.590581869186818764e-04,5.083893978786419807e-06,2.496322751092527187e-03,9.371456884395138465e-01,8.782420413607704424e-01,8.732493958585854088e-01
8.782218673474138093e-01,-2.046036790773794745e-03,-6.410239098032060581e-05,3.097709260102783201e-03,8.109780802162722679e-01,6.576854465912704839e-01,6.514900280710649305e-01
8.551008496458614161e-01,2.131032963919633760e-02,1.030739671219937161e-04,5.139922509049330360e-03,9.013353879780451328e-01,8.124054816215331432e-01,8.021256366034344998e-01
1.457405338641936110e-01,9.984034533574437376e-04,1.357410807870913393e-06,5.376356848109073742e-04,1.618644585324704011e+00,2.620010293600983253e+00,2.618935022231360765e+00
9.918638237300919647e-01,-7.778935411232368313e-03,2.941539237103210085e-05,2.021698663946383707e-03,8.168974485541700137e-01,6.673214414543128248e-01,6.632780441264199967e-01
9.980676784726090212e-01,1.516471365345714584e-02,1.757001343128332028e-05,3.479701676630221011e-03,6.763622328656941907e-01,4.574658700470675132e-01,4.505064666938070617e-01
2.281307144461441894e-02,-2.837525296428555777e-05,-6.241853072143410650e-06,2.578357990334470876e-04,2.891045631170286345e+00,8.358144841508799772e+00,8.357629169910733680e+00
2.682287029983410065e-03,3.607477737777031734e-05,2.499109586513591515e-07,1.276911656405797751e-05,3.666794634573628198e+00,1.344538289213794613e+01,1.344535735390481790e+01
8.782363774077086571e-01,-1.361922348248786885e-02,9.751651775456681955e-05,5.784991442812984809e-03,1.035588509128425594e+00,1.072443560238835136e+00,1.060873577353209196e+00
9.516867371117577745e-01,8.864878757108229923e-03,6.251731842427827592e-05,6.688560541886871824e-03,9.408216277320208265e-01,8.851453352083291648e-01,8.717682141245554073e-01
6.618674981688785763e-01,-1.251348449438214119e-02,8.123139608497506213e-05,3.983366454905917092e-03,1.269946263601006597e+00,1.612763512434157276e+00,1.604796779524345185e+00
8.743185928426431275e-01,1.196377437791526499e-02,-2.310677472676954240e-04,9.731408182133390386e-03,8.207165478619453669e-01,6.735756519344288096e-01,6.541128355701620878e-01
9.971619449219591980e-01,-9.261785450219803956e-03,4.634327056007819356e-05,5.390849867075220292e-03,8.652042009973603953e-01,7.485783094234808033e-01,7.377966096893303627e-01
3.294152233079072900e-02,1.082077460787145284e-03,1.554259566977616035e-05,7.734034014899528100e-04,5.107095999012481791e+00,2.608242954312930095e+01,2.608088273632632337e+01
3.855582274368996032e-03,2.062918602896424147e-05,-5.546595952711552889e-07,3.044594174341344999e-05,4.132942842283397589e+00,1.708121653758156810e+01,1.708115564569808242e+01
7.570377959748619823e-01,8.591441757642259702e-03,3.640453483192311124e-04,8.615026987214179782e-03,1.402750724924935799e+00,1.967709596277432915e+00,1.950479542303004354e+00
9.706363002776007276e-01,2.141918170624984574e-02,1.919929644788025288e-04,5.802041197268405573e-03,8.270553301841427896e-01,6.840205191860014855e-01,6.724164367914647888e-01
9.976814107087502714e-01,4.403783571979874578e-02,-7.831497170870143401e-06,4.620905291878526361e-03,1.032275722075619795e+00,1.065593166386742174e+00,1.056351355802985115e+00
4.319881864095420632e-02,1.765109556822963555e-03,5.231676541853170288e-05,1.302006457836817586e-03,3.963135012859077211e+00,1.570643913014951742e+01,1.570383511723384551e+01
6.547438685372108935e-03,-3.643241400408392394e-05,-1.231537869877056904e-06,5.814470174045260269e-05,3.602280228295619224e+00,1.297642284316953898e+01,1.297630655376605802e+01
5.564961518921736072e-01,5.336270679025245656e-02,9.409679360265255131e-04,3.700757878020900608e-03,3.026917447952399698e+00,9.162229236718669512e+00,9.154827720962627424e+00
9.796555025985632659e-01,-6.427246660607788264e-03,6.236995756017033854e-06,2.486529796029988363e-03,1.010732320901772452e+00,1.021579824515483681e+00,1.016606764923423833e+00
9.820922315546525283e-01,5.894551769078409942e-03,-4.581555360869194376e-05,8.353318114469017799e-03,1.573049802592325186e+00,2.474485681435753204e+00,2.457779045206815560e+00
9.507289976764450312e-01,1.363725975106822030e-02,-1.676236552318367964e-04,1.202724155985248136e-02,1.562557530059926592e+00,2.441586034746978662e+00,2.417531551627273512e+00
9.743425235412762619e-01,-9.663593960208938238e-03,2.438929864878949883e-05,2.641641880186337138e-03,8.529239109025067433e-01,7.274791977892273165e-01,7.221959140288546353e-01
9.801320009003998690e-01,-5.152454038274134618e-04,2.588639287325011332e-04,1.357970272598200100e-02,1.683669381533391185e+00,2.834742586313032220e+00,2.807583180861068506e+00
9.877685654476553445e-03,9.722187247063196480e-05,-1.363801438920349470e-06,1.165367674014492546e-04,9.545634055886599967e+00,9.111912952890205020e+01,9.111889645536724913e+01
1.001218978096474199e-02,-1.222954097730433176e-04,-5.966407897632059919e-07,1.066813593105679024e-04,6.776260965986886653e+00,4.591771267915753896e+01,4.591749931643890648e+01
5.055751946627927707e-01,1.573383710465536822e-02,1.671904098885512724e-04,2.233210932836016127e-03,2.030916393266862574e+00,4.124621396440081078e+00,4.120154974574409046e+00
9.884243634842274639e-01,-4.755278450160320414e-03,4.241278587382173355e-05,2.195287408876070347e-03,1.091563952312546881e+00,1.191511861988188148e+00,1.187121287170435968e+00
9.973942669578842457e-01,-3.077248655810382871e-02,1.379734131752153703e-04,4.990236563275255756e-03,1.402837687956375312e+00,1.967953578750788912e+00,1.957973105624238208e+00
8.192973374051495394e-01,-2.932769688514913486e-02,7.860672372823260517e-04,1.015494149104626855e-02,1.302996498016036453e+00,1.697799873842054996e+00,1.677489990859962532e+00
9.957133895152051606e-01,1.902736445929809062e-03,3.900077774161713362e-05,2.412892274894094715e-03,7.866809693764825751e-01,6.188669475791223062e-01,6.140411630293342027e-01
9.980600008093744036e-01,5.076137119200560543e-03,1.499941643325959802e-04,2.865607113343154357e-03,8.881411792635931501e-01,7.887947543037258091e-01,7.830635400770393773e-01
8.878770861430275163e-01,1.516856654767892443e-02,-8.206583495728285991e-06,8.219635428398007482e-03,8.192222620995289750e-01,6.711251147194693401e-01,6.546858438626732557e-01
8.134322286324124907e-01,-7.044001967056651159e-03,8.594493015694339388e-06,2.047400521713000927e-03,8.102473434682631037e-01,6.565007575973775822e-01,6.524059565539516159e-01
8.966125240630749005e-01,-9.386862238009795190e-03,2.488071251248041046e-04,1.270929896683377185e-02,1.108906485394502983e+00,1.229673593349989158e+00,1.204254995416321750e+00
3.104855973780945577e-01,-5.699487956222745733e-02,1.181106318340789152e-05,4.539316743092792865e-03,1.491925585903711937e+00,2.225841953874133861e+00,2.216763320387947989e+00
9.400880953889274583e-01,1.602815061837012389e-02,1.494693035555039499e-04,4.544642364852437104e-03,1.211573317296808172e+00,1.467909903185592224e+00,1.458820618455887397e+00
8.050595544598518893e-01,-2.897542822948302732e-02,1.305337733676075081e-04,4.208487902648911684e-03,8.692297033132512230e-01,7.555602771220427671e-01,7.471433013167448900e-01
7.925902943394638189e-01,1.980188385100066506e-02,2.118862177361060790e-04,3.685474481748658541e-03,8.473659843695540150e-01,7.180291114665832142e-01,7.106581625030859994e-01
2.182333801554880992e-02,3.346317860386527343e-04,-5.020136079968823285e-06,4.286427493702886071e-04,3.087483559116892540e+00,9.532554727817114326e+00,9.531697442318373348e+00
3.457876230574807863e-03,1.195491199468268206e-05,5.799986727454105060e-08,2.018902036734600961e-05,5.199829313986838564e+00,2.703822489459683354e+01,2.703818451655609678e+01
9.261948649887199458e-01,9.810779537809677375e-03,-2.146198944345731319e-04,1.180833499578389477e-02,9.475130618472707988e-01,8.977810023711899623e-01,8.741643323796222109e-01
6.468871747734386002e-01,-2.571751600509750157e-02,-2.256203276545896765e-06,2.545889955793028889e-03,9.102190298179245742e-01,8.284986822426838593e-01,8.234069023310979230e-01
9.910274833305867670e-01,4.692835182177763909e-02,9.090026195743328467e-05,4.867170205869686406e-03,7.180711846452821900e-01,5.156262262178790134e-01,5.058918858061396406e-01
1.130321846205856184e-01,2.728402322161649352e-03,1.245353901824947253e-05,1.966796871613267061e-03,1.820449573564639545e+00,3.314036649891678010e+00,3.310103056148451461e+00
6.117225875384435518e-03,3.292902593210467188e-05,-5.884678887190994630e-07,3.717649116205086821e-05,4.029260385733373084e+00,1.623493925604024923e+01,1.623486490305792529e+01
8.054248083145884030e-01,3.908573383838903625e-02,-1.698031602874237481e-06,1.051397030924405146e-02,2.480539924177441069e+00,6.153078315438224699e+00,6.132050374819736582e+00
7.555772309331297842e-01,-7.950662732678581701e-03,5.332514406864602587e-05,2.489999770058030481e-03,1.305629789676143737e+00,1.704669147689771291e+00,1.699689148149654994e+00
9.808039394868771632e-01,5.200422058073206344e-02,3.100599291604444474e-04,5.019372342287997668e-03,7.536973480574923334e-01,5.680596924688967597e-01,5.580209477843207644e-01
9.656585382986359045e-01,-5.196889142849367427e-02,6.406928495632316107e-04,7.507935782033812143e-03,1.470363033028466271e+00,2.161967448896670696e+00,2.146951577332602668e+00
4.771840663090086698e-01,4.070749966118136776e-02,1.557720633899279707e-03,2.667960907756047884e-02,3.524731035734398166e+00,1.242372887426928330e+01,1.237036965611416228e+01
1.746492383272235660e-02,4.744366313037540195e-04,1.156867011847627319e-05,1.040000649291124139e-04,1.956730532719365812e+00,3.828794377676212779e+00,3.828586377546354669e+00
8.545144487998301841e-01,-9.217587817659866900e-02,7.747803276911681240e-04,1.198190355564456022e-02,2.608834980023360561e+00,6.806019952993488609e+00,6.782056145882198628e+00
2.276464285500336970e-01,-2.314247071149910795e-03,-2.451531129078799202e-05,2.256092835990944779e-03,1.696660916770950767e+00,2.878658266498042906e+00,2.874146080826061489e+00
9.866354761455056188e-01,9.848037395975839381e-04,1.513339141068573157e-04,3.865468606760033652e-03,7.801934382425017578e-01,6.087018010766563902e-01,6.009708638631363620e-01
9.747856092728394151e-01,-3.270418581155842830e-03,1.551579873961745400e-04,1.242624363581446706e-02,1.330840146802244162e+00,1.771135496340618953e+00,1.746283009068990033e+00
1.552293686155914454e-02,1.199827617942794689e-03,8.466233709194812885e-05,7.445143225509347944e-04,8.821000380878503577e+00,7.781004771945870857e+01,7.780855869081362641e+01
1.007242520795226248e-02,2.183976804122078619e-04,3.978680604532769394e-06,6.294068825241083687e-05,4.218014439480436195e+00,1.779164581166546100e+01,1.779151993028895617e+01
6.144422319385292042e-01,-6.289272277916180265e-02,4.382176328989309858e-04,6.109609029484585133e-03,1.843868270637185836e+00,3.399850199462566724e+00,3.387630981403597197e+00
8.741704282546999272e-01,2.479094170836373956e-02,7.703622313199123568e-05,5.167326032328996982e-03,1.027945863060467202e+00,1.056672697383128634e+00,1.046338045318470522e+00
8.097119350976073049e-01,1.945240907609752101e-03,7.277395639976671788e-05,6.448223438372421151e-03,9.847047990472438395e-01,9.696435412666729592e-01,9.567470943899281099e-01
6.110479223986055031e-01,1.572498476216560581e-02,3.253127287606455577e-05,1.286068067571470358e-03,8.108635395805402490e-01,6.574996798210823723e-01,6.549275436859394173e-01
7.675086053803010788e-01,-1.687594402687453421e-03,1.929584176729726153e-05,2.427553312438046618e-03,9.009013630867844791e-01,8.116232660116263764e-01,8.067681593867502832e-01
9.831769494083902883e-01,-3.852686284689293972e-03,4.487664359532682150e-05,5.937715633894435734e-03,1.042044930454812723e+00,1.085857637086575567e+00,1.073982205818786673e+00
9.662611295847326476e-01,-4.423721743311140320e-03,9.107449134218302046e-05,5.751465766006633000e-03,6.948374873790810202e-01,4.827991338672745769e-01,4.712962023352612606e-01
3.858456982968124782e-01,1.729590424471760812e-02,5.003836718437816404e-04,1.947645665250977588e-03,1.503163131056290736e+00,2.259499398566951367e+00,2.255604107236449440e+00
7.892137487503867455e-01,-5.611345473094109249e-03,2.074404928084191261e-05,1.701941364680413906e-03,9.606626556940941475e-01,9.228727380452296236e-01,9.194688553158687494e-01
9.759688553468355288e-01,6.205072232962552392e-02,3.240677855188301977e-04,5.562083566140460685e-03,6.620555190210923868e-01,4.383175102662880129e-01,4.271933431340071419e-01
2.246556085400691627e-01,4.617405243622085820e-04,-1.839293189476534719e-05,1.156691441744576521e-03,1.816341851486962256e+00,3.299097721463086330e+00,3.296784338579597406e+00
8.824251129706105479e-01,-5.155445483136789075e-02,5.239721291450475245e-05,3.044799773764924472e-03,9.464797575962541343e-01,8.958239315394639357e-01,8.897343319919339688e-01
9.140280789166616016e-01,3.536504647237356802e-03,-1.533832875229487736e-04,8.676264582236961273e-03,9.816698449482590405e-01,9.636756844807389255e-01,9.463231553162649856e-01
9.618328063736721889e-01,-2.273906780425502538e-02,1.001078639786993294e-04,4.901523942700419106e-03,8.251195641649139434e-01,6.808222951676975443e-01,6.710192472822966714e-01
9.311292240309677615e-01,-3.656049542021810872e-03,1.276508169243836417e-05,4.957675972228643875e-03,1.044566482438129551e+00,1.091119136233167142e+00,1.081203784288709890e+00
6.955294357489960611e-02,1.971215996863229236e-04,-1.291195991058546478e-06,5.090587535750298008e-04,2.708626238372806583e+00,7.336656099201619874e+00,7.335637981694470788e+00
7.152678875397175950e-01,2.265392171941438271e-02,2.347426262597368822e-04,7.507392095999082700e-03,1.383276685378706850e+00,1.913454388312301635e+00,1.898439604120303326e+00
9.144508218666129729e-01,-9.632924374436968584e-04,1.634131228168402776e-04,6.857655383680356410e-03,1.198528346595463034e+00,1.436470197592854436e+00,1.422754886825493781e+00
6.839840800412075872e-01,-9.669463296484770432e-03,5.359668895521529919e-05,2.583869653584258685e-03,1.360141531697247608e+00,1.849984986247734664e+00,1.844817246940566147e+00
2.627314552891020227e-01,4.837822596367225003e-03,4.650240285255084104e-05,1.130220550895937081e-03,2.080481357526931863e+00,4.328402679017105292e+00,4.326142237915313160e+00
8.473474178594692097e-01,-2.874852200781136125e-02,-1.417295779400658110e-04,1.315678066562969879e-02,1.030744506767301338e+00,1.062434238230967498e+00,1.036120676899708215e+00
9.617969391398334400e-01,1.806747437671524237e-02,-1.645477148453259675e-04,8.603506344665961050e-03,9.129996164197354824e-01,8.335682995825840491e-01,8.163612868932521582e-01
5.946262152847175964e-01,-3.995631657874186560e-02,7.435631990510516110e-04,1.399005875644815898e-02,1.104525088748596007e+00,1.219975671675094020e+00,1.191995554162197601e+00
4.427229494545202870e-01,4.046533345796632375e-03,5.047619568731045428e-05,3.624710139643727309e-03,2.489429470985583759e+00,6.197259091011563470e+00,6.190009670732276703e+00
6.198461378615136574e-01,-4.757197219638065189e-02,4.812727754331982391e-05,3.640643999835002382e-03,1.958987041198961609e+00,3.837630227585462350e+00,3.830348939585792145e+00
9.375064791146703325e-01,-3.096158765126033607e-02,-8.180564526825928631e-06,1.090950443199527505e-02,1.075185535840003093e+00,1.156023936479554592e+00,1.134204927615564129e+00
9.771935007499942261e-01,-2.308573421992868996e-02,1.863213391772642645e-05,6.309295522501980405e-03,1.008464769772042580e+00,1.017001191871378829e+00,1.004382600826374761e+00
9.411755237030439147e-01,-6.094491771952939563e-02,-1.283325898176685461e-04,1.463293210410284394e-02,1.764399122884971138e+00,3.113104264837255108e+00,3.083838400629049570e+00
2.598997064791785938e-02,4.120615197111821004e-04,4.925639417430899268e-06,1.703754736126709805e-04,2.737857549367451071e+00,7.495863960628344813e+00,7.495523209681119958e+00
9.833952925313712568e-01,-2.567266668621651093e-02,2.059185650721054024e-05,2.610951062072932542e-03,8.537529312334728449e-01,7.288940675897470634e-01,7.236721654656012026e-01
9.956358986300289926e-01,5.011436045539302553e-03,3.586520480047257042e-05,1.793250700445731070e-03,5.278801265825431299e-01,2.786574280408017912e-01,2.750709266399103403e-01
9.927260833054002420e-01,-8.633260801802974949e-04,-5.331821882232495868e-05,5.543989191211746992e-03,1.054569437462073322e+00,1.112116698429073791e+00,1.101028720046650200e+00
9.834413668704924394e-01,3.643408401214091874e-02,-3.722871544419697874e-05,1.019921620273233492e-02,1.155387098177037775e+00,1.334919346633955950e+00,1.314520914228491266e+00
8.939089742769209535e-01,-1.331994752485057831e-02,1.685909597193101098e-04,1.530136228056901485e-02,1.029807647531611581e+00,1.060503790914591793e+00,1.029901066353453798e+00
4.601393043394272908e-01,-1.047488991277467640e-02,1.129331808506334032e-04,3.498483668745127565e-03,9.172465530133240286e-01,8.413412390148247155e-01,8.343442716773344925e-01
9.952835267563214794e-01,2.778426514458559593e-04,2.149771840948716696e-05,7.182953148823716105e-03,1.064646263608295840e+00,1.133471666615105011e+00,1.119105760317457676e+00
9.504376035951639379e-01,4.138402073644639745e-02,1.132577021065203328e-04,6.716977524708509124e-03,1.156099375166712795e+00,1.336565765260863792e+00,1.323131810211446657e+00
9.858399269197635206e-01,2.638940095131325769e-02,-5.496201387971706930e-06,5.521369414479631969e-03,1.100596313343672916e+00,1.211312244945684347e+00,1.200269506116725227e+00
9.872391940054933146e-01,-2.583212147180508067e-02,1.348829525989286534e-04,6.222215575260832583e-03,9.847195818780104526e-01,9.696726549340037860e-01,9.572282237834821572e-01
9.840515874279187614e-01,9.987520417397977024e-03,1.274060047013398419e-04,5.353325408459903845e-03,7.804399177962667578e-01,6.090864652898435594e-01,5.983798144729237656e-01
9.407189220055560686e-01,-4.334593916099666044e-03,-7.058140611185706828e-05,5.565667537690864759e-03,1.083518535505775260e+00,1.174012416784580015e+00,1.162881081709198128e+00
9.036619020320164619e-01,4.250840306165126758e-03,7.784420488883961374e-05,3.663348222788003188e-03,9.145176457687653748e-01,8.363425244224450550e-01,8.290158279768689020e-01
9.179557518300327512e-01,1.803657920478629606e-02,-1.142218705880907836e-04,1.389199741029891431e-02,1.133832131151560452e+00,1.285575301631689538e+00,1.257791306811091747e+00
8.530391660542955279e-01,1.170499694277515879e-03,4.540341959749953333e-08,3.124918776767109368e-03,1.214295655397820806e+00,1.474513938718023054e+00,1.468264101164489022e+00
9.821933046849662396e-01,-1.207852897274528520e-02,-7.849208195229386194e-06,4.184173651656506766e-03,8.645095724048158514e-01,7.473768007795575929e-01,7.390084534762446644e-01
9.798069304360135234e-01,-2.120190447064301820e-02,9.981838322027691810e-06,6.522041340883898489e-03,9.813726340623207811e-01,9.630922468864178132e-01,9.500481642046499919e-01
9.139526611986761306e-01,-3.296676479402088633e-02,1.183350858359199804e-03,1.326344591061211567e-02,1.130052757958186493e+00,1.277019235768903860e+00,1.250492343947679608e+00
5.588874552907747706e-01,2.325763928454460672e-02,7.645247090156431129e-04,1.109181514649551156e-02,2.354371360546566372e+00,5.543064503361890161e+00,5.520880873068899852e+00
9.335334733650004768e-01,-1.036525270005702604e-01,5.200761708288386770e-05,2.089972923424256862e-02,1.544184512239757279e+00,2.384505807841136971e+00,2.342706349372651431e+00
9.948026988744461674e-01,-8.988775421452704917e-02,1.147703440117748641e-04,1.488127260215208261e-02,1.100584881622845623e+00,1.211287081656773124e+00,1.181524536452469132e+00
2.388629164341082856e-02,3.206829901389041115e-04,2.968870935928361436e-06,9.944798470212611171e-05,2.006664124680366701e+00,4.026700909279221641e+00,4.026502013309817052e+00
4.038062256134025141e-01,-5.033258232039750091e-02,7.053275193455641173e-04,6.832631342438313417e-03,3.199509123258945653e+00,1.023685862981722750e+01,1.022319336713235138e+01
9.531028763387733305e-01,-1.517896432294307818e-02,-1.224093878544249548e-04,1.063139897089056783e-02,1.091986634709888770e+00,1.192434810385027966e+00,1.171172012443246979e+00
1.164269553619975417e-01,3.578136520636543416e-03,2.132904306236196003e-05,3.196031681110972963e-03,1.085237618060195253e+00,1.177740687652966356e+00,1.171348624290744489e+00
7.611142632064549218e-01,5.432045502113402868e-03,-2.858292500813740700e-05,6.404419663278605387e-03,1.004941552206807476e+00,1.009907523351827541e+00,9.970986840252702432e-01
9.535581703680424681e-01,-1.928470888011862838e-02,-1.418301818770309486e-04,7.629286207303583901e-03,1.110953442051520801e+00,1.234217550406121910e+00,1.218958977991514647e+00
1.403882046558058150e-01,6.452515631953408687e-03,2.261665358057196736e-04,1.928241729309318041e-03,1.550745863083731635e+00,2.404812731871307729e+00,2.400956248412688954e+00
3.607420485894352602e-03,-1.517073387891088032e-05,-2.221779861164276844e-08,1.607690661166136473e-05,3.430844320935897862e+00,1.177069275449810348e+01,1.177066060068488085e+01
5.937895629173884915e-01,-4.213467457395236870e-02,8.566659511287548013e-04,8.760356343734076318e-03,2.287369841174563767e+00,5.232060790314949195e+00,5.214540077627481729e+00
5.985131257936153748e-01,8.321322271615042010e-04,-5.589007410474986523e-05,4.753611643299207774e-03,9.042165758494014050e-01,8.176076160408163318e-01,8.081003927542178555e-01
8.894860303477890584e-01,1.022197165991239887e-02,-1.992982179378094567e-05,4.008913266982945534e-03,8.851541057831836534e-01,7.834977909848274136e-01,7.754799644508614254e-01
9.684541524281079505e-01,9.958517545159972784e-03,2.416097486029351583e-05,6.327180516103985894e-03,9.862964063659186431e-01,9.727806012103252797e-01,9.601262401781173184e-01
9.272047110479089138e-01,-3.015906459368028480e-02,8.603037597982247226e-05,4.126719931251071963e-03,8.648115214738674172e-01,7.478989676739454806e-01,7.396455278114434373e-01
8.673496789696575338e-01,3.007383791418205554e-02,5.294698574085448612e-05,6.030514235466876739e-03,8.095730242605753135e-01,6.554084816104139843e-01,6.433474531394801632e-01
8.304923851277041802e-01,2.578724915945138085e-02,2.370683307921622447e-04,3.837517192433431094e-03,1.282732710108164698e+00,1.645403205581436934e+00,1.637728171196570104e+00
9.409272291566206370e-01,-8.073871638235155523e-03,-1.188676676092305412e-05,6.661792068554691151e-03,9.418115166294387386e-01,8.870089328558434794e-01,8.736853487187341560e-01
5.210335696109957837e-02,1.822253910243154529e-03,4.307514638878275884e-05,7.457652730064153390e-04,1.591941656746007849e+00,2.534278238483224310e+00,2.532786707937211279e+00
3.231591028664881904e-03,8.435802982598161748e-06,4.824552000914558667e-08,1.937717577905939995e-05,3.621881600029888570e+00,1.311802632463506590e+01,1.311798757028350693e+01
6.517710119178949935e-01,1.494715748181207893e-02,2.971538653206876957e-04,7.663244014508473895e-03,1.280911397680409625e+00,1.640734008707580349e+00,1.625407520678563200e+00
5.268334492280069004e-02,6.671837897526677885e-04,-3.890747695300955655e-06,7.502094834712091931e-04,2.311660430836855351e+00,5.343773947496835319e+00,5.342273528529892346e+00
2.462808874036381823e-03,1.709586539822005591e-05,6.068552341646189693e-09,1.480131184504418181e-05,4.435647810371373012e+00,1.967497149765235420e+01,1.967494189502866320e+01
8.167029581096876267e-01,-4.969286163125086198e-04,1.281826675085484220e-04,2.428788629714454320e-02,2.916726523390793524e+00,8.507293612251345394e+00,8.458717839657056814e+00
9.926427731023974577e-01,4.177863940284298749e-03,8.216886128858600074e-05,6.747580296323999610e-03,1.013413070466859356e+00,1.027006051393067443e+00,1.013510890800419562e+00
9.944007804157803943e-01,-1.892559341440258613e-02,6.554801425018655787e-06,2.364930712658152873e-03,8.066764554413381472e-01,6.507269037634011433e-01,6.459970423380849702e-01
9.954795410677689249e-01,-5.730371246768528604e-02,1.051485894630923819e-04,5.540479766342528561e-03,6.361111169150941436e-01,4.046373530629686077e-01,3.935563935302834881e-01
3.210545555395627471e-02,1.233042607147294412e-03,3.259479542478745134e-05,6.632304646829089096e-04,3.573415064341659786e+00,1.276929522206390999e+01,1.276796876113454360e+01
2.611764621080592264e-03,1.819790817236821567e-05,5.360807129532516815e-07,1.509755055837463472e-05,3.735858749405718715e+00,1.395664059551126179e+01,1.395661040041014544e+01
8.035282512684285283e-01,5.995379946618695222e-03,2.926525426264037222e-03,3.182016765024542337e-02,1.360849430789634606e+00,1.851911173280472722e+00,1.788270837979981875e+00
7.578611795260756789e-01,-3.522198397198805786e-03,-4.319804330877111549e-05,6.297173362350364650e-03,1.885890103115426930e+00,3.556581481028715519e+00,3.543987134304014575e+00
9.705513421072224922e-01,-5.452639130157251046e-02,2.472807383362597570e-04,1.067110155051674211e-02,1.108073233730447971e+00,1.227826291309852103e+00,1.206484088208818584e+00
1.357038541429111955e-02,2.191826494863935437e-04,6.683424967579207296e-08,1.328536730835915447e-04,4.166045569761039680e+00,1.735593568932558739e+01,1.735566998197942112e+01
1.935011574159206660e-03,3.332780134845947373e-05,6.062431043195986512e-07,9.586009577520276126e-06,3.640931089428787626e+00,1.325637919796909792e+01,1.325636002594994345e+01
4.484982208953187666e-01,-3.458549750874095885e-02,5.053170488603903840e-06,4.449747172669545753e-03,1.457344644790158350e+00,2.123853413698552739e+00,2.114953919353213418e+00
9.896996633433007284e-01,7.411642964438391878e-02,-6.459631642109104623e-05,1.121171362010998235e-02,1.188476762093663375e+00,1.412477014036638057e+00,1.390053586796418106e+00
7.579508469447480135e-01,2.265120256422324674e-02,-2.695485029272677449e-04,1.935732335314510957e-02,1.563584669270013494e+00,2.444797017976217290e+00,2.406082371269927300e+00
9.958580618085256519e-01,1.184890411101796603e-02,-4.529441231934034088e-07,3.397728116945482844e-03,7.773079760010626060e-01,6.042076895548684767e-01,5.974122333209774816e-01
3.880069358409821145e-02,-1.379094163391214600e-04,-1.513604945124399836e-05,5.985543288936598675e-04,2.439730570958821954e+00,5.952285258871059526e+00,5.951088150213272421e+00
2.018715089432410181e-03,3.834053076934296200e-05,8.394443345169993209e-07,8.017461062131073579e-06,3.342488316002673265e+00,1.117222814261438657e+01,1.117221210769226403e+01
8.841760509547436087e-01,-6.699565193015344367e-02,-1.571212964791138581e-04,1.075430842493436782e-02,1.025583312330008434e+00,1.051821130529791759e+00,1.030312513679923159e+00
9.047630023049860748e-01,6.226750331924768567e-03,-2.803729742505458908e-05,1.099247051208262008e-02,1.183714346422146013e+00,1.401179653925608504e+00,1.379194712901443465e+00
1.869293948289073581e-01,-5.147332182473518536e-02,3.106182530422350061e-05,1.284384609970257423e-03,2.871897962781321034e+00,8.247797908627502395e+00,8.245229139407561192e+00
9.645132569087473406e-01,-1.929177152675043416e-02,2.142280523081963040e-04,3.373603412626935416e-03,8.284675247820922905e-01,6.863584396185666847e-01,6.796112327933129249e-01
8.832673751674023910e-01,-3.157101920245253268e-02,2.470902609204232280e-04,2.927279288436813141e-03,1.062806224584172510e+00,1.129557071014862357e+00,1.123702512437988910e+00
6.215518084173483615e-01,3.111187410887417126e-02,3.705151975628223239e-06,2.716330696177873035e-03,1.146473265214554837e+00,1.314400947851722901e+00,1.308968286459367247e+00
9.434338259718676456e-01,-7.513350299202571810e-03,-1.173433877978077053e-04,9.372855531772771032e-03,9.913576306682976291e-01,9.827899518842607707e-01,9.640442408207152702e-01
1.882857315053942937e-02,5.432914046567538513e-04,1.094915011793624449e-05,2.210582090251464449e-04,2.924708056912971088e+00,8.553917218171646297e+00,8.553475101753596377e+00
1.962969415346904611e-03,2.222576495558570286e-05,3.718720126958289372e-07,8.770235163478534737e-06,4.197796391209347888e+00,1.762149454205022536e+01,1.762147700157990116e+01
9.699911998335829511e-01,-1.841258345481511238e-02,4.220375220906472428e-04,1.788274932872506440e-02,1.929036895847791921e+00,3.721183345542085075e+00,3.685417846884635029e+00
8.120448710404921666e-01,-1.151471419499892901e-02,2.901809027988017569e-05,4.456145946245998989e-03,1.023733287280672810e+00,1.048029843486492751e+00,1.039117551594000988e+00
9.734309730243290160e-01,1.273467983405704440e-02,-7.520355835898398565e-05,7.286941359104894163e-03,8.974433912806595304e-01,8.054046405533309416e-01,7.908307578351211342e-01
1.377075159268493776e-01,3.435482825298985521e-03,5.357772224720647809e-05,2.341648768160091952e-03,7.598606879241124323e-01,5.773882650525054006e-01,5.727049675161851594e-01
7.311020910986183452e-01,1.438433185506626799e-02,-6.206019160484666751e-06,3.944852629663400841e-03,1.360091786628029986e+00,1.849849668053026752e+00,1.841959962793700001e+00
9.010113586011038178e-01,1.650723187545938275e-02,-3.466704478934146442e-05,3.288354362086757122e-03,8.188818059705464947e-01,6.705674121495837081e-01,6.639907034254101115e-01
9.892337705858709196e-01,-8.790400282786103858e-03,7.207870296401726090e-05,5.796320322590565143e-03,1.073270472907281947e+00,1.151909508014620664e+00,1.140316867369439491e+00
1.279429764400157321e-01,-6.057355544409015469e-02,1.281519334081762112e-05,9.182349999389522550e-04,1.835350520537458285e+00,3.368511533237118716e+00,3.366675063237241083e+00
9.969903403912578899e-01,-5.123901211343760698e-02,9.464012414631744140e-05,7.473726066648999668e-03,8.571103771336016086e-01,7.346381985901047074e-01,7.196907464568066404e-01
6.355476650819673612e-01,-5.861364968571447509e-02,-2.499354571259629625e-04,1.460243712670220885e-02,1.118526825606466879e+00,1.251102259601279520e+00,1.221897385347875176e+00
9.702269263330389748e-01,-3.618243852528371662e-02,6.441580179762898171e-05,1.665109176768129681e-02,1.522578058166523363e+00,2.318243943210140934e+00,2.284941759674778528e+00
8.901887047907669492e-01,7.019495009215148684e-02,1.283756405724688267e-03,1.887095023165170915e-02,2.469307786377909597e+00,6.097480943866572467e+00,6.059739043403268077e+00
3.807520874431792324e-01,-1.076609073910630432e-01,4.196629785555643869e-04,1.807299042823499796e-03,1.617120772866941003e+00,2.615079594037772903e+00,2.611464995952125889e+00
9.271671631283270321e-01,-6.506615373865987095e-03,3.184267286731815982e-04,4.335008327823275907e-03,8.387499587760427477e-01,7.035014933468133336e-01,6.948314766911668494e-01
9.325614681192704314e-01,-1.113969828883337732e-02,1.310295729465300722e-04,3.448849300724863773e-03,7.762813999832266498e-01,6.026128119599183375e-01,5.957151133584687175e-01
9.881863602844382921e-01,1.798512731498527750e-02,1.359866613032936148e-04,5.405427819231340726e-03,7.860865348419474596e-01,6.179320402598202921e-01,6.071211846213575569e-01
8.309683355706375396e-01,3.853326741685841883e-03,5.070934967173067632e-05,5.263732189176461088e-03,8.161820760674975972e-01,6.661531812938504826e-01,6.556257169154976472e-01
9.634611253850301482e-01,1.733499265321425398e-02,1.749405181629657162e-04,5.048948224556152470e-03,7.345220637729615865e-01,5.395226621692905677e-01,5.294247657201783808e-01
9.946130369614156752e-01,3.202028420869576508e-02,2.080744691169807625e-04,1.055081808207413221e-02,7.755880775172167008e-01,6.015368659868520762e-01,5.804352298227039020e-01
6.217143621712482027e-01,-9.687092052651599672e-02,3.133962641391864002e-04,1.429320801548005296e-02,1.161466549702138140e+00,1.349004546076989497e+00,1.320418130046029148e+00
8.949804833455414776e-01,-9.239866217513148516e-02,-6.416817258913718163e-05,3.795528852679896231e-02,1.629100376574784015e+00,2.653968036956102949e+00,2.578057459902504789e+00
8.654625689633046459e-01,6.318000727542405492e-03,9.770525324744441852e-05,3.262983557766256908e-03,8.949300626240642709e-01,8.008998169883115859e-01,7.943738498727791475e-01
9.094673967757239685e-01,1.740699244583145122e-02,1.448389479199165767e-04,3.552296650808168567e-03,1.585357940365378804e+00,2.513359799079556200e+00,2.506255205777939477e+00
1.272956086889256433e-01,8.093592287117257200e-05,1.071734029588883151e-05,9.298798755585995727e-04,3.127475077589866093e+00,9.781100360945737648e+00,9.779240601194619131e+00
7.703717925794721921e-01,9.126311454849531102e-03,8.129120796678842133e-05,2.730104014317840874e-03,8.515059266182460895e-01,7.250623430659978164e-01,7.196021350373621450e-01
9.209408056067595050e-01,1.646327042516593231e-02,-3.320270575387031426e-05,6.876279478823704543e-03,1.012074979569525635e+00,1.024295764270655607e+00,1.010543205313008119e+00
5.301729869645728233e-01,1.842177302399342076e-02,3.673527761676033225e-04,3.913918405391806667e-03,1.986605339558593863e+00,3.946600775162716346e+00,3.938772938351933206e+00
8.558450850083609840e-01,3.530279941603570171e-03,6.933609722911234125e-07,2.791295335377931650e-03,8.313231816750402681e-01,6.910982323903119839e-01,6.855156417195561458e-01
9.917575135819544085e-01,1.435775016889029310e-02,1.142676628210304822e-05,5.109740406602696593e-03,7.551120582260917313e-01,5.701942204784445911e-01,5.599747396652391407e-01
8.061269357091286336e-01,5.598999808097110398e-03,-5.045419001204603653e-05,6.205954932655195766e-03,7.218067243052269655e-01,5.210049472522420011e-01,5.085930373869316234e-01
9.911629472318632672e-01,-2.079969824596982972e-02,1.409820028548795371e-05,3.545916681595857965e-03,9.137158954332438299e-01,8.348767375673745716e-01,8.277849042041828254e-01
1.143975779286252603e-01,3.136636100099066127e-03,2.476093821189170481e-05,2.424671188428502173e-03,1.445326162152909433e+00,2.088967715003658299e+00,2.084118372626801108e+00
4.039559695609318268e-03,6.130897721323691485e-05,7.948916020603013680e-07,2.221821708418254224e-05,4.351356179587780204e+00,1.893430060163676387e+01,1.893425616520259425e+01
7.853918396180730177e-01,-2.169524469324252136e-02,-1.319548884799244700e-04,8.053110736684333804e-03,1.687628466039382324e+00,2.848089839386438893e+00,2.831983617913070184e+00
9.649173237636199385e-01,1.694487468252747764e-02,-8.461074131009717466e-05,5.350526979201063529e-03,1.108831815819779631e+00,1.229507995774189677e+00,1.218806941815787415e+00
6.616434404848665629e-01,-3.453200619127072546e-03,2.777314226237546715e-05,3.154866884399311691e-03,1.415339555535068516e+00,2.003186057462205127e+00,1.996876323693406396e+00
8.688942366586729360e-01,2.659484079212182106e-02,9.547683581136570728e-05,2.963797666344007969e-03,1.188243254875653410e+00,1.411922032757487067e+00,1.405994437424799015e+00
9.262935452656126945e-01,2.384648326483126274e-02,-7.359043746111634126e-05,3.989350244227732670e-03,1.006320234299158622e+00,1.012680413959913484e+00,1.004701713471458202e+00
9.435952820018931320e-01,-1.171931191227981728e-02,-2.440548011296436333e-05,3.562166872671062006e-03,6.709159135920196304e-01,4.501281631110143344e-01,4.430038293656721748e-01
9.378545395653558048e-01,1.398067061663232913e-03,1.159457249103494114e-05,3.927184180055743982e-03,1.113531126931998738e+00,1.239951570646447010e+00,1.232097202286335458e+00
9.765994055498805615e-01,-1.226150095489191710e-02,1.049798355408113937e-05,6.839865559590862891e-03,1.148942929618064879e+00,1.320069855519341750e+00,1.306390124400160113e+00
1.251426656123946213e-01,4.705879922018790795e-03,1.543357464393930079e-04,1.049439455037682331e-03,1.093979814224234515e+00,1.196791833930090476e+00,1.194692955020015157e+00
6.813309086907703982e-01,4.607769097334846187e-03,1.982861010826091666e-06,2.713121364619767301e-03,1.741816524370209285e+00,3.033924804569116063e+00,3.028498561839876313e+00
7.737760745606624413e-01,1.089770896343211781e-03,-2.024176774975325254e-05,2.312921841528561145e-03,8.551427405319586006e-01,7.312691066845087295e-01,7.266432630014515448e-01
9.183694148437024918e-01,-1.942685884049216716e-02,7.453108846666005869e-05,5.812845659742722770e-03,8.715095737565120571e-01,7.595289371492572883e-01,7.479032458297719677e-01
5.939218865751716425e-01,3.684755823523566676e-03,7.600769700514873977e-06,2.173988454348359679e-03,1.273737319305967564e+00,1.622406758592752629e+00,1.618058781684055925e+00
6.520856586967919144e-01,4.077734447036643339e-03,-1.131396059641090861e-05,3.059467229427810259e-03,9.051340545772217361e-01,8.192676567554009193e-01,8.131487222965453343e-01
9.296239375863023513e-01,5.421169824816995941e-03,2.773983322083526232e-06,5.199507265474652591e-03,7.538418960715049799e-01,5.682776042726817023e-01,5.578785897417325446e-01
1.202983073218728549e-01,8.235217845928843872e-04,8.209345735922926571e-07,6.155311946564655332e-04,9.909589017893958296e-01,9.819995450356453492e-01,9.807684826463324290e-01
9.739052611871112930e-01,4.696945998960211366e-02,-1.503605777429662951e-05,6.165378014019106193e-03,7.613123311966271123e-01,5.795964656320428121e-01,5.672657096040045754e-01
2.905567679276743753e-02,7.683071993613843631e-04,6.100589437203270323e-06,5.599330615231037575e-04,3.959457319166397316e+00,1.567730226230035306e+01,1.567618239617730680e+01
4.797341543454791690e-03,-4.105881277149947550e-05,2.205498275192359156e-07,3.095639084604145784e-05,4.148317436775966094e+00,1.720853755625951820e+01,1.720847564347782210e+01
8.168831515033450064e-01,-2.142053840272573062e-02,-1.029159179367669348e-04,8.680878145067908586e-03,1.571115238973505024e+00,2.468403094134774101e+00,2.451041337844638957e+00
9.646078809118791009e-01,-9.600252176471313348e-03,2.057071047476257623e-04,7.291240680064509962e-03,1.232738171901183177e+00,1.519643400462271199e+00,1.505060919102142236e+00
7.880156033178241648e-01,1.040434037796977851e-02,3.381088779332064624e-05,2.608205032858620497e-03,8.326535062931763598e-01,6.933118615423207176e-01,6.880954514766034480e-01
8.562525268341445450e-01,-9.752710718753498931e-03,-4.278068304632054767e-05,4.568509301157389936e-03,1.837993440587531335e+00,3.378219887642791353e+00,3.369082869040476602e+00
5.476066038014606452e-01,-4.822608047140146403e-02,4.372017439944497785e-04,3.572584004633864215e-03,1.154886424781180532e+00,1.333762654143857418e+00,1.326617486134589630e+00
9.812629374983051767e-01,-7.445582205868439551e-03,6.897757101913047195e-05,3.599267982247594203e-03,9.244096551987116550e-01,8.545332106246009696e-01,8.473346746601058133e-01
1.979208985709935975e-01,2.716070140293402879e-04,-1.331978026697950971e-04,5.030534165511081970e-03,2.219030386434090563e+00,4.924095855917829390e+00,4.914034787586808228e+00
8.190604443873761298e-03,1.173413254279553897e-05,-9.270025063410418953e-07,5.250528430658741382e-05,5.649529565538832010e+00,3.191718431189737970e+01,3.191707930132876569e+01
9.600271823072279442e-01,2.036943445485250859e-02,-2.430265292635032094e-05,1.419086892765336096e-02,1.796950655260621810e+00,3.229031657441578052e+00,3.200649919586270986e+00
9.420693970189151223e-01,2.054328464243868058e-02,5.665177022228312046e-04,9.218595241601283685e-03,1.042467198853004984e+00,1.086737860684430679e+00,1.068300670201228098e+00
9.710114365327399133e-01,-5.019172859046280855e-02,2.535690342166306739e-03,2.590247494160343930e-02,1.416856442867291399e+00,2.007482179694553892e+00,1.955677229811347173e+00
9.346648820923647571e-01,1.106382884110498344e-01,3.117323159903575809e-04,7.543513847851342907e-03,1.624753461578979818e+00,2.639823810912877544e+00,2.624736783217175073e+00
1.840700090604108219e-02,2.921969357345399754e-04,1.978732589210770761e-06,2.391258370854220272e-04,5.153170038373458439e+00,2.655516144438990978e+01,2.655468319271573563e+01
2.304046351862987230e-03,1.921578795693879016e-05,1.112599911269651951e-07,8.061473497060624394e-06,3.655641730914493071e+00,1.336371646480351139e+01,1.336370034185651789e+01
9.560623352994690460e-01,1.160468388737958545e-01,8.967932543743957919e-04,9.289994936485322652e-03,1.617348850171298924e+00,2.615817303150422823e+00,2.597237313277452220e+00
2.284053118583196929e-01,3.120937626994724212e-03,6.580214605616189841e-06,1.208526945235128582e-03,2.579581170274105606e+00,6.654239014032723887e+00,6.651821960142252799e+00
9.076957139751508086e-01,-1.302716230732266223e-02,6.316713431166680129e-06,2.866733485718795695e-03,1.130837517424808869e+00,1.278793490815504974e+00,1.273060023844067468e+00
9.854311633712721230e-01,9.082433260119347068e-03,-1.787386946515980184e-05,4.904134887747927350e-03,8.023828864033198949e-01,6.438182963929229841e-01,6.340100266174272248e-01
9.726279475902416261e-01,3.100183427704808481e-04,1.617994578638490421e-05,5.881611465427385131e-03,9.307268929748679920e-01,8.662525493066514093e-01,8.544893263757965540e-01
9.388358726178227531e-01,-6.679756793927071890e-02,5.210488285552071941e-05,3.918192070412595054e-03,1.254070839351486555e+00,1.572693670111742215e+00,1.564857285970917111e+00
2.802735201899786421e-02,-1.713706283073823666e-04,-5.630125121024848202e-06,2.896003336758871515e-04,5.038639444167842818e+00,2.538788744832402955e+01,2.538730824765667649e+01
3.386563664559916198e-03,-5.823602963417329192e-06,-8.665857743223217410e-08,1.858820855483328695e-05,3.629176506276771352e+00,1.317092211371127064e+01,1.317088493729416143e+01
7.874667263734991263e-01,-2.257384404410556211e-02,-5.698910221785616765e-05,1.964190275185296111e-02,2.122049934159544904e+00,4.503095923066528172e+00,4.463812117562822479e+00
1.044196407754544031e-01,1.252746289506001531e-03,-1.371534239711441145e-05,1.226238293475768364e-03,3.295472323832059125e+00,1.086013783714307124e+01,1.085768536055612010e+01
9.864485064350315691e-01,2.609266853214387005e-02,-6.508403033046772682e-05,8.542032074310160206e-03,2.358475154287855702e+00,5.562405053393125520e+00,5.545320989244505228e+00
7.752745568326386838e-01,2.332864193898442906e-03,-1.385160421369720392e-04,7.672619068400643970e-03,2.288463465835124389e+00,5.237065034462109026e+00,5.221719796325309026e+00
2.087095035436803414e-03,2.009498158794809086e-05,-1.322554947077376188e-07,1.662324643240863857e-05,1.459452124497981451e+00,2.130000503701671377e+00,2.129967257208806419e+00
2.223704633013801057e-03,-2.785671148586299495e-05,2.773134346672496772e-07,8.860354968602322616e-06,2.003217058953033813e+00,4.012878585280443389e+00,4.012860864570506614e+00
7.570009326245666914e-01,-2.683427947248073764e-03,8.942877441573475711e-05,2.703006223681893999e-02,1.931406358754367947e+00,3.730330522636806645e+00,3.676270398163168807e+00
6.681052802128404355e-01,-3.170343952097171014e-03,-5.592449228369877900e-04,2.076346641282389438e-02,4.116450361661259549e+00,1.694516358002111645e+01,1.690363664719546577e+01
9.395430989157049773e-01,-5.422487801414205277e-02,2.291778214670124462e-04,1.035540268655401122e-02,1.302518901509920557e+00,1.696555488790610244e+00,1.675844683417502257e+00
3.078971017890511641e-01,7.103067561960774157e-03,-2.393879503141387185e-04,1.157288222320035191e-02,7.511230076805976097e+00,5.641857726671470630e+01,5.639543150226830903e+01
6.475611475869947897e-01,6.976949206609561749e-02,3.384947921840272649e-03,5.572352066956379191e-02,4.298033329992961171e+00,1.847309050573038292e+01,1.836164346439125694e+01
2.684856020472461413e-01,-3.546220144819478559e-02,-1.040326968287178113e-04,6.246147086534072947e-03,5.027531991673175327e+00,2.527607792729724068e+01,2.526358563312417260e+01
9.906638988850170469e-01,-1.111195587817720432e-02,6.826303990342853998e-06,7.967661335838765665e-03,1.364083262500838556e+00,1.860723147034931468e+00,1.844787824363253836e+00
9.885839036653565337e-01,1.153103472769569926e-01,2.350861102144652642e-03,1.617543195396499087e-02,2.796647705024684072e+00,7.821238386019831346e+00,7.788887522111902939e+00
9.948523506574176167e-01,8.518302106611495839e-04,1.274832511588061947e-04,8.750861392498747449e-03,1.081585967769314038e+00,1.169828205675483401e+00,1.152326482890486226e+00
9.976656552314299153e-01,-1.326353108740797038e-01,1.737668273326927544e-04,8.031481743016740185e-03,1.160271772790316902e+00,1.346230586733984991e+00,1.330167623247951791e+00
9.975304550157216843e-01,-1.781286508695401061e-01,2.000447117970642185e-03,1.294048298486339538e-02,2.192524446514119152e+00,4.807163448562043584e+00,4.781282482592316363e+00
9.831377547709381215e-01,-2.943366829613425217e-02,1.010914548005783131e-04,1.206427787966485830e-02,1.293288109814908049e+00,1.672594134988617753e+00,1.648465579229288158e+00
9.358309564195825825e-01,-3.815878581670126279e-02,2.134236143468021610e-03,2.076800539124796369e-02,1.572193820401234898e+00,2.471793408907830614e+00,2.430257398125335033e+00
7.599056997119447709e-01,-1.257230992495669830e-02,-1.515636055820421258e-04,1.769917184538254487e-02,1.907606282713188106e+00,3.638961729846827531e+00,3.603563386156062087e+00
8.798831492275114297e-01,-1.894998816194282121e-02,2.831290483516437262e-04,1.970414943552895731e-02,1.658867606499484726e+00,2.751841735893329144e+00,2.712433437022271576e+00
3.890747842602049200e-01,7.608854923722985220e-03,9.534980280110063808e-04,5.447019897267175483e-03,1.591773445827566746e+00,2.533742702841765837e+00,2.522848663047231099e+00
8.057772178290431020e-01,1.901710297381220549e-01,8.926458235239212186e-04,1.693767210980775401e-02,1.817335516764919445e+00,3.302708380495217089e+00,3.268833036275601511e+00
9.728263517265123284e-01,-6.175455327044359066e-01,5.149739111238139759e-03,5.602376795527167636e-02,5.267461929172100987e+00,2.774615517527747599e+01,2.763410763936693471e+01
9.680080892953648597e-01,-3.516112445778594164e-01,1.782936194362527964e-03,1.609869420747357324e-02,2.469608867416563047e+00,6.098967958022519120e+00,6.066770569607572661e+00
9.389822273843895228e-01,2.360742764043466391e-03,5.436971193849917967e-04,8.674311657180763455e-03,1.148197595697161510e+00,1.318357718764742392e+00,1.301009095450380793e+00
9.406806528462090533e-01,-1.611646121463117254e-02,1.958105793047642173e-04,1.029660985671567927e-02,9.036311304142862211e-01,8.165492198538008006e-01,7.959560001403693796e-01
9.863015128887864247e-01,5.761564989595069353e-03,-4.547489065143487248e-05,7.278699940307945676e-03,1.028290872778572673e+00,1.057382119039718571e+00,1.042824719159102465e+00
9.132892680225230819e-01,3.585303925420133681e-02,-5.540239065312368955e-05,6.282034503238352607e-03,1.344223362395498000e+00,1.806936448009858420e+00,1.794372379003381646e+00
9.457979790277213361e-01,-1.638838270039844058e-02,-2.122788632905585489e-04,1.336044611548681087e-02,2.043594407014492909e+00,4.176278100380916847e+00,4.149557208149942333e+00
9.808343215761596845e-01,-2.009744002346627312e-01,4.039702381656833249e-04,3.632377063751063284e-02,2.352607676010633586e+00,5.534762877224154387e+00,5.462115335949133232e+00
8.442798271142553101e-01,1.726470298959248417e-02,1.741329185378231873e-03,2.867671896694883732e-02,2.469857332977885900e+00,6.100195245264635524e+00,6.042841807330737502e+00
4.441611701295866688e-01,1.853659812036106969e-02,1.869172740789563751e-04,2.169119224760796515e-03,1.516030680977200173e+00,2.298349025664193412e+00,2.294010787214671776e+00
8.371799898514393767e-01,3.185345565426032921e-02,4.067309152760747700e-04,1.874213392832093858e-02,1.329559813649289435e+00,1.767729298071133437e+00,1.730245030214491608e+00
3.423994747329800470e-01,2.837416180119389786e-02,7.881314049769965651e-04,6.308697664143017754e-03,1.547711262384504849e+00,2.395410151711837354e+00,2.382792756383552035e+00
8.149454176650090531e-01,-1.625649852686422703e-02,-6.769707157424535238e-04,2.808121524364880564e-02,1.947045768342879457e+00,3.790987224021914237e+00,3.734824793534616827e+00
9.535058288848908825e-01,-1.484073606217595209e-02,1.219722687114426373e-05,4.776046475069941656e-03,1.208498669179989715e+00,1.460469033409806272e+00,1.450916940459666238e+00
7.208238652462399809e-01,-2.019548318697466510e-02,6.281537864746646375e-05,3.756722858184765104e-03,1.614720625273893706e+00,2.607322697684914203e+00,2.599809251968544732e+00
1.427162316566403799e-01,9.201672217493780948e-03,5.093065216067798554e-04,2.725901259315897506e-03,1.368195624248282449e+00,1.871959266212147144e+00,1.866507463693515501e+00
2.438934710919737903e-02,2.413616618172076400e-04,-7.787317850460248185e-06,3.794950628884904064e-04,2.671160335854517509e+00,7.135097539842418790e+00,7.134338549716641609e+00
9.666964813758072150e-01,1.203170827311461633e-02,5.185940997417143880e-04,9.145199319517667222e-03,1.184649675409477965e+00,1.403394853447781587e+00,1.385104454808746555e+00
7.967366369516765134e-01,1.608845589545729315e-02,7.614210060755088568e-05,4.445673545599244415e-03,1.091316681606262495e+00,1.190972099552104480e+00,1.182080752460906048e+00
6.402754311471999804e-01,-7.132647701662786499e-02,1.625943937797390661e-03,2.098823227024379165e-02,1.436751353918602092e+00,2.064254452986936439e+00,2.022277988446449015e+00
3.089163380193334918e-01,-1.062582168084066636e-01,-1.159745379535910407e-04,7.283186161810175155e-03,1.771741159622852502e+00,3.139066736701730420e+00,3.124500364378110184e+00
5.122474509142315169e-01,9.090951085704412904e-02,7.470781087466463882e-03,7.791480887587798332e-02,5.979534144992740607e+00,3.575482859113406420e+01,3.559899897338230801e+01
9.824476231957873784e-01,5.031090702581475504e-02,-6.578814516550144124e-04,5.090420201457834110e-02,5.884768856947257376e+00,3.463050449969632893e+01,3.452869609566716491e+01
1.757818956433691016e-01,-1.068129426347974587e-02,-2.562429676416027539e-04,1.065034138698562477e-02,2.396368048283581409e+00,5.742579822834460224e+00,5.721279140060489432e+00
3.080531661245674568e-01,-2.040431723295337285e-01,2.526982160084702105e-04,6.633677770053096091e-03,1.996258550716113023e+00,3.985048201307196170e+00,3.971780845767090007e+00
4.981839446735120136e-01,3.541782543333416022e-02,1.278682586240545752e-04,3.704532604342379489e-03,1.834041968115330379e+00,3.363709940808354393e+00,3.356300875599669720e+00
7.544227770098781427e-01,5.002699973609359141e-03,-2.564714305984494255e-05,2.356430870711897618e-03,1.166890242856104098e+00,1.361632838872777640e+00,1.356919977131353816e+00
9.051997333756992559e-01,3.574325491913949576e-02,1.447234783225298895e-04,6.723821701582786275e-03,1.125330054944049696e+00,1.266367732560377712e+00,1.252920089157212313e+00
7.282156229309288964e-02,1.633252689612452180e-03,2.978039191864166393e-05,2.837123463007036454e-04,1.466816120416341684e+00,2.151549531113247760e+00,2.150982106420646023e+00
9.691854293622742533e-01,-8.802857093772709085e-03,-1.347633977326050266e-04,8.126377345314570941e-03,1.131153482015021527e+00,1.279508199874707541e+00,1.263255445184078285e+00
9.978658529395751930e-01,4.298400681112257704e-03,2.019030733128644205e-05,3.901286074415327102e-03,6.830955501253124229e-01,4.666195306010032517e-01,4.588169584521725741e-01
9.501856672974282603e-01,-4.111913647031698038e-02,7.254333036691214699e-04,1.724132740439423411e-02,1.708836491576147809e+00,2.920122154942277781e+00,2.885639500133489577e+00
9.760183198396817916e-01,4.250296821958338134e-02,1.837988355694078176e-04,7.227249133154086541e-03,1.308336599604093653e+00,1.711744657863602415e+00,1.697290159597294235e+00
8.856894442436973325e-01,3.089363414663819085e-02,-5.151294756843207064e-06,4.383869565578212175e-03,1.092940747882455987e+00,1.194519478381862010e+00,1.185751739250705539e+00
9.714515826895915307e-01,2.394504906360783725e-03,-1.587539863262342111e-05,3.876390116912041203e-03,1.201494136570069982e+00,1.443588160212257998e+00,1.435835379978434023e+00
9.894489391603376038e-01,-5.438996121109207493e-03,7.796874011441629624e-04,8.517762011354719151e-03,1.951174854368353584e+00,3.807083312319365476e+00,3.790047788296655895e+00
9.423971606678184232e-01,-4.051525717159221163e-02,-9.134376922368116374e-06,1.030412012227484818e-02,1.228570842699564070e+00,1.509386315531516809e+00,1.488778075286967262e+00
9.202445970985904111e-01,-1.468856444822608243e-02,-4.638453961279240571e-05,1.393551738657321064e-02,1.009458575862920204e+00,1.019006616383195007e+00,9.911355816100486660e-01
9.375956720368132657e-01,2.792875907546549241e-02,9.864801463429782370e-05,8.214018581845148465e-03,9.699594223524082848e-01,9.408212810102175583e-01,9.243932438465273238e-01
8.500703570513269414e-01,1.382511535377231593e-02,1.144645897023116745e-04,6.419102765784623528e-03,1.799403936333764165e+00,3.237854526093444818e+00,3.225016320561875816e+00
7.735463971482999801e-01,-1.288399560092884366e-03,1.852691839274565012e-05,2.118071413542501041e-03,1.093611058146553905e+00,1.195985146500425200e+00,1.191749003673340024e+00
9.824096938161361869e-01,-1.644645548432965843e-03,8.135591731823506702e-05,5.008810094993257009e-03,9.071531262306840038e-01,8.229267944301033033e-01,8.129091742401167719e-01
7.717089781165942242e-01,-3.341102094760782515e-02,-8.813112397884715417e-05,1.071643243686745857e-02,1.245707464906994577e+00,1.551787088125011094e+00,1.530354223251276125e+00
9.441482526574719314e-01,1.296135303085481361e-02,2.388820970216705785e-05,8.130852841197360945e-03,1.143351689419676243e+00,1.307253085698828032e+00,1.290991380016433432e+00
9.574574056336813133e-01,-2.803791716304715465e-02,9.839257373208425063e-05,1.430128700000924714e-02,2.378743802324980727e+00,5.658422077099507952e+00,5.629819503099489530e+00
6.702526402451871590e-01,-1.599463582358517932e-03,-4.082884158150153865e-05,5.729782328328307354e-03,1.701423700980137843e+00,2.894842610256949555e+00,2.883383045600293126e+00
9.853838358380320184e-01,2.935075755231647543e-02,3.846200492829517570e-04,1.115727385828131808e-02,8.572160089948994699e-01,7.348192860771436408e-01,7.125047383605809248e-01
9.326005747899185350e-01,-3.803860079693207469e-02,1.761566811688772564e-04,7.493250042722503397e-03,1.609715178867112906e+00,2.591182957075181648e+00,2.576196456989736649e+00
8.129900429486530689e-01,1.426065476919182590e-02,-2.005570216024741745e-04,1.195620952215768751e-02,1.319787475683900313e+00,1.741838980972081785e+00,1.717926561927766160e+00
9.392195133504991356e-01,1.356901652354816079e-01,1.335546458680514099e-03,7.242304748874429238e-03,3.276941189704343227e+00,1.073834356078091545e+01,1.072385895128316591e+01
1.185024730542383331e-02,6.987879602691204894e-04,4.081358818449727985e-05,1.144254033650693762e-04,3.929439970674373672e+00,1.544049848313342288e+01,1.544026963232669303e+01
2.282776618720894213e-03,-1.293513904876419929e-07,1.295846424745429014e-06,9.970814804113792333e-06,3.057214822066094406e+00,9.346562468260620093e+00,9.346542526631013814e+00
8.939196441294062767e-01,8.264078134481156468e-03,1.626435045104906703e-04,7.933750184495895821e-03,9.530159637589190602e-01,9.082394271793412521e-01,8.923719268103494917e-01
1.372242174085039901e-01,-3.931954183996622110e-02,4.090431129514847202e-05,7.435136902692202629e-04,1.737982737485795681e+00,3.020583995798620247e+00,3.019096968418081950e+00
9.321192590186219151e-01,4.081572763595564535e-02,2.149807877287754972e-04,5.307680156071164189e-03,1.344001704885168236e+00,1.806340582734238698e+00,1.795725222422096312e+00
9.814891410885895340e-01,6.843247777247096764e-03,2.010968483672340482e-04,6.416932346892766439e-03,1.944991380497911759e+00,3.782991470211172214e+00,3.770157605517386656e+00
4.209116941437199833e-01,2.396290556455255016e-02,-4.389497200843562393e-05,7.786011437834223538e-03,2.116730541639919139e+00,4.480548185911225723e+00,4.464976163035556667e+00
2.882196157677194837e-01,7.696684349265126013e-03,1.158284007311675040e-04,3.872257982672032330e-03,2.193515112781045495e+00,4.811508549998842810e+00,4.803764034033497943e+00
2.539283911371252866e-01,-1.830549474416742761e-03,-3.263451742462736125e-05,2.424355274861726261e-03,3.338935717977336903e+00,1.114849172878483508e+01,1.114364301823511028e+01
1.774577975507453109e-01,-1.271296710877588554e-01,2.850887516450916728e-04,1.741697634040450084e-03,1.714882414791550902e+00,2.940821696561301213e+00,2.937338301293220155e+00
7.997074733917504119e-01,6.549752535478958748e-03,9.376904699659281825e-05,8.793793663237238836e-03,1.607204719959703265e+00,2.583107011860748425e+00,2.565519424534274062e+00
9.871063684397696214e-01,-1.199209179769925027e-02,1.154958230575982905e-04,1.382478535599162076e-02,9.181182972837834688e-01,8.429412078072738845e-01,8.152916370952906222e-01
9.555069878516964099e-01,-7.089171194745008675e-02,4.785621717764027027e-04,1.132353807593470922e-02,1.112299813899895184e+00,1.237210876001741511e+00,1.214563799849872172e+00
7.764339350256764805e-01,3.420318437406649759e-02,5.424969778996499873e-04,8.854286327416031194e-03,1.367775562058122452e+00,1.870809988163412818e+00,1.853101415508580541e+00
9.940947131543054205e-01,-1.517845467179013141e-02,1.479590483824453728e-04,3.471793832660103121e-03,1.185238490892374097e+00,1.404790280292832261e+00,1.397846692627511933e+00
9.945596455159904092e-01,-5.128789214617401893e-03,1.922732091847796805e-04,6.587514203861410435e-03,8.391734741613713355e-01,7.042121197360657892e-01,6.910370913283430117e-01
7.979584974305011791e-01,-5.022601822164934893e-03,1.129739416905499916e-04,4.343730266542914116e-03,9.896485016315316185e-01,9.794041567815355842e-01,9.707166962484498063e-01
8.793610014993475943e-01,6.271959197788889995e-04,-8.053394219267604793e-05,7.154918192312423493e-03,1.969477787803255220e+00,3.878842756650403789e+00,3.864532920265779214e+00
9.313738756847778077e-01,-2.080747280388151044e-03,1.227220576842102950e-04,3.649268955270568160e-03,7.947172441686017885e-01,6.315754981789371003e-01,6.242769602683959640e-01
9.698778268799695956e-01,-3.956626939918363173e-02,9.944966999028871527e-05,4.172493040032891273e-03,8.584151394642336452e-01,7.368765516613996480e-01,7.285315655813336955e-01
7.783936142207030784e-01,-5.931810383539501408e-03,-1.442553243385322214e-04,5.747669013094586568e-03,9.831014375342069789e-01,9.664884364818242535e-01,9.549930984556350699e-01
8.499533032304311675e-01,-2.630071456959789944e-02,-4.400632907554246243e-05,4.868689281457628734e-03,9.520347978672795142e-01,9.063702563501918608e-01,8.966328777872766276e-01
8.837530807624671692e-01,-2.187087016730668299e-02,-1.045989370781772449e-05,4.101002906775089336e-03,9.175640774720771331e-01,8.419238362671839226e-01,8.337218304536336833e-01
7.659983174749405155e-01,-1.212282116148384603e-03,-2.115441143696023365e-05,2.866081148212792657e-03,7.900700657176999986e-01,6.242107087431707502e-01,6.184785464467451588e-01
9.885729575807010727e-01,-1.892292903184103481e-02,1.120523723642205774e-05,5.096295488810177049e-03,5.826316712890496907e-01,3.394596643890712695e-01,3.292670734114508946e-01
9.226412066672038392e-01,7.351784139984274269e-03,-8.604004300905738480e-05,1.114277754225013323e-02,1.020269123398920952e+00,1.040949084161202576e+00,1.018663529076702323e+00
6.989912109559395237e-01,-9.102909828620067700e-03,-1.514991551500022282e-04,6.746863371060007018e-03,1.443478218398797086e+00,2.083629366991765153e+00,2.070135640249645359e+00
4.093067010829528618e-01,3.108987463363277470e-02,3.478074827076294007e-05,1.091576994686871416e-03,6.669189692814820880e-01,4.447809115874745145e-01,4.425977575981008272e-01
9.345289103376230866e-01,-2.134924140176236440e-02,-3.956225343616826299e-05,4.751677963427584396e-03,1.251449763150864314e+00,1.566126509690354496e+00,1.556623153763499134e+00
9.938857955344613249e-01,-8.998993641737021432e-03,6.293086901526053119e-05,5.242366288531923220e-03,8.333695544494991170e-01,6.945048142833566418e-01,6.840200817062928040e-01
4.958206873899313472e-01,1.403043334831305389e-02,3.921289467323220922e-04,3.292918009316665208e-03,1.222672563140992041e+00,1.494928196657763442e+00,1.488342360639130169e+00
7.047758251701459198e-01,-1.665301824060842761e-02,4.630074789975379471e-06,2.628446425671098190e-03,7.705980573147238610e-01,5.938213659372264530e-01,5.885644730858843321e-01
5.202599291597942432e-02,6.197004792816152019e-04,-1.277910620694865068e-05,8.643848481426056772e-04,3.652224497631594513e+00,1.333874378110035330e+01,1.333701501140406798e+01
4.374040864235984039e-03,2.718434268733638248e-05,-3.257703591330596282e-07,2.199002136649141903e-05,3.333786817403217029e+00,1.111413454389147049e+01,1.111409056384873750e+01
9.461112170506421615e-01,8.336904666681410614e-03,4.995854264838799855e-04,1.289611136334600089e-02,1.731657461049963320e+00,2.998637562410005231e+00,2.972845339683313437e+00
9.807854948687252383e-01,-2.726402144213976864e-03,3.785555874534630549e-05,9.874818433838706763e-03,9.783763202417549154e-01,9.572202240097970050e-01,9.374705871421196157e-01
9.864245395155865070e-01,4.631435978461023728e-03,-1.080606125998305113e-05,8.161394575553272343e-03,9.394865950454392989e-01,8.826350622700732673e-01,8.663122731189666359e-01
9.427536412548780387e-01,3.574494046107235326e-03,2.190766574189410235e-04,4.960701404854380575e-03,8.327498724425205223e-01,6.934723500530342033e-01,6.835509472433254352e-01
8.486689305907946235e-01,9.363524409835580209e-03,-7.636141939717170496e-05,4.390110674434863011e-03,8.162384590933092765e-01,6.662452221030198407e-01,6.574650007541501529e-01
2.889095427648199488e-01,-1.366004938760182197e-01,7.846768501335285627e-04,4.139728225732361259e-03,1.302770344066233710e+00,1.697210569378452938e+00,1.688931112926988387e+00
9.888022209637569171e-01,6.925163882786188572e-03,2.876946892429079871e-04,9.705212506682475010e-03,1.045419065179798102e+00,1.092901021841402809e+00,1.073490596828037935e+00
9.932263556893534684e-01,-3.577091258417675057e-02,1.222263902683359501e-04,2.692085874474183047e-03,6.625212022466110406e-01,4.389343434262949484e-01,4.335501716773465519e-01
9.254064905685986941e-01,-2.222715814245870836e-02,-9.207601936781208639e-05,6.713965941587493429e-03,1.150885119095836462e+00,1.324536557356237765e+00,1.311108625473062617e+00
3.267174272796911083e-01,1.947267022784360258e-04,-2.621958084319907025e-05,1.450396698622511901e-03,9.979795623044339647e-01,9.959632067773495079e-01,9.930624133801045916e-01
7.974218352441001523e-01,5.475211576531469060e-03,5.079238838257542134e-06,2.635587777683206460e-03,6.482046909460044137e-01,4.201693213644051017e-01,4.148981458090387209e-01
9.306981521892760956e-01,-3.818693221755126155e-02,-2.067762041975071565e-05,3.662247264247475449e-03,7.145263744348261392e-01,5.105479397629772986e-01,5.032234452344823694e-01
9.935522074873848197e-01,-3.715017323224956147e-02,1.363704915590295041e-05,8.665195763730490844e-03,1.150854526873925199e+00,1.324466142026206050e+00,1.307135750498745086e+00
8.269040937578575612e-01,-1.542794299236061040e-02,1.888122241745826861e-05,2.769990912321759324e-03,1.034648289286981715e+00,1.070497082524477950e+00,1.064957100699834625e+00
8.387127374070426633e-01,-7.380616554762992054e-03,-1.458606999566010786e-04,9.381757688914815069e-03,1.156762735454364588e+00,1.338100026135864429e+00,1.319336510758034819e+00
8.985348610563215210e-01,-8.499359377701493079e-03,3.379035291245323499e-05,4.564983347878194889e-03,1.105525352257089144e+00,1.222186304483160901e+00,1.213056337787404626e+00
9.836028940623573469e-01,-2.305549380297367001e-03,1.244356358232057147e-06,8.094325533464230560e-03,9.747851118216104283e-01,9.502060142290695843e-01,9.340173631621412342e-01
3.264178592778638199e-01,-3.429622815970323479e-02,-8.777083215381853117e-05,4.501615328560400718e-03,3.931030263449037054e+00,1.545299893215220699e+01,1.544399570149508705e+01
9.554542301714853414e-01,1.121071146768970461e-02,5.040958793247725731e-05,4.155496649741773248e-03,1.021033807799931692e+00,1.042510036670428075e+00,1.034199043370944482e+00
9.812607096242841331e-01,1.360233328255466834e-03,-1.875165342461334756e-05,5.659327312853327900e-03,8.734436691379086071e-01,7.629038431570923651e-01,7.515851885313857839e-01
9.452157218930982152e-01,2.935261265973313632e-02,6.466806281651870845e-05,3.738156685055117091e-03,1.050588652962378466e+00,1.103736517733304723e+00,1.096260204363194379e+00
9.235076620987047180e-01,-5.636470670373233682e-03,-3.819673099158622982e-06,4.617625144001834964e-03,9.704358350879211947e-01,9.417457100227909494e-01,9.325104597347873003e-01
9.215396024628831340e-01,-1.444784674626875542e-02,8.339777412236237808e-05,1.047732913713250724e-02,8.187748524343751999e-01,6.703922589789329534e-01,6.494376007046680499e-01
9.169677161404630183e-01,-1.023295920498129563e-02,5.175313311218641152e-05,2.881129693899187310e-03,8.603928799102091851e-01,7.402759078001837079e-01,7.345136484123854226e-01
8.458357285125388536e-01,4.314876172800831411e-02,6.818748338580015388e-05,3.985001577180264688e-03,1.099766529253623171e+00,1.209486418866560387e+00,1.201516415712199803e+00
8.385042524845783829e-01,4.883052785495056725e-03,1.676939084290726700e-04,5.699563729531070475e-03,1.202202523859605687e+00,1.445290908374405658e+00,1.433891780915343750e+00
9.438430960579682338e-01,-1.404597838471605131e-02,-8.093286431791602952e-05,1.142325423529859559e-02,9.120743076331327970e-01,8.318795426444585139e-01,8.090330341738612985e-01
9.258104072046300370e-01,-2.608645431231376710e-03,3.326597279792990899e-04,5.372922069136145187e-03,9.685707472692891562e-01,9.381292924657891330e-01,9.273834483275167351e-01
9.751538341431934542e-01,5.172718126968894881e-02,1.987022639791937654e-04,5.052533870126636219e-03,1.052648440740341806e+00,1.108068739793073076e+00,1.097963672052819861e+00
6.762079027337903891e-01,2.590289302299954299e-02,1.504709546259261203e-04,1.519653269689327096e-02,1.257496951315471456e+00,1.581298582567705280e+00,1.550905517173918780e+00
9.521122706151067261e-01,1.277104480719409851e-03,-7.045787898768955280e-05,5.929493548826608382e-03,8.328623991360633028e-01,6.936597758946793091e-01,6.818007887970261027e-01
8.816876539721661965e-01,1.588917761221320113e-02,5.446867575995622629e-05,2.841694724530463047e-03,1.058715109189788617e+00,1.120877682426745903e+00,1.115194292977685020e+00
9.107465669625796068e-01,2.714460659193618230e-03,-3.121276981776956042e-05,3.061070274298529140e-03,9.328719280676259773e-01,8.702500341766098435e-01,8.641278936280126777e-01
7.123508368337865271e-01,2.047642690709783331e-02,1.189321663753184488e-04,4.757320986026991605e-03,9.548018917324778698e-01,9.116466524559184714e-01,9.021320104838645992e-01
9.396828692290536411e-01,-1.342603497873245955e-02,1.335004046529219314e-05,4.786872833232342674e-03,8.850369054148962134e-01,7.832903239463759881e-01,7.737165782799112490e-01
9.925009436341631908e-01,1.159123839235001729e-02,-7.708547487682964325e-05,7.972991441653969058e-03,8.867607062445156396e-01,7.863445501392721804e-01,7.703985672559642284e-01
8.759314158066864309e-01,1.659748354443282836e-02,4.446091066911424471e-06,6.469072168404710506e-03,1.056315866493425348e+00,1.115803209805755980e+00,1.102865065468946693e+00
9.739849434447781507e-01,-4.262159357621975175e-04,1.594645675973506882e-04,3.422589567796124541e-03,1.071444418349371430e+00,1.147993141612022816e+00,1.141147962476430688e+00
9.883306697009545116e-01,3.431065661668894484e-02,2.761485492495681219e-04,1.483324457745144147e-02,1.497337558070787278e+00,2.242019762809388084e+00,2.212353273654485086e+00
9.917549849564651909e-01,-1.134954582286894498e-01,5.355110885535275915e-04,1.413862541442358067e-02,1.124471092616017298e+00,1.264435238129060002e+00,1.236157987300212868e+00
9.856628322248489615e-01,-1.501701309277392316e-02,-1.001840862741030299e-04,1.423750512517130140e-02,1.202306308133204382e+00,1.445540458576896059e+00,1.417065448326553456e+00
9.815379844903191486e-01,4.573841987283611132e-03,-1.549467412038866957e-04,1.257859244100669599e-02,1.042743527728509090e+00,1.087314064619695930e+00,1.062156879737682358e+00
8.513139454585426646e-01,-5.854566456813772857e-03,-2.935338979869208826e-05,5.069984204392297827e-03,1.240484741128971446e+00,1.538802392973811051e+00,1.528662424565026656e+00
9.781565919251707930e-01,-2.393877597654581191e-03,1.001481653055763060e-04,2.985974741363410078e-03,1.573260159519150880e+00,2.475147529530224322e+00,2.469175580047497487e+00
8.581508350727450329e-01,8.197062177299485608e-04,-1.859098961255789865e-05,2.164082373410717176e-03,9.171498963924066272e-01,8.411639324526021255e-01,8.368357677057806088e-01
7.544892147031398988e-01,2.531430337157841021e-02,-3.399205488384348823e-06,3.339507304275866461e-03,1.200228214690923778e+00,1.440547767340162322e+00,1.433868752731610519e+00
9.701792295809101851e-01,-2.143534418235817918e-02,-5.737800047553466277e-05,1.097761065087218997e-02,9.098436636457086779e-01,8.278154922762455126e-01,8.058602709745011916e-01
9.837017192052456283e-01,9.286533782951884863e-02,1.818675208156076805e-04,2.061764228288532480e-02,1.072771839597756127e+00,1.150839419833953770e+00,1.109604135268183356e+00
1.220265245728999748e-01,-5.635533666518699469e-04,-1.192839088120888030e-05,9.906281094588780672e-04,2.153831007000365005e+00,4.638988006716206591e+00,4.637006750497288721e+00
9.119065777055800348e-01,-2.230355525789937121e-02,8.458951631535119049e-05,8.014482081885206805e-03,1.231439216471661213e+00,1.516442543864338743e+00,1.500413579700568434e+00
2.599796770761255704e-01,-1.042476995463337275e-03,-9.763109780207234985e-05,4.135481299654172015e-03,1.434651563471398994e+00,2.058225108570929329e+00,2.049954145971621067e+00
5.395561868637077652e-02,6.061794317170632329e-04,9.432377962015706525e-06,2.506304427354440678e-04,1.878756287805556147e+00,3.529725188968913407e+00,3.529223928083442541e+00
9.391396725688196945e-01,1.874471674225153262e-02,1.149010316424491080e-04,1.442335292879417044e-02,3.312250174389723689e+00,1.097100121774475490e+01,1.094215451188716592e+01
8.343060525229246682e-01,-1.880211723229488485e-02,3.258564409606755179e-05,4.294143799855781700e-03,9.896963510343107506e-01,9.794988672506297345e-01,9.709105796509180930e-01
9.377764698759524231e-01,1.275036452379474383e-03,-1.563752621818432587e-04,8.474981676200445818e-03,1.254657484255568445e+00,1.574165402798511915e+00,1.557215439446110850e+00
9.890312129550271614e-01,-2.406630764111061804e-02,-1.025116604921614335e-04,2.110979409800275985e-02,1.178836756948060893e+00,1.389656099531821676e+00,1.347436511335816212e+00
8.131101585674272991e-01,-1.566727769642746459e-02,-1.891120759715444864e-05,6.665832084611948531e-03,1.604482454246057621e+00,2.574363945983452417e+00,2.561032281814228373e+00
8.464049601660504907e-01,2.519705276662714821e-02,-7.045499004902778639e-05,5.689511096355780520e-03,1.505836336597124792e+00,2.267543072616249322e+00,2.256164050423537404e+00
9.893616840660339751e-01,5.123946325923611766e-02,-8.671117725338855218e-05,1.038346337963191174e-02,8.669822612572557485e-01,7.516582413347444591e-01,7.308913145754805107e-01
7.544966953237290941e-01,1.637730248627589091e-02,-2.486220046098191376e-04,1.559037657356763043e-02,1.524378519942731547e+00,2.323729872062792801e+00,2.292549118915657935e+00
2.561590645720024373e-02,-1.225970376923513072e-04,-2.309432794579366749e-06,1.340142707767177606e-04,9.312931167069207206e-01,8.673068692256902246e-01,8.670388406841367246e-01
8.089020509290841821e-01,3.751504427233931516e-02,5.380609222979580936e-04,2.254428523671065873e-02,3.367593155366943591e+00,1.134068366007428885e+01,1.129559508960086767e+01
6.542603321509299352e-01,-1.900885119960957215e-02,-1.691147600247409986e-04,1.028007564339989376e-02,1.908718418140746387e+00,3.643205999749713264e+00,3.622645848462913598e+00
8.350557565575664754e-01,-1.106771659367000726e-02,-2.071054768089610444e-05,5.085328543765826707e-03,1.306314752780206367e+00,1.706458233331211938e+00,1.696287576243680206e+00
9.471941488815739385e-01,9.815656971185249269e-03,1.791295348123110131e-04,5.453973963764730329e-03,1.526787960506158059e+00,2.331081476346553938e+00,2.320173528419024578e+00
9.168555849944791669e-01,-1.280239389178572385e-02,2.063627680496787616e-04,4.844887266315894662e-03,9.030676412776095230e-01,8.155311647227051486e-01,8.058413901900733922e-01
9.878212964877425284e-01,4.475481730079161613e-02,6.246213475365572940e-05,6.475029552989545849e-03,1.286101088088791533e+00,1.654056008783173271e+00,1.641105949677194031e+00
2.655656669674925086e-01,1.998875706138431019e-02,2.037925498792551493e-05,1.968778195183882532e-03,1.957166002594562970e+00,3.830498761711980560e+00,3.826561205321612480e+00
8.794624019867339770e-01,-1.757384695423475085e-02,3.727195115363973271e-05,5.241206361510175084e-03,1.123042507088420905e+00,1.261224472727445756e+00,1.250742060004425671e+00
9.746787681555508787e-01,-2.604064914660736418e-02,-5.007488855643662703e-06,6.229525200977268327e-03,1.002310060481080844e+00,1.004625457341587813e+00,9.921664069396332053e-01
9.673728598920593447e-01,-2.092443989414957684e-02,7.992059777007393952e-05,9.889836101495401433e-03,9.844069864383030444e-01,9.690571149485414093e-01,9.492774427455507036e-01
7.605666143869935780e-01,-2.462820026095710602e-02,1.020021825693013010e-04,3.933514839629097086e-03,1.212068187826718324e+00,1.469109291941545159e+00,1.461242262262287150e+00
5.368324985278698502e-01,-4.964183903700708500e-03,1.312628841023605938e-04,3.905186499017284252e-03,1.196521637391170456e+00,1.431664028745247341e+00,1.423853655747212787e+00
9.923990645835605307e-01,-1.865166757515135387e-03,9.482185455899825016e-05,6.334947746748646052e-03,8.825245554505912748e-01,7.788495909732636724e-01,7.661796954797664982e-01
9.497699535576652474e-01,-8.904814490353407663e-03,2.391057010184630138e-04,8.745297143522642522e-03,7.877300983702378856e-01,6.205187078783847010e-01,6.030281135913394541e-01
6.601023007262192266e-01,-1.011040782578308261e-02,1.512675950964138619e-05,9.915851285880695684e-03,1.222178565199149913e+00,1.493720445232252780e+00,1.473888742660491635e+00
8.781789440591145635e-01,1.620591597148710039e-03,-1.004522219764085573e-05,4.543616985785791859e-03,1.089726574940065085e+00,1.187504008130605415e+00,1.178416774159033897e+00
9.809428107756833493e-01,3.771148629578532918e-02,1.151927582539664013e-04,7.555108251272903142e-03,1.012319292328915044e+00,1.024790349621315322e+00,1.009680133118769474e+00
9.033352468980139216e-01,-7.341189187191457521e-02,2.755624770327750727e-04,2.136495908666178473e-02,1.436051752675017168e+00,2.062244636360988981e+00,2.019514718187665370e+00
9.018954356919280935e-01,1.919692395046256050e-02,4.074858238469171787e-05,3.610369814132858342e-03,9.749580747229212863e-01,9.505432474674253562e-01,9.433225078391596075e-01
7.733697310954792403e-01,5.403153786585725843e-02,1.742607878903466628e-04,8.996719917642890738e-03,1.305659480773710523e+00,1.704746679734275405e+00,1.686753239898989953e+00
4.221570682340620717e-01,-5.066560572848699540e-02,-1.158831338114147769e-04,8.434903789701044680e-03,4.912298436769212628e+00,2.413067593188524640e+01,2.411380612430584591e+01
8.902310739202800027e-01,-5.940505996697265090e-03,2.388990100089849781e-05,3.191679068688321307e-03,7.734592625544129962e-01,5.982392308312163287e-01,5.918558726938397685e-01
9.078870771645188853e-01,9.886155221705328344e-03,-7.044115354767809568e-06,4.103561965540267024e-03,8.951210452368086878e-01,8.012416856258369746e-01,7.930345616947565013e-01
9.504935988988000295e-01,4.143078294037784437e-02,-1.830005583866148625e-04,1.279370653848522707e-02,1.064520674322519511e+00,1.133204266060071630e+00,1.107616852983101197e+00
1.117628765535484403e-01,1.721674841327167083e-03,3.807949468096375704e-06,1.118393970679906323e-03,1.114259242995014665e+00,1.241573660599823326e+00,1.239336872658463484e+00
5.878724270295264676e-01,-2.471747358105957915e-04,-2.738047392393572514e-05,2.031987653233550007e-03,1.506021570979758195e+00,2.268100972256338554e+00,2.264036996949871483e+00
7.781435086951153934e-01,-4.859896426221192722e-03,3.406507505857494914e-05,1.932567698377597124e-03,9.281400611867137718e-01,8.614439731796768029e-01,8.575788377829216547e-01
7.217058865593553030e-01,-1.411837304505603186e-02,1.250806562939292381e-04,8.356349329514879687e-03,1.055100767899028291e+00,1.113237630421119118e+00,1.096524931762089317e+00
9.158664426989232554e-01,-2.736370525091501305e-02,1.599969025882139190e-06,2.931670332650956196e-03,6.091758956112154344e-01,3.710952717937264222e-01,3.652319311284245029e-01
9.499464587008324967e-01,-6.049758470696303680e-03,-4.211003291225437836e-05,5.673869532575801823e-03,1.088828112012153015e+00,1.185546657507949631e+00,1.174198918442797890e+00
4.248455998023774605e-01,2.332903686370665919e-03,-3.374870132750738328e-05,2.297093496819235976e-03,1.158975659541863434e+00,1.343224579410497554e+00,1.338630392416859216e+00
8.895262604282548891e-01,-5.103456468384837130e-03,-2.883966064315133498e-06,2.712296011786291452e-03,6.008562992787723767e-01,3.610282923829816193e-01,3.556037003594090251e-01
9.779516911341684660e-01,6.055318176665455687e-02,1.617027634281460898e-04,7.800567564666121591e-03,7.535384668141673625e-01,5.678202209686459279e-01,5.522190858393136725e-01
9.091006436734317964e-01,2.086787940576884104e-02,4.431835980583870901e-04,1.005726126048878816e-02,1.135620057907701597e+00,1.289632915922291678e+00,1.269518393401314116e+00
8.710862218374173516e-01,1.746184347645526880e-02,-1.178349143961210062e-05,3.116404065431246494e-03,9.696818617110218863e-01,9.402829129313534651e-01,9.340501048004909990e-01
8.108257486223720001e-01,1.090211328518958522e-02,-1.019732231044209590e-04,7.617427839062793603e-03,1.306413738872496344e+00,1.706716857114814800e+00,1.691482001436689364e+00
9.920613901389931932e-01,-4.854551062525658267e-02,2.403445452267757843e-04,1.066457890287035061e-02,1.063643709494535683e+00,1.131337940747296322e+00,1.110008782941555694e+00
9.823495998657360007e-01,6.494239615225685242e-03,-9.101257027759259322e-05,6.289714070900831282e-03,9.915459034838445262e-01,9.831632787155936137e-01,9.705838505737920396e-01
9.903608606424407768e-01,1.670411300172777724e-02,-4.445921618929613592e-05,4.617465094276917287e-03,7.882051127413768343e-01,6.212672997516465179e-01,6.120323695630925931e-01
8.801098146331164385e-01,5.346628675729997449e-02,5.634622249922275738e-04,8.277015391304799741e-03,1.056301207723900903e+00,1.115772241438971690e+00,1.099218210656362160e+00
6.636158845440052190e-01,-5.418441690539613220e-02,-1.430845162254444180e-04,1.099459757443735884e-02,9.813177601839782049e-01,9.629845464524998677e-01,9.409953513036251049e-01
8.028280660008959568e-01,-2.074616993261918507e-02,7.350330702994111029e-04,5.915981471305804991e-03,1.779848771948076447e+00,3.167861651005075885e+00,3.156029688062464533e+00
9.237011097505405388e-01,2.587516805098480366e-02,9.801835784743527329e-06,3.946378785721300908e-03,9.598597172921394804e-01,9.213306768801459157e-01,9.134379193087032167e-01
6.416254117858884998e-01,-6.904946209636253496e-02,2.738019032621120822e-04,3.855368334497160081e-03,1.279940492966344712e+00,1.638247665534929620e+00,1.630536928865935486e+00
7.887158860776899427e-02,3.740538334248977304e-03,1.255125288777423416e-04,2.092562153505033405e-03,1.483728662475283455e+00,2.201450743850693836e+00,2.197265619543683712e+00
2.102567191678128555e-02,7.743854115918602510e-05,-1.285095624760413235e-06,1.147158940179707670e-04,1.082365275415477335e+00,1.171514589425222130e+00,1.171285157637186325e+00
9.380738052450076081e-01,1.621855869934385463e-02,1.474981909283899632e-04,1.393496415580599071e-02,2.653954251536249753e+00,7.043473169247334909e+00,7.015603240935722518e+00
7.908467404579224702e-01,1.494137978439927239e-02,2.258963678090427174e-05,4.560266914222363063e-03,9.179879312030266858e-01,8.427018418344128792e-01,8.335813080059681912e-01
9.187357264015155733e-01,1.734285945335978241e-03,-1.257833911189412690e-04,7.743346176017831296e-03,9.054019560235898600e-01,8.197527019713425345e-01,8.042660096193068320e-01
5.722591706813766610e-01,-2.230996427576487084e-02,6.397847798140931131e-05,1.413206614058680390e-03,1.227109655593774606e+00,1.505798106851472307e+00,1.502971693623354810e+00
9.010846114273746155e-01,-2.919291834414172726e-02,6.546775305968455879e-05,3.608566350766977647e-03,8.865644700970041203e-01,7.859965596383816644e-01,7.787794269368477629e-01
9.939502002763976884e-01,-1.449225669995723997e-03,2.658769967729187144e-05,9.608851639438300771e-03,1.738606122341509241e+00,3.022751248643378741e+00,3.003533545364502455e+00
9.978929654441657249e-01,-9.078896677488013101e-03,-2.534261292287944838e-05,3.440692936440520149e-03,6.279450674924197395e-01,3.943150077880596127e-01,3.874336219151786054e-01
6.923002294298423731e-01,1.913995322369294039e-02,-5.070967342997561569e-04,2.453276565554278130e-02,1.352223793086167358e+00,1.828509186588341828e+00,1.779443655277256342e+00
7.935330827844102597e-01,2.973146973564710915e-04,-1.158518343556868348e-04,6.189653928457708107e-03,9.944659105292498191e-01,9.889624472047700010e-01,9.765831393478545674e-01
9.418348453637086504e-01,-8.505641239623940031e-03,-3.547485827201746840e-05,5.116274330353915746e-03,9.392339755443822602e-01,8.821604608169053563e-01,8.719279121561974710e-01
2.536131453544878678e-01,1.562551790383226447e-03,-1.583629398704105971e-05,2.250230991952532466e-03,2.780116230602672545e+00,7.729046255660411369e+00,7.724545793676506733e+00
9.693947637939497319e-01,-2.042355933600381590e-02,7.418753116944760235e-04,8.626625850674727453e-03,1.285160149157633880e+00,1.651636608982871790e+00,1.634383357281522509e+00
9.872931929449074717e-01,-3.929356024161570482e-02,2.220253484625683599e-04,7.791378665777098228e-03,8.106901409425610883e-01,6.572185046214695792e-01,6.416357472899153480e-01
9.296541113963300296e-01,-1.057264024646253908e-02,-1.080073298261587870e-04,1.196271567858028621e-02,1.187571707166919621e+00,1.410326559663352075e+00,1.386401128306191444e+00
9.952559981053999971e-01,-3.485113344550150316e-03,3.786231796813584660e-04,1.093660318069599249e-02,6.523031421743823444e-01,4.254993892905725161e-01,4.036261829291805658e-01
9.024413603013289320e-01,-2.665283427824766127e-02,1.028676420980496734e-04,1.012275877171603215e-02,1.528262727656847009e+00,2.335586964745146155e+00,2.315341447201713976e+00
8.076841830166009428e-01,4.125122767841543636e-02,-2.361993323569462988e-05,7.544600191292280891e-03,1.314907980202315585e+00,1.728982996399733407e+00,1.713893796017148974e+00
9.003233273102988488e-01,-5.385941177275088698e-03,2.742797605537553108e-05,6.636139510912460876e-03,8.613412123616531746e-01,7.419086841126424359e-01,7.286364050908176182e-01
9.933410692661175379e-01,1.083006477958226021e-03,-2.877479442889771251e-04,2.908123224901944942e-02,7.011894392316450064e-01,4.916666296899887545e-01,4.335041651919499528e-01
4.758100828668879734e-01,-1.592191013701227398e-04,-3.869265626186530702e-05,2.822485280921418951e-03,8.924832667729941660e-01,7.965263814697953748e-01,7.908814109079526089e-01
9.597028920409332864e-01,2.827527414033692565e-03,-7.641823723146937196e-05,8.115224074518274239e-03,6.314499715786365819e-01,3.987290666066609646e-01,3.824986184576244508e-01
7.084090971223621080e-01,-9.712743541028395766e-02,1.260860868263425283e-03,1.439320385246018949e-02,9.825979172321204214e-01,9.654986669489009632e-01,9.367122592439806050e-01
9.692978950673178939e-01,1.261355538625344441e-02,2.415365198969132395e-04,1.122052834109791251e-02,8.344724707041183409e-01,6.963443043630356266e-01,6.739032476808398675e-01
8.845332295723722371e-01,-1.949261607135760466e-02,-3.757737807589730665e-05,9.440771720982159970e-03,1.295648905241338023e+00,1.678706085653077995e+00,1.659824542211113751e+00
8.684179217896627057e-01,1.180510008564086832e-02,1.270338547490210685e-05,6.873956548123258230e-03,1.448944770844917018e+00,2.099440948958829267e+00,2.085693035862582700e+00
9.018433558017745488e-01,-4.827407082562684693e-04,1.114113512502174099e-05,3.052739766420057687e-03,8.318562568434920701e-01,6.919848320496658767e-01,6.858793525168256355e-01
5.006008124334196951e-01,3.371507206886065200e-02,-1.598777638010940693e-05,1.587238827299318391e-03,9.147132902526979858e-01,8.367004033649165784e-01,8.335259257103180275e-01
9.949434929359849411e-01,-7.499522914659689787e-03,4.698104386175442960e-06,2.679938671157915901e-03,7.511230045262969890e-01,5.641857679286115257e-01,5.588258905862957260e-01
9.944926642647967663e-01,-4.686549338706949563e-03,-2.407739170427389196e-05,3.134457317870913834e-03,9.067697560433732873e-01,8.222313904749587454e-01,8.159624758392169941e-01
9.972956922328608531e-01,1.022139551526744794e-02,-7.443401933374138567e-06,4.130533816807282869e-03,7.572968231844735554e-01,5.734984784052958862e-01,5.652374107716813256e-01
6.697564694014168651e-01,-3.214964645509355012e-03,-1.968920406881039054e-05,2.207332018460909234e-03,1.064243241635601800e+00,1.132613677367053873e+00,1.128199013330132061e+00
9.948086671359015476e-01,9.825528022378779425e-03,1.602767086874943916e-05,2.248816665492344227e-03,9.383655655971876453e-01,8.805299346985298037e-01,8.760323013675451742e-01
9.977465652913892757e-01,1.211144076793371771e-02,-1.170808145740897773e-05,4.260785683772429742e-03,7.020248306968601693e-01,4.928388629149551559e-01,4.843172915474102669e-01
8.781776052370636743e-01,-2.746126752207943972e-02,1.844409774017402885e-04,1.425266640836956797e-02,1.092208857366086638e+00,1.192920188108932411e+00,1.164414855292193351e+00
8.244600343084483862e-01,-3.308566195280721045e-03,1.751696377917330582e-04,3.929099835160216291e-03,9.573008393981253805e-01,9.164248971123555298e-01,9.085666974420351094e-01
8.977303372121259173e-01,3.029547790319875311e-02,1.756181066918016047e-04,4.283638701299172583e-03,1.324043612517154411e+00,1.753091487847476593e+00,1.744524210444878154e+00
6.945283815927938420e-02,1.400339792748950263e-03,1.161404850714662054e-05,7.295460319076578016e-04,1.841408394526131920e+00,3.390784875431306578e+00,3.389325783367490796e+00
8.556578796322766856e-03,1.203079169031506801e-04,2.011790763039965138e-06,4.337798501313234735e-05,4.206165291163253883e+00,1.769182645658645825e+01,1.769173970061643075e+01
9.297523453128064830e-01,3.677935857325043134e-02,-2.224244504132127324e-04,1.649060615802989266e-02,2.749227381099768497e+00,7.558251192988691969e+00,7.525269980672631753e+00
7.004501074725573151e-01,7.835313744306571238e-03,-1.631155387106804204e-04,8.010173442689229664e-03,1.052817832698713874e+00,1.108425388848417015e+00,1.092405041963038670e+00
9.479818273820699304e-01,-6.910245016576221921e-03,-1.310116715570070216e-04,6.957613293527026115e-03,1.715837449251217839e+00,2.944098152252925704e+00,2.930182925665871796e+00
9.937603835699237997e-01,4.069389210568652437e-04,7.048590851192882811e-05,3.711580026518458784e-03,1.006006443178645737e+00,1.012048963716949634e+00,1.004625803663912631e+00
9.920099445071630662e-01,6.473861339093056610e-03,-8.743678017908071003e-06,4.371345805891945629e-03,7.653947855926875876e-01,5.858291778124762317e-01,5.770864862006923612e-01
2.621420335087701892e-01,-5.606274839765280904e-02,-2.321161303425789727e-05,3.003989546968733205e-03,1.217032814863656665e+00,1.481168872454955432e+00,1.475160893361018077e+00
8.529940399049645849e-01,-3.288280966927439875e-02,2.612497038206739342e-05,7.650952892878372727e-03,1.915893668331999367e+00,3.670648548354645158e+00,3.655346642568888083e+00
7.556451712006316823e-01,2.030015832150455779e-03,4.693215349143593497e-05,3.307363841730198359e-03,1.023864056644917309e+00,1.048297606489386302e+00,1.041682878805925805e+00
6.230123847038244733e-01,1.777071988168846262e-02,1.941129187021581247e-05,5.514461193247725129e-03,1.466285277621100835e+00,2.149992515368388535e+00,2.138963592981893314e+00
9.130413211290522302e-01,-3.142965854126655856e-03,1.942374941448705202e-04,4.046897603529116261e-03,6.466042853941675883e-01,4.180971018901020742e-01,4.100033066830438000e-01
9.275386155937104249e-01,-5.404992502886421524e-02,1.719211132007192344e-04,7.351107359925251016e-03,8.336444692571191029e-01,6.949631011229837618e-01,6.802608864031333136e-01
8.776030879768940141e-01,-2.473681360719339611e-02,1.173890963164216864e-04,4.708256891404472878e-03,6.349889620157563863e-01,4.032109818818476743e-01,3.937944680990387303e-01
8.985249381492097509e-01,3.763168964792618088e-03,2.440047266009029024e-05,2.877840193510528780e-03,7.445653668433432903e-01,5.543775855025624422e-01,5.486219051155414306e-01
9.816175964378736074e-01,-2.407317926118407447e-02,1.818682248588509816e-04,8.109384721969902995e-03,7.768464025607287882e-01,6.034903331715458785e-01,5.872715637276059164e-01
9.852326290866687541e-01,-4.075199152953662418e-02,4.595032928061422660e-06,8.297246783099050324e-03,9.033079297471529046e-01,8.159652159440873298e-01,7.993707223778891979e-01
9.715760668599118244e-01,-1.218482898741291010e-02,1.748616521613457109e-04,8.805340748542616822e-03,7.564311145351693133e-01,5.721880310369183986e-01,5.545773495398331754e-01
9.068638279027102511e-01,4.572575540653189829e-02,9.214120368918816734e-05,4.746634784448567311e-03,1.019528171630240232e+00,1.039437692747700481e+00,1.029944423178803525e+00
9.220223276485991493e-01,-1.968170110216654889e-02,2.581446042198582970e-05,3.709765671301329046e-03,7.746960592564178238e-01,6.001539842274231651e-01,5.927344528848205174e-01
9.857760733356464300e-01,6.937700019965420406e-02,1.487447120672881332e-04,9.029209602287797606e-03,1.048051363437267902e+00,1.098411660402716317e+00,1.080353241198140468e+00
9.166068906860433962e-01,-1.223691751629360502e-02,3.299820377600953971e-05,7.664827975757952661e-03,1.744004248020172065e+00,3.041550817112405714e+00,3.026221161160889572e+00
6.907392328336006138e-01,2.867355872820387397e-04,-5.247944710895871974e-06,2.347679425402471581e-03,1.036235134825266080e+00,1.073783254646337282e+00,1.069087895795532317e+00
9.660661095503141338e-01,4.144223481815256793e-03,1.502773375453283494e-05,4.759839852543604373e-03,7.848984306047251946e-01,6.160655463657606079e-01,6.065458666606734495e-01
7.460025958873197638e-01,1.229134490982719541e-03,2.077427507852028311e-05,3.412499430751943924e-03,9.941184313697976060e-01,9.882714555891470853e-01,9.814464567276431906e-01
7.933691589211757655e-01,3.833274668464281554e-03,8.616843679041324167e-06,2.507208202258184079e-03,6.235674533598350999e-01,3.888363688896701031e-01,3.838219524851537168e-01
9.960879562931282960e-01,3.686056873599574679e-03,8.178793073032597505e-05,4.876580458656409878e-03,7.005337467919392491e-01,4.907475303943529266e-01,4.809943694770401068e-01
9.399986044133761265e-01,-8.305123333018828852e-04,4.155145341177530436e-05,1.476164388759860190e-02,1.079738350522761570e+00,1.165834905589613779e+00,1.136311617814416364e+00
4.269568777805874404e-01,3.722123442698017926e-03,9.733755454458148544e-06,1.038347304354011839e-03,7.597679040345453050e-01,5.772472680010460877e-01,5.751705733923380137e-01
9.374101946780932781e-01,3.366883667212702824e-02,2.049631998884469497e-04,3.331396912590984041e-03,9.213212699748833945e-01,8.488328825081319362e-01,8.421700886829499577e-01
7.881295030763751930e-01,-2.651715620204853074e-02,1.645710276426144415e-05,3.596735945654410890e-03,1.084013081288471181e+00,1.175084360404525574e+00,1.167890888513216652e+00
9.392529993746984163e-01,-2.893189768576853727e-02,4.567272558850702871e-05,7.984386928067211189e-03,9.445923733262756583e-01,8.922547517461661970e-01,8.762859778900318197e-01
9.163292714830475472e-01,-2.034527026771707631e-02,4.703403994573921175e-05,3.742159383357954432e-03,8.127278542407485595e-01,6.605265650587714976e-01,6.530422462920555393e-01
9.925439795751747063e-01,1.826554867146707069e-03,-1.015968327341674370e-04,9.742212829040279229e-03,7.465636625057022746e-01,5.573573021739280930e-01,5.378728765158475866e-01
5.894462217393092729e-02,1.635346325510322885e-04,-1.491340547514978324e-05,6.838730630777577419e-04,1.487415165539681672e+00,2.212403874677438598e+00,2.211036128551283397e+00
1.125975236208487384e-02,4.632723085196133184e-05,-1.421638546983763901e-06,6.957104872605848181e-05,5.253499272384647867e+00,2.759925460494602589e+01,2.759911546284856954e+01
9.392715825819270004e-01,-8.332501668785075033e-03,3.589212916058697828e-05,1.136223314201797313e-02,1.671081888367085044e+00,2.792514677628502806e+00,2.769790211344467235e+00
7.899413547984290851e-03,3.551188388106751859e-04,1.585631814073107696e-05,5.831294340151404706e-05,2.752355020468690849e+00,7.575458158699208688e+00,7.575341532812405632e+00
8.971144081405979520e-03,8.887058652518042834e-05,-2.899505260978868609e-08,6.336095208595105628e-05,6.355706641475515006e+00,4.039500691249596542e+01,4.039488019059179180e+01
9.260190482068731965e-01,3.659874473055535482e-02,3.669045179831969937e-05,1.171845323123067023e-02,4.360283587557538532e+00,1.901207296392363943e+01,1.898863605746117500e+01
9.147764646517698717e-01,-1.956393038404063978e-02,3.676693490280024291e-05,1.237444736284003428e-02,1.176632292923271761e+00,1.384463552749876092e+00,1.359714658024196110e+00
9.595092640159827990e-01,-2.090912265694760963e-02,9.700222800737639487e-04,1.610059524464307196e-02,1.173410909878413344e+00,1.376893163421685884e+00,1.344691972932399615e+00
9.417739806774264588e-01,-1.157073547128817381e-02,3.919992289932772741e-04,8.926908498761732327e-03,9.024881329916999428e-01,8.144848301908442778e-01,7.966310131933207472e-01
9.326409178479503348e-01,-8.161363827831169537e-03,5.412564277566229385e-05,4.639336736753227851e-03,9.628328580141717330e-01,9.270471124717380995e-01,9.177684389982315727e-01
8.929220828697519430e-01,1.968464730527100248e-03,-2.440843225988196477e-06,2.650706519178043074e-03,7.970714727970720226e-01,6.353229327468934429e-01,6.300215197085374808e-01
9.527146444325187424e-01,2.686448558594773522e-02,-2.743764395200708954e-05,4.009634545435721530e-03,8.178709551612374229e-01,6.689128992963548903e-01,6.608936302054834178e-01
1.629330531952594141e-01,1.398007176000748419e-03,-1.927234055454363215e-06,6.825063312074775013e-04,1.958873620881333988e+00,3.837185862584748364e+00,3.835820849922333409e+00
9.930225227096352025e-01,-5.224148327053326768e-03,3.284255818243284458e-06,2.139963818486638643e-03,1.004648525095652056e+00,1.009318658976869232e+00,1.005038731339895852e+00
9.979962981210935835e-01,1.152432615357507073e-02,-1.118843400905339602e-06,3.943649817335615447e-03,7.056073369460191813e-01,4.978817139520530510e-01,4.899944143173818323e-01
2.986850522986326251e-01,7.608130658282030723e-05,-2.904729862639132102e-04,1.069749943521521897e-02,1.794824895582477930e+00,3.221396405802652740e+00,3.200001406932222459e+00
9.980757711337107096e-03,2.258534040655568731e-05,-1.495930945911859835e-06,7.768958953193308480e-05,5.876631898286781563e+00,3.453480246796170405e+01,3.453464708878263423e+01
8.672241725428628811e-01,-1.032972678337226724e-02,2.038873333582507611e-04,8.120133594634086627e-03,1.393511903169691424e+00,1.941875424275615547e+00,1.925635157086347471e+00
9.797698333755593403e-01,-2.345855225358789431e-02,2.620514073704703802e-04,7.215439608931880321e-03,9.525324819910869767e-01,9.073181292481004023e-01,8.928872500302366122e-01
6.095561965295013263e-01,-3.061932209756845769e-02,8.884844483621067324e-05,3.464943813454678025e-03,1.673809755798753018e+00,2.801639098607081380e+00,2.794709210980171665e+00
9.032601189083426796e-01,-4.477855804982758259e-02,5.138104947843392207e-04,9.505739296473292993e-03,9.109182697185699285e-01,8.297720941070733103e-01,8.107606155141267035e-01
9.975971678456178049e-01,-1.039798174367376205e-02,-1.654973890167651558e-05,5.428144714769970840e-03,6.240194080685019795e-01,3.894002216461635579e-01,3.785439322166235798e-01
5.088570113416568397e-02,3.722323946815375706e-04,-4.154749164373488596e-05,1.586773220807225675e-03,7.049098173333983475e+00,4.968978505730049733e+01,4.968661151085888861e+01
7.719428673575778888e-03,-2.435955294111114000e-05,-5.801809522057533128e-07,5.883092437567711506e-05,4.259597313093700599e+00,1.814416926971507493e+01,1.814405160786632720e+01
6.497579161429223316e-01,5.434719345842542459e-02,3.281331788319539219e-05,6.852538268428010754e-03,2.359633875627005661e+00,5.567872027006523616e+00,5.554166950469666908e+00
9.723227619391391352e-01,4.982582851656663925e-02,5.951672648482978363e-05,7.840450135935397163e-03,9.303630208489700459e-01,8.655753505632211020e-01,8.498944502913502452e-01
9.973003153739079529e-01,1.014184623914843320e-01,1.823537986994065870e-04,4.696639092611811298e-03,9.447021491830800421e-01,8.924621506711303276e-01,8.830688724859068195e-01
4.227858449689081421e-02,2.737985770974726840e-03,1.708391619216102298e-04,1.019051221810573799e-03,2.390174939256219044e+00,5.712936240248470909e+00,5.710898137804848673e+00
7.551915165206257718e-03,2.453010134413347032e-04,6.573730845005343326e-06,7.868448341241673916e-05,4.999142480371808972e+00,2.499142553905799957e+01,2.499126817009117474e+01
5.658933723832068052e-01,2.953050957491409889e-02,3.439492571622048030e-04,2.503821797879876142e-03,2.347894961029145300e+00,5.512610748026051333e+00,5.507603104430291552e+00
9.481650099367622264e-01,-1.174256944881776898e-02,-1.755178575091511026e-05,3.667690587442986108e-03,1.152247852550362328e+00,1.327675113706921373e+00,1.320339732532035404e+00
9.800446344958094747e-01,3.799480432878837854e-03,-2.130972050525622064e-04,1.012609381773064456e-02,1.576633070116612245e+00,2.485771837785334171e+00,2.465519650149872621e+00
9.551831004550057624e-01,1.072455847436776244e-02,-6.923753734689972481e-05,9.593900462253290157e-03,1.389224837837186755e+00,1.929945650063757734e+00,1.910757849139251174e+00
9.422920747918197559e-01,4.748861842217267336e-03,-2.442605484321930064e-05,2.613437218016224570e-03,1.132557180939463892e+00,1.282685768097545642e+00,1.277458893661513217e+00
9.761176631289648631e-01,7.715885319795057207e-03,8.836070708174679231e-05,1.019670225272971756e-02,1.455293321884639557e+00,2.117878652722029020e+00,2.097485248216569786e+00
1.421970012818984941e-02,1.006075601095446359e-04,1.277931969507188828e-06,1.349757416045533080e-04,7.063686907845442065e+00,4.989567273206710496e+01,4.989540278058389333e+01
1.164137710004919946e-02,2.020627930172658182e-04,1.440715831309504321e-06,9.565547468758766323e-05,5.627142580184032461e+00,3.166473361772020922e+01,3.166454230677083359e+01
5.156024256452602650e-01,7.196308767293935205e-03,3.418645147114777360e-05,1.120452775010032142e-03,1.532476841285869806e+00,2.348485269077516868e+00,2.346244363527496546e+00
9.809395508218963222e-01,-5.971800224212175934e-03,4.243910285975461345e-05,2.973910088434921460e-03,1.045889015598261418e+00,1.093883832949100521e+00,1.087936012772230843e+00
9.973323373479415777e-01,1.142288480722217225e-02,8.784156120422782527e-05,5.664224701390162785e-03,1.240783613932422869e+00,1.539543976603203967e+00,1.528215527200423418e+00
8.537885894280421439e-01,-1.802841984232039785e-02,-5.131292447650480186e-05,6.360520342093262287e-03,1.425960183823153260e+00,2.033362445848960753e+00,2.020641405164774085e+00
9.954085875519729232e-01,1.185464656295071029e-02,9.382390190534883878e-05,2.285832976231250147e-03,6.933288860680607568e-01,4.807049442563779418e-01,4.761332783039154970e-01
9.981572849825162130e-01,6.361309009169438533e-03,3.394779172517926435e-05,3.202043118352411542e-03,7.967387723615548811e-01,6.347926713841974822e-01,6.283885851474926287e-01
9.217142508763699338e-01,5.922125213748408168e-03,-7.873539102057436974e-05,8.240789568994462758e-03,8.258440360474267328e-01,6.820183718751033908e-01,6.655367927371145242e-01
8.919585429745348071e-01,7.754073098726393942e-02,3.399678883716447946e-04,6.642757000397630715e-03,1.301545729072719038e+00,1.694021284867435861e+00,1.680735770866640610e+00
8.997553274172509497e-03,3.122886961830495522e-04,8.909600047727948651e-06,1.018313856848767712e-04,5.431259357924593800e+00,2.949857821304346928e+01,2.949837455027209998e+01
6.729916974203775659e-03,1.674616969262743282e-04,3.590119929341994975e-06,3.123263695670175366e-05,4.507716435767581409e+00,2.031950746528918472e+01,2.031944500001527132e+01
8.773124984581295305e-01,-2.137769709518461125e-02,5.101923319578494705e-04,4.991163908155759645e-03,1.294064788955081591e+00,1.674603678013359742e+00,1.664621350197048377e+00
9.146726897802833767e-01,-8.450821061019284097e-03,1.687392812529530273e-04,6.775128173790319862e-03,9.433232279587271396e-01,8.898587124064726295e-01,8.763084560588919603e-01
9.889565785969020029e-01,-3.703103238260549435e-02,-1.735727034882939289e-05,7.321810035786170678e-03,9.593505886540919514e-01,9.203535519509528084e-01,9.057099318793804255e-01
6.571635598189835559e-01,1.143246404808098693e-02,-4.958351813069426296e-05,6.294143992276982243e-03,8.389823940484755216e-01,7.038914575233115034e-01,6.913031695387574782e-01
6.256766692841799760e-01,1.438519293411109901e-02,9.188055641482950240e-05,4.037863295571893392e-03,1.127678324691886447e+00,1.271658403979899488e+00,1.263582677388755737e+00
6.893023473273868218e-01,1.998332039255229509e-03,1.364816567725200055e-04,2.699547685863639378e-03,1.338575559869358722e+00,1.791784529479567345e+00,1.786385434107840009e+00
9.753693546216427590e-01,1.469892339569955908e-03,-4.298611341639210038e-05,5.117254730020485802e-03,1.074027472886501355e+00,1.153535012514964597e+00,1.143300503054923478e+00
8.029611873150552803e-01,1.932477050038133859e-02,9.328513149882646145e-05,5.931540076945557467e-03,9.364623736130340825e-01,8.769617771929577588e-01,8.650986970390666109e-01
8.009902382045160918e-01,-4.890728585065901024e-02,1.689691807407084118e-04,2.890343291212027228e-03,6.030535749691686709e-01,3.636736142830946927e-01,3.578929277006706600e-01
7.416168194330023944e-01,-1.033738215732631083e-02,9.052574261408571492e-06,4.291421623052866369e-03,1.223549514786628656e+00,1.497073415134594354e+00,1.488490571888488878e+00
9.721836823271949868e-01,1.675518787036045509e-02,5.556241204126530523e-04,8.216759380455521816e-03,1.386326017865531668e+00,1.921899827810902295e+00,1.905466309049991036e+00
9.976513707604377501e-01,3.424329721864668996e-03,1.488767409006672767e-04,5.797595400977600087e-03,8.038903224057509789e-01,6.462396504576223277e-01,6.346444596556670703e-01
9.797275559133787892e-01,1.776419342199136997e-02,8.103045433703201462e-05,1.064646744207577503e-02,1.032856278048496002e+00,1.066792091104191931e+00,1.045499156220040415e+00
9.831931564949546454e-01,-5.660218341643644818e-02,2.482410562658744031e-04,4.621448967686504067e-03,9.390368397702336667e-01,8.817901864456674232e-01,8.725472885102943943e-01
9.300170563382590405e-01,-6.410714283878471420e-02,-3.750494389229911806e-04,4.482692288580449741e-02,2.474160337652728803e+00,6.121469376413863905e+00,6.031815530642255396e+00
5.082379377330126236e-02,-2.142250395730793677e-04,1.046849476686371662e-05,2.160060624688148483e-04,8.489589062143896303e-01,7.207312244407328983e-01,7.202992123157953008e-01
9.761788315025524687e-01,6.718887546887350459e-02,3.446676626101559241e-04,1.816235255027525905e-02,1.296995579602247650e+00,1.682197533507770126e+00,1.645872828407219712e+00
8.062211280309947714e-01,1.870157389922565139e-02,-9.495203396351554448e-07,2.622009298652808011e-03,9.750547974010472796e-01,9.507318579347973087e-01,9.454878393374916978e-01
7.751094893893757387e-01,2.873570051767693201e-03,3.055637134396690517e-05,3.280488023458042607e-03,1.010444815628437132e+00,1.020998725430386278e+00,1.014437749383469978e+00
9.547849037712232700e-01,3.253161348506511397e-02,8.875343976935127414e-05,4.054817496136986152e-03,8.659016149876713753e-01,7.497856068382575678e-01,7.416759718459836614e-01
2.396055287472897977e-01,2.621565214987464643e-03,-6.617606162128751666e-04,2.305598820551164191e-02,3.673014259951813631e+00,1.349103375380937031e+01,1.344492177739834915e+01
1.690778097711365113e-02,-1.814829825712016564e-04,9.128463972174125303e-07,8.795822948340806615e-05,3.789933765570017599e+00,1.436359794740773310e+01,1.436342203094876702e+01
9.673368050849040500e-01,-9.480558754580331593e-02,3.605029034511140085e-04,1.670787749582282669e-02,2.173595448057400681e+00,4.724517171815852734e+00,4.691101416824207782e+00
9.780145073168077241e-01,-5.727769619707823168e-02,1.343284446006835558e-03,9.759383181200627366e-03,1.197223743266360163e+00,1.433344691440715524e+00,1.413825925078314061e+00
9.680298476994103618e-01,-1.614440527367838607e-03,7.378486765561728612e-05,5.786304228005152879e-03,7.942534151735030079e-01,6.308384875147728943e-01,6.192658790587626250e-01
8.529410401371426698e-01,4.015605270447059061e-03,-1.558495896044423412e-04,7.632630087330041259e-03,1.459014582173300267e+00,2.128723550994329639e+00,2.113458290819669738e+00
8.831139449511860029e-03,5.331356173718382330e-05,-3.071135243463033591e-07,6.481025453171228746e-05,1.653712024699458771e+00,2.734763460635583066e+00,2.734633840126519999e+00
6.399846360193750527e-03,-2.627709610569795018e-06,5.557805710994458745e-07,3.872102780346703882e-05,4.590463274811781957e+00,2.107235307739571084e+01,2.107227563534010528e+01
5.223901568719728772e-01,-3.846508535649828531e-04,-3.613284935261567031e-05,6.954676861092029191e-03,2.068869101438925107e+00,4.280219358888706083e+00,4.266310005166522146e+00
9.886288955356407060e-01,-3.456921437563938160e-02,9.899945517941654356e-05,5.599346768318269087e-03,8.324987893420641161e-01,6.930542342560024327e-01,6.818555407193658269e-01
9.874409757727858894e-01,-5.294784036751267256e-03,7.426975628413619041e-05,6.578134456470900379e-03,1.063201398904702666e+00,1.130397214632916869e+00,1.117240945719975231e+00
8.628148063869678364e-02,3.757262407176886754e-04,-2.770033077332239034e-05,1.333063986880661392e-03,2.051636857901132593e+00,4.209213796698432652e+00,4.206547668724671674e+00
5.327238663122146889e-02,8.211068196821436072e-04,2.505394738173736567e-05,4.427058344463769024e-04,2.354322437453812977e+00,5.542834139498462598e+00,5.541948727829569599e+00
9.312252825396666323e-01,-2.429714456302745074e-03,4.520171608417627388e-04,1.256445668698912693e-02,1.684815125178698914e+00,2.838602006030915170e+00,2.813473092656936903e+00
9.268312179094112535e-01,6.918761073924195593e-03,-3.915836135735279989e-05,9.359557885711503392e-03,8.460569126337343926e-01,7.158122994153264251e-01,6.970931836439034912e-01
9.905856731206332810e-01,-4.538685698667221935e-02,6.376784906598460887e-05,8.646306134999106816e-03,9.104026577058915715e-01,8.288329991579508338e-01,8.115403868879527138e-01
9.076369219257515164e-01,-1.082424478551366476e-02,-7.588007096155154768e-05,6.537900162045648736e-03,1.205191464053675388e+00,1.452486465027841733e+00,1.439410664703750564e+00
9.768589041123649785e-01,-3.179494325235565633e-03,3.490346372349340291e-05,3.985702776297047299e-03,1.128290421048018466e+00,1.273039274228714879e+00,1.265067868676120755e+00
9.976227933580283924e-01,-1.474556460729836704e-02,-4.856511096790463110e-05,3.101354102030137554e-03,4.531429616441479680e-01,2.053385436876297709e-01,1.991358354835695010e-01
9.803280652215887736e-01,-5.045371053436220610e-02,5.999527038660285838e-06,9.994085006351302938e-03,9.915273290863738653e-01,9.831264443251583884e-01,9.631382743124557999e-01
9.664478061368932948e-01,-1.977869757290630012e-02,-3.802604595120988307e-05,7.804322359014901830e-03,1.108186015018661763e+00,1.228076243882941787e+00,1.212467599164912091e+00
9.969757149030812338e-01,9.156950740138947165e-03,-4.924382552401104367e-05,9.014148808442309230e-03,9.803135505421954887e-01,9.610146573766455980e-01,9.429863597597610836e-01
9.977687153417236221e-01,8.273507441966060361e-03,6.766918303455126608e-05,1.168770203043981333e-02,7.447005179992870483e-01,5.545788615084065176e-01,5.312034574475268389e-01
9.813714943467498619e-01,9.633615884536095297e-03,3.318562102309316779e-04,9.147719361387338793e-03,9.141843356131980070e-01,8.357329994805442475e-01,8.174375607577695213e-01
9.749306357309933668e-01,1.129488963930230794e-02,1.634925971671900998e-04,6.642224410512766533e-03,7.800525189371376733e-01,6.084819323001735558e-01,5.951974834791480262e-01
9.522865344132661614e-01,-5.417844160329587933e-03,-8.084124487148504844e-05,5.531627470527131045e-03,9.983229358393482800e-01,9.966486842228955423e-01,9.855854292818413409e-01
9.878235978897415004e-01,1.446852632037126662e-02,-3.552217027087196970e-05,5.005613761191749292e-03,8.153756029683304485e-01,6.648373739159684215e-01,6.548261463935848292e-01
9.596642632819414320e-01,-1.388002822574725681e-02,-1.963092422160404719e-04,1.131393553151994677e-02,1.069114184505871590e+00,1.143005139511654722e+00,1.120377268448615071e+00
9.934746335447127707e-01,1.027618284089344552e-01,7.950988108756223136e-05,9.039869591162881524e-03,8.448927332756075437e-01,7.138437307419268629e-01,6.957639915596011138e-01
2.650718555383690944e-02,-6.065066328767021453e-05,4.741568116490989545e-07,1.655438248808187448e-04,1.138136807258449457e+00,1.295355392036456887e+00,1.295024304386695135e+00
8.233306126733591634e-01,2.942571884125583237e-02,7.973865864243574503e-05,1.275612594135831085e-02,1.125970858270790131e+00,1.267810373675059665e+00,1.242298121792343002e+00
9.914352166186326532e-01,4.162482003990514157e-02,4.157918799411849031e-04,6.697193159004456026e-03,8.505298059592547588e-01,7.234009508250875964e-01,7.100065645070787745e-01
3.536338863979334723e-01,8.196610738201201563e-03,1.067244688719231699e-04,2.870695015106304159e-03,8.913897046583829642e-01,7.945756055709591870e-01,7.888342155407466194e-01
1.242771479922840649e-01,4.639360725578356437e-03,1.656246603181303257e-05,5.144773692836787995e-03,1.110012462359256213e+00,1.232127666592859105e+00,1.221838119207185436e+00
3.446654672652482709e-03,3.621180478369234734e-05,3.647304426937951178e-08,1.829808716001121323e-05,2.915046718098716738e+00,8.497497368698098796e+00,8.497460772523780292e+00
5.114157771657819040e-01,-3.616014423110243403e-02,5.848020836395566275e-05,6.279935543096590647e-03,1.812401334257885299e+00,3.284798596419763239e+00,3.272238725333569853e+00
9.973258160428694064e-01,-1.799793798545618398e-02,7.773828162406974738e-05,3.981935961023345787e-03,8.392717513082836867e-01,7.043770725440735569e-01,6.964132006220268289e-01
1.316098296730801032e-01,1.234454997271622334e-04,-2.268661281014607535e-05,1.285475162868492897e-03,8.954894558453841968e-01,8.019013655302623667e-01,7.993304152045254130e-01
1.819280142941415157e-02,3.867406807501446234e-04,-1.691666829327712063e-06,3.875518166490000277e-04,1.847206946998166899e+00,3.412173505038288646e+00,3.411398401404991176e+00
2.747821404161632231e-03,1.618180671336677534e-05,-1.225324687306470521e-07,1.014342139360827145e-05,2.506207529801038003e+00,6.281076182431421628e+00,6.281055895588634641e+00
9.121033096062468593e-01,-1.513249444617371930e-03,4.923080547453632754e-05,6.724459405861689214e-03,1.260784156563926617e+00,1.589576689442611990e+00,1.576127770630888936e+00
9.089681729647827169e-01,-1.248512582081223732e-03,-5.311731045390847775e-05,6.061480464860023905e-03,9.241541041600810358e-01,8.540608082359220088e-01,8.419378473062020252e-01
9.820159470480064323e-01,3.506891984753734981e-03,5.360803630577103910e-04,1.088102430911178781e-02,8.363119841404258459e-01,6.994177348168959529e-01,6.776556861986724467e-01
9.971635473227040691e-01,-5.267233890124956019e-03,3.390477306767879359e-05,5.594906293502471643e-03,8.923677931373669159e-01,7.963202782288544279e-01,7.851304656418495176e-01
9.705467062969849179e-01,-4.048117690452630868e-02,-8.331643525973137399e-05,9.946264671461549356e-03,1.531830239543895633e+00,2.346503882781108441e+00,2.326611353438185148e+00
8.172755322268723255e-01,1.567510676141400938e-02,4.239063431846660726e-05,4.008830323868529770e-03,9.439867537762198779e-01,8.911109913049655162e-01,8.830933306572285035e-01
9.581167168320634531e-01,-2.562820135967761037e-02,3.924522339473813268e-04,1.202623753384887174e-02,1.028715003795630523e+00,1.058254559034244258e+00,1.034202083966546448e+00
9.745207260894168666e-01,1.125675450469554306e-02,5.335926007119231770e-06,6.556441339548060333e-03,1.080019951893690155e+00,1.166443096488448905e+00,1.153330213809352855e+00
9.974400593140961835e-01,2.996808005041819156e-02,5.000358797120652167e-05,7.970235306471493142e-03,1.081673414843610681e+00,1.170017376379437923e+00,1.154076905766495020e+00
5.453342769990930927e-01,4.105783147426218804e-02,4.487533948311540769e-04,4.611326341013780722e-02,1.839668723412068774e+00,3.384381011900591041e+00,3.292154485080315940e+00
2.390191174195033241e-03,3.028575902408459086e-05,1.563407595785204948e-07,1.344327200434744125e-05,2.841231303212728321e+00,8.072595318355899607e+00,8.072568431811891543e+00
9.506289031698734737e-01,-1.290153220997908301e-02,-1.199539240657230643e-04,8.631663951787164196e-03,2.014582759525384237e+00,4.058543694976912697e+00,4.041280367073338375e+00
9.698271494969623596e-01,5.609061292058514780e-03,-4.579273698584083535e-05,9.908523755675238340e-03,1.354712154919630818e+00,1.835245022686989635e+00,1.815427975175639030e+00
6.026072573101854957e-01,4.552275625960500172e-03,-2.521496105186955090e-04,1.258221002422690513e-02,2.403467246064452389e+00,5.776654802904642949e+00,5.751490382856188965e+00
2.652039582776155591e-03,1.175399149389022568e-05,-3.714915795771297999e-08,2.908997708982130300e-05,2.042277843526847381e+00,4.170898790160669556e+00,4.170840610206489885e+00
1.471024324664949035e-03,-5.597977524307573560e-06,-5.303547767262960584e-08,6.667436313164436847e-06,1.889646258150804448e+00,3.570762980943336995e+00,3.570749646070710881e+00
9.751741259854033173e-01,-9.847716236091597075e-03,-4.411020294115714040e-07,1.185536709233876197e-02,2.698967232768998414e+00,7.284424123560745201e+00,7.260713389376067362e+00
9.531040953406715310e-01,-1.522396225387528945e-02,1.636538819841525550e-04,4.775420685480965231e-03,1.161430329210505263e+00,1.348920409610022686e+00,1.339369568239060726e+00
5.544826630624768438e-01,-1.099379037431438139e-02,-4.703468136970915441e-04,2.200252636759206237e-02,2.834343106987751160e+00,8.033500848128978689e+00,7.989495795393795063e+00
7.485546809802845480e-03,5.854803895349869336e-05,-6.330954036284292796e-07,4.770963777286829004e-05,3.620016392431560703e+00,1.310451868147321086e+01,1.310442326219766507e+01
9.433806531263531081e-01,1.393820714092053326e-03,3.130181677689135116e-05,1.013897632537898337e-02,1.199947067411481383e+00,1.439872964589414384e+00,1.419595011938656448e+00
9.322542945096764511e-01,7.508548415688449246e-03,5.513132781879975927e-05,7.261193617318099404e-03,1.068261171657833408e+00,1.141181930871767225e+00,1.126659543637130945e+00
9.982325308475648029e-01,-4.699421989016608348e-02,-7.807035379347298241e-05,7.069679436459856692e-03,9.824945821695678649e-01,9.652956039925536524e-01,9.511562451196340362e-01
9.569807158779677358e-01,-4.851294165298142280e-03,-3.169657442217153399e-04,1.563734505247141304e-02,2.079690449438776234e+00,4.325112365486858401e+00,4.293837675381915631e+00
1.396339562399462331e-02,2.769114666228977839e-05,-1.364211575296823169e-06,6.583457706947044928e-05,4.324966944434353699e+00,1.870533907044982769e+01,1.870520740129568793e+01
9.698943063306040280e-01,-4.740147419065797452e-02,2.037530284403402036e-05,9.892754590695673061e-03,9.895010824745408273e-01,9.791123922182880523e-01,9.593268830368968381e-01
3.717463031746168767e-01,3.610117201153402455e-03,3.102759566968360926e-06,2.184552361984644277e-03,1.747147685867940670e+00,3.052525036233700195e+00,3.048155931509730632e+00
9.292396068187140923e-01,5.197268654490827533e-03,1.242967059136192295e-04,3.709830340839613810e-03,1.016962727366369945e+00,1.034213188852445731e+00,1.026793528170766301e+00
9.701277963414558503e-01,-1.030596756875962194e-02,-1.573856281559224716e-04,1.444441508199833732e-02,1.651133493153025933e+00,2.726241812211713800e+00,2.697352982047717340e+00
1.463053604388592221e-01,1.420554033606724609e-02,-7.464418767103467669e-05,3.500473292150339984e-03,6.807852013512571965e+00,4.634684903788718202e+01,4.633984809130288340e+01
7.020941188039110381e-01,6.728826395502807145e-02,3.414651770466865539e-03,4.171846329284831928e-02,4.582529040277008470e+00,2.099957240498211775e+01,2.091613547839641996e+01
8.749922062501302999e-02,-5.317891608956282212e-02,1.715381356139839469e-05,1.562072924080149710e-03,5.181025638534232591e+00,2.684302666714905072e+01,2.683990252130088905e+01
9.830943555818956181e-01,4.439738587962716032e-02,1.392325496252090177e-04,8.381581288912212657e-03,1.254735225557073397e+00,1.574360486253760127e+00,1.557597323675935730e+00
9.824942444040798417e-01,-4.660831830821615673e-02,5.122744123060717525e-05,5.900335046495496297e-03,1.392932600743888916e+00,1.940261230215134081e+00,1.928460560122142953e+00
9.623755978124116650e-01,-2.276462917720412094e-02,-3.814376969052939446e-05,8.640606860262417185e-03,1.971490600170865637e+00,3.886775186562079654e+00,3.869493972841555163e+00
8.977326594319225972e-01,2.142261118135618814e-03,-8.771212829667400122e-05,8.832060825187231998e-03,1.266992409376779927e+00,1.605269765418378070e+00,1.587605643768003505e+00
9.823828916271252210e-01,1.293313037765198015e-03,-5.605809039644163856e-05,1.662224556191105665e-02,1.513303417456368871e+00,2.290087233285125201e+00,2.256842742161302873e+00
8.640131799006727231e-01,3.319849783578315838e-02,1.410140241928249542e-05,7.327700744448021816e-03,1.397595915962099200e+00,1.953274344313939093e+00,1.938618942825043101e+00
9.887708554397985905e-01,-9.303460177226194339e-02,3.243507390321313322e-04,2.543011741277546520e-02,2.230632914703416514e+00,4.975723200158260084e+00,4.924862965332708953e+00
9.429260783894519715e-01,-3.940833633790707946e-02,-1.450747279003722964e-03,7.291957126350599727e-02,4.012975906198298581e+00,1.610397562372805425e+01,1.595813648120104489e+01
3.301420616919573670e-01,-9.575332802602520843e-02,5.230121037410785526e-04,6.518590709368647478e-03,2.476668035636459209e+00,6.133884558743356585e+00,6.120847377324619920e+00
9.826410295073679801e-01,2.701469124506562791e-02,9.227591267255679590e-06,1.270602959261840810e-02,1.427212452777199436e+00,2.036935385362309781e+00,2.011523326177073301e+00
8.708946030549788997e-01,-6.276665829710953437e-03,3.836769455739931327e-04,1.345438284994922296e-02,1.377318868130916085e+00,1.897007264509427582e+00,1.870098498809529053e+00
7.780645564378858570e-01,3.921909086126412758e-02,1.710729645185991084e-04,1.315147238056610206e-02,2.099093495020528888e+00,4.406193500837499499e+00,4.379890556076366792e+00
7.829173306435402990e-01,-3.446601902000436674e-02,-2.228705694823795058e-04,1.258611295253346703e-02,1.443471197504000880e+00,2.083609098023634587e+00,2.058436872118567518e+00
9.402682934914228241e-01,2.344067063182303512e-02,3.742061162079112525e-06,3.357824316073368572e-03,8.028341691305271866e-01,6.445427031235039239e-01,6.378270544913572371e-01
6.857061611253243427e-01,-2.163029548943662395e-02,1.378608139469872688e-05,3.240366010138092789e-03,1.128924896232366137e+00,1.274471421333258858e+00,1.267990689312982422e+00
6.596366098226300601e-01,2.133693777603529185e-02,-3.055433900673650032e-05,1.543629944203301664e-02,2.243959239354035518e+00,5.035353067882341271e+00,5.004480468998275811e+00
2.312457742868745392e-02,3.801895531653221028e-04,3.710165653574150156e-06,1.899541629347868828e-04,1.399615084962417821e+00,1.958922386054356091e+00,1.958542477728486553e+00
8.913497309731930329e-01,1.660993517685033227e-02,-8.145222659479288185e-06,7.873636799069178710e-03,1.204490854486372164e+00,1.450798218541310858e+00,1.435050944943172535e+00
6.684327190011745135e-01,6.676955587541673343e-03,-1.367437600887702598e-04,6.560803327989144992e-03,9.388621619822450359e-01,8.814621592019753482e-01,8.683405525459970686e-01
9.256662482218580568e-01,1.359210800144694010e-03,-1.465149250954598819e-05,4.068616955225625754e-03,8.888032700102116435e-01,7.899712527808452345e-01,7.818340188703940541e-01
9.939000887898564729e-01,-1.651096276068839130e-03,-2.012798800181873381e-05,5.675191820585004029e-03,8.607237907177197611e-01,7.408454439074809716e-01,7.294950602663109462e-01
9.497495252351254580e-01,-9.671452506764238732e-03,3.374900006077122543e-04,6.721764985069009733e-03,1.224357256123559390e+00,1.499050690622411475e+00,1.485607160652273384e+00
9.791973094682500101e-01,4.400236854131484021e-02,-5.758897469072687015e-05,1.244646094132657692e-02,1.570697828899533466e+00,2.467091669709708057e+00,2.442198747827054817e+00
3.243864591066136782e-02,1.186295024844241652e-04,2.397420600858661746e-07,1.163633754532949566e-04,1.051401117018114784e+00,1.105444308866939451e+00,1.105211582116033098e+00
9.299569254952619879e-01,-6.324927484938319688e-03,7.345916374504055483e-06,7.574745944266567631e-03,9.920145352823562801e-01,9.840928382114693118e-01,9.689433463229362165e-01
6.996613793720291019e-01,1.290449368561558813e-02,1.790532078802849412e-05,6.709153202412184921e-03,1.598594254001207249e+00,2.555503588925676084e+00,2.542085282520851308e+00
9.943600377396647483e-01,-6.627330316729740378e-03,6.449388269640222548e-05,3.156348391778542126e-03,7.989887010443258442e-01,6.383829443964991190e-01,6.320702476129420599e-01
9.979400376820266594e-01,1.964766621744418185e-02,3.899841423451026089e-05,3.699948566585713455e-03,7.461072598324748339e-01,5.566760431747240778e-01,5.492761460415527264e-01
9.957026525142149698e-01,4.346454422004425791e-03,-1.257496943632271859e-04,1.208279532393900790e-02,9.982499059953864329e-01,9.965028748197979347e-01,9.723372841719198911e-01
1.583301251801227938e-02,1.078141226809048447e-04,-1.774612385700478515e-06,1.091508072474862062e-04,3.934779715856786986e+00,1.548249141231801751e+01,1.548227311070352208e+01
8.737148931408138530e-01,1.657014787458807592e-02,-1.111476235513177186e-05,4.258100114034464936e-03,1.012756809816041992e+00,1.025676355828766484e+00,1.017160155600697502e+00
5.004031336280327924e-01,-1.914293203233410900e-02,-3.250804737556502676e-05,2.467040761259506158e-03,1.301835336531953047e+00,1.694775243443263468e+00,1.689841161920744295e+00
9.336157595394931619e-01,1.293706333101186934e-02,1.284737644498903941e-04,9.606224583012320725e-03,9.704575577748758564e-01,9.417878714423765230e-01,9.225754222763519197e-01
9.315462665831957256e-01,-4.070288537040855914e-02,7.674028004480621442e-04,6.748109705343237341e-03,1.087760611516429998e+00,1.183223147966597555e+00,1.169726928555911316e+00
9.794045305719925043e-01,1.080367444064946059e-02,6.537791530041015247e-05,4.551972432682697446e-03,7.649225864365147842e-01,5.851065632407274064e-01,5.760026183753619300e-01
8.564927139204525641e-02,2.177786989228991388e-03,3.325797849705915946e-05,9.100687938218384376e-04,3.008877562107220349e+00,9.053344183752288998e+00,9.051524046164644233e+00
8.039433270885836258e-01,2.298979961717285275e-03,-1.379056438180671758e-05,2.032953126578170358e-03,6.985207257763399458e-01,4.879312043391046960e-01,4.838652980859484143e-01
9.815855015325636312e-01,-3.532274681717351150e-03,2.212183900212623112e-05,5.464665183559874392e-03,8.581396599354434995e-01,7.364036759541187083e-01,7.254743455869988589e-01
8.543340003325202714e-01,-1.358787246362452850e-02,-4.481593224620945864e-05,6.396648068184138461e-03,1.879494839559100017e+00,3.532500851929286867e+00,3.519707555792918718e+00
9.566647980296415499e-01,1.170057242399109854e-02,-1.236309293206571921e-05,4.656377530520505736e-03,1.012641758628695321e+00,1.025443331318616869e+00,1.016130576257575857e+00
9.704589366933737971e-01,-3.041103451688442760e-02,7.598185122932140842e-05,4.083507311388670166e-03,8.167298350808923635e-01,6.670476235112616781e-01,6.588806088884843204e-01
9.784460455653306576e-01,1.952518853518457609e-02,8.980593143442682549e-06,6.342293039572982627e-03,8.417434837431756467e-01,7.085320924240978702e-01,6.958475063449519604e-01
4.944478543211333621e-01,8.422210530102169912e-03,-1.389813581542879821e-04,9.161082941193020301e-03,2.588228869222815032e+00,6.698928679478411752e+00,6.680606513596025309e+00
1.790648474738865126e-02,-1.067172489919443468e-04,4.353209722529392203e-07,6.524414951538106094e-05,2.413268883843631585e+00,5.823866705727887449e+00,5.823736217428856499e+00
8.681018708311845078e-01,-4.114389124982101298e-02,-2.315104950366543272e-07,9.889867342250653268e-03,1.116788954866672290e+00,1.247217569712194107e+00,1.227437835027692881e+00
9.879335863087794767e-01,-7.821179690879698221e-02,6.455579770872435248e-04,1.415789625611481826e-02,1.431342589786026798e+00,2.048741609335370306e+00,2.020425816823140597e+00
9.040065980632467912e-01,-4.509022090907360836e-02,6.625003442683122929e-05,3.377199292057440298e-03,8.460840853152897800e-01,7.158582794238105285e-01,7.091038808396956661e-01
9.788115679296558458e-01,-3.314560843460823136e-03,-7.996019710520122002e-05,8.267953668768857761e-03,8.728386448987907054e-01,7.618473000287572239e-01,7.453113926912194875e-01
8.705463058182379976e-01,-3.999702246366214353e-02,8.321845206949658497e-05,6.951544071290165216e-03,8.009653699109280378e-01,6.415455237965497215e-01,6.276424356539693772e-01
1.236962348469197170e-01,2.005012112792137202e-03,-1.145784643321529544e-05,1.978149876918044482e-03,3.536925551232731113e+00,1.250984235496295938e+01,1.250588605520912289e+01
1.700635982248810407e-02,2.026327761638080371e-04,1.184680957337065242e-06,8.413645934312794211e-05,3.989212819075653282e+00,1.591381891587752229e+01,1.591365064295883514e+01
7.271727970314013634e-01,-1.490069914572023091e-02,2.351710698799530359e-04,6.677141912948397588e-03,1.312373171497423163e+00,1.722323341266204899e+00,1.708969057440308026e+00
8.921274850758804664e-01,2.652949395762616014e-02,-8.742002512639135100e-05,1.325788020860317606e-02,1.703267586232102504e+00,2.901120470308932831e+00,2.874604709891726451e+00
6.413968261027447326e-02,5.752971324128886010e-04,-6.113087687179445501e-06,6.429250127664297605e-04,3.800948627591636875e+00,1.444721046959074862e+01,1.444592461956521490e+01
2.441618112067434065e-02,1.691848645555271702e-04,-6.899195390183598578e-07,1.044022982285760923e-04,3.597770283904694999e+00,1.294395101574767004e+01,1.294374221115121237e+01
9.559899686860158230e-01,-1.603327100243678860e-02,-3.070235499965012142e-04,2.836702146669771787e-02,1.362780885733845038e+00,1.857171742521523283e+00,1.800437699588127716e+00
8.585856840492536168e-01,3.831754403642556595e-03,-1.629458993009244246e-04,6.596363895876188391e-03,1.322853875394820022e+00,1.749942375647093762e+00,1.736749647855341472e+00
8.385897709613163720e-01,3.789047039193860211e-03,-1.300948450800148688e-04,5.672709589127506065e-03,1.197569560560479696e+00,1.434172852381020435e+00,1.422827433202765501e+00
9.408987668229288337e-01,1.311090988100166443e-02,2.498148350298593968e-05,6.480410240073905884e-03,1.127237243090310592e+00,1.270663802209844206e+00,1.257702981729696301e+00
9.375882542946681886e-01,5.323128905936953120e-02,1.885580206837763262e-04,7.061516096970883033e-03,1.058030148786388791e+00,1.119427795740948195e+00,1.105304763547006353e+00
8.470468429902748841e-01,2.266629814836390588e-02,-8.409946690373935725e-06,4.308761284705137432e-03,1.147220131356748718e+00,1.316114029790195872e+00,1.307496507220785587e+00
9.755938225389093610e-01,-2.291551857065525499e-05,9.831329078708506326e-05,5.770600952090858271e-03,8.244709561129844877e-01,6.797523574738588703e-01,6.682111555696771399e-01
9.885808477206651235e-01,8.469753985402273672e-03,1.024043148886063912e-04,6.733746617052402753e-03,7.547542684972761151e-01,5.696540058148583663e-01,5.561865125807534671e-01
9.887246620753264992e-01,-1.665639618704334302e-03,-9.624613815207691596e-06,2.299925852301877051e-03,7.867567960277463968e-01,6.189862560958449000e-01,6.143864043912411477e-01
9.979717826668409453e-01,-9.813494716692661157e-02,2.697802296202053999e-04,6.541611922201821111e-03,9.043208483553752952e-01,8.177961967701857793e-01,8.047129729257821440e-01
1.310341214614463290e-02,2.587729830267893050e-04,-2.445472145931335654e-08,2.145021021672136952e-04,3.335673410151346552e+00,1.112671709919071361e+01,1.112628809498637850e+01
1.522012940235240031e-03,4.726491703799240440e-06,1.717422407871767426e-08,7.243543433252666205e-06,2.001235705570287404e+00,4.004944349249405455e+00,4.004929862162539322e+00
9.502025039743206003e-01,-3.696366241480841808e-03,2.857386096516602512e-05,5.785810874478101648e-03,1.342963126982069433e+00,1.803549960433457722e+00,1.791978338684501626e+00
8.924434846843278812e-01,-4.990582864986103928e-03,6.639324343365825067e-06,9.209449259316932271e-03,9.758564848950660453e-01,9.522958791117541733e-01,9.338769805931202983e-01
4.827102362364377175e-02,-4.273917520940528902e-04,-1.276059279229071480e-05,6.768105895674530375e-04,2.954093148476041986e+00,8.726666329873093986e+00,8.725312708693959252e+00
5.561636009942749759e-03,-4.156213197634150980e-05,-9.610666622384930887e-08,2.307209647915831996e-05,3.333285392389929935e+00,1.111079150712008889e+01,1.111074536292712978e+01
5.185369966261124119e-01,8.914204202923881049e-04,-5.314637569164837316e-05,2.876992870668226843e-03,1.104278478074919079e+00,1.219430957139459482e+00,1.213676971398123028e+00
8.815916131406855705e-01,1.285293561308700760e-03,-3.036111610744425250e-05,3.998959010608768919e-03,1.110415271968206996e+00,1.233022076220227303e+00,1.225024158199009783e+00
6.969561359389786492e-02,1.814033661171610134e-04,-4.774491342435775499e-06,3.828210448148355849e-04,1.890441961960314554e+00,3.573770811540363024e+00,3.573005169450733209e+00
5.389752835425503097e-01,6.529916104173805191e-03,1.446072447124931042e-05,2.399156913806160460e-03,1.045556800737216685e+00,1.093189023567843643e+00,1.088390709740231221e+00
9.813114269448801608e-01,2.564678675125553475e-03,-3.555099454474652180e-05,7.927446279080345090e-03,1.121247826763982935e+00,1.257196689022954672e+00,1.241341796464793923e+00
8.243053141869927103e-01,8.163197577790159976e-04,-4.079785474638758985e-05,7.581319005155928194e-03,9.324641303152427785e-01,8.694893543245619805e-01,8.543267163142501674e-01
3.883204807040396833e-02,1.856981238937033263e-02,1.327836386326218178e-05,4.306681354234337422e-04,1.712305343125088308e+00,2.931989588094726429e+00,2.931128251823879705e+00
9.956583932713756191e-01,-1.258324881081315794e-02,-1.087369559956070014e-04,1.213916856536805672e-02,1.029355210417732813e+00,1.059572149214134784e+00,1.035293812083398546e+00
6.024417478892359901e-01,-1.457766906764457193e-02,-3.187541250187587234e-04,1.903197444119204482e-02,1.102599062284049580e+00,1.215724692149665609e+00,1.177660743267281651e+00
9.488733414341581351e-01,-1.031490924925421160e-02,-2.698322831479001605e-04,1.391576162769024051e-02,1.466436996464188347e+00,2.150437464598909720e+00,2.122605941343528979e+00
9.478111961186939105e-01,-1.122470720231388830e-02,9.586857306444969179e-05,8.087456097821556222e-03,1.022776202879519758e+00,1.046071161176648667e+00,1.029896248981005513e+00
9.624559253712439144e-01,-5.394197564185757021e-03,-3.867857363768113657e-05,7.987970356307690437e-03,1.298740171560923029e+00,1.686726033226095822e+00,1.670750092513480611e+00
9.857989958143469345e-01,3.718326947225290835e-02,1.117718271437340948e-05,6.673280795753521420e-03,8.155416207882323354e-01,6.651081352378969136e-01,6.517615736463898690e-01
9.592821010803429527e-01,2.611177951911483608e-02,1.119473654395641523e-05,2.874568159707019833e-03,1.213901856488012410e+00,1.473557717185043137e+00,1.467808580865628931e+00
9.411213481637847877e-01,1.724372861073553143e-02,1.264347563630775328e-04,4.839741888261654169e-03,9.749258822095123733e-01,9.504804758019959054e-01,9.408009920254726266e-01
5.843246893035267675e-01,2.655015811647842838e-03,-5.672182251572192201e-05,2.711618886658846445e-03,1.131774310907619707e+00,1.280913090830417378e+00,1.275489853057099721e+00
9.584511588677389060e-01,-1.339773252358604505e-02,6.327031819518503998e-05,4.731271299471218224e-03,6.569321539093596618e-01,4.315598548399905976e-01,4.220973122410481282e-01
9.613683280726974534e-01,3.033661028585361852e-02,2.125298886773331760e-04,4.422239979271195935e-03,1.127169143339535884e+00,1.270510277696783374e+00,1.261665797738241057e+00
8.167234987572027372e-01,-8.792130369507045184e-03,2.696716214872058016e-04,3.315591972468850349e-03,1.014231317902737572e+00,1.028665166214724147e+00,1.022033982269786367e+00
9.911524266246247716e-01,2.576251931642766640e-02,7.199272837845382207e-05,3.792862973831558938e-03,6.658490231134623905e-01,4.433549215811521949e-01,4.357691956334890371e-01
9.800885415306276327e-01,-3.618325565585506221e-02,8.677986800973138347e-05,5.049615724524028799e-03,7.643328086516321118e-01,5.842046423812924383e-01,5.741054109322444310e-01
2.731355683901703912e-02,-2.503564910716904457e-04,-8.570920492728493836e-06,4.324217425753560762e-04,4.262593862818515156e+00,1.816970643933807139e+01,1.816884159585292124e+01
1.062400812392638727e-02,2.044953554372064275e-04,1.033070430634189235e-06,1.279265725443564294e-04,4.270431546110311949e+00,1.823658559001410850e+01,1.823632973686902048e+01
9.217726407572890412e-01,1.992065076235588483e-02,1.507438788497705222e-04,4.002907081150539406e-03,1.114656195100070191e+00,1.242458433274965968e+00,1.234452619112665017e+00
9.293354972382745771e-01,2.856325719367003302e-03,-1.405265395059848317e-05,5.724726663275333388e-03,9.289116430514814393e-01,8.628768405966028565e-01,8.514273872700520718e-01
9.427844987682308942e-01,7.235105411741660220e-03,-3.586626867567578401e-06,2.964550216143456689e-03,1.071066903897270217e+00,1.147184312624084379e+00,1.141255212191797375e+00
9.691828867456983021e-01,-9.698026816362392832e-03,5.140594308484576518e-05,3.447645172935655863e-03,9.769745979176455153e-01,9.544793649763452237e-01,9.475840746304738937e-01
8.979225123786243046e-01,-2.153565959739595082e-02,8.704976860035037014e-05,4.683243631421423955e-03,7.229995109527529440e-01,5.227282928379199944e-01,5.133618055750772680e-01
9.875614880961655073e-01,-4.482320955206897661e-03,-4.061598190946603829e-05,6.941996457011491775e-03,1.007239044283609886e+00,1.014530492329359657e+00,1.000646499415336788e+00
9.780549469511529148e-01,-4.557556873272916587e-03,1.358531767499724752e-04,1.291949251778162257e-02,1.178119570722446996e+00,1.387965722919242806e+00,1.362126737883679661e+00
9.627103843188318244e-01,3.983202644735933662e-02,8.618651074988568103e-05,5.949158477183236898e-03,1.074734186775545774e+00,1.155053572224093772e+00,1.143155255269727277e+00
9.766367836451470552e-01,1.377979722003806196e-01,5.418294993797927997e-04,2.993841115948677259e-02,1.420345235941698370e+00,2.017380589262278701e+00,1.957503766943305079e+00
4.191913745745179387e-01,-3.221426983891662044e-02,1.056649200383483054e-04,3.202233005580126714e-03,1.108495468257806316e+00,1.228762203148093146e+00,1.222357737136932743e+00
9.113184139590496669e-01,-2.846502523907079585e-02,-1.463271773598721707e-05,3.527206841796461708e-03,9.201002178566012324e-01,8.465844108997649942e-01,8.395299972161719415e-01
2.337884981648363780e-02,-2.005969327530943147e-04,-2.573316730283915187e-06,2.219784393283881030e-04,3.206121753542013231e+00,1.027921669853531483e+01,1.027877274165665966e+01
2.586146090514662710e-03,2.427947977173827709e-05,7.143445929404290871e-08,1.005302428852371216e-05,2.930805603592305353e+00,8.589621486048057974e+00,8.589601379999482589e+00
6.476911936212390586e-01,1.923826362962833408e-03,-7.851440087772725452e-05,5.671877635029109674e-03,2.866456954753312303e+00,8.216575473453632483e+00,8.205231718183572553e+00
9.810354503350869892e-01,-4.266200402620368148e-02,9.791649237103001763e-05,7.883580664273727445e-03,1.885147157798297668e+00,3.553779806555000143e+00,3.538012645226452424e+00
1.509603625762878654e-02,4.338896627082977631e-04,8.686597840848196534e-06,1.678401520847835882e-04,2.110399099376633725e+00,4.453784358649707009e+00,4.453448678345537814e+00
3.077077158998520190e-03,1.716300149395832975e-05,1.028641250170934597e-07,1.039983322279685679e-05,2.075568513615658972e+00,4.307984654712716299e+00,4.307963855046270218e+00
9.482932057879083221e-01,3.224190572001128796e-03,6.329293298357007011e-05,4.843037308779664721e-03,1.123159358838895949e+00,1.261486945347400024e+00,1.251800870729840698e+00
6.962263737481002579e-01,-2.140049947698882682e-03,4.021233690317318614e-05,3.822177500758177932e-03,7.532141038300318447e-01,5.673314862084780641e-01,5.596871312069616744e-01
8.527774163854421330e-01,-1.481573585436213314e-02,-1.847996130258369179e-05,9.337338421897409951e-03,6.852250075223561554e-01,4.695333109340130151e-01,4.508586340902181466e-01
9.760587366521310537e-01,-4.266504656602582157e-02,3.222944509739077276e-04,9.153327379882187503e-03,8.035097902034054052e-01,6.456279829527205028e-01,6.273213281929560514e-01
8.667129816251513130e-01,2.474766119987870105e-02,1.273941631301449111e-04,3.566541618937635848e-03,1.046557276170056783e+00,1.095282132304488343e+00,1.088149049066613028e+00
9.207058723862335814e-01,3.444997046574915789e-02,3.066342347234656587e-05,2.666011387080788244e-03,9.948328223019539118e-01,9.896923443292711120e-01,9.843603215551095520e-01
9.531505501242385492e-01,-2.987592712084041757e-03,2.055868481419504768e-04,3.825755990551990386e-03,8.888312040726392693e-01,7.900209093332176691e-01,7.823693973521135270e-01
9.782429072239721135e-01,3.185570981841606697e-02,1.247212256312069426e-04,7.152452713083369377e-03,8.553696607402547780e-01,7.316572565148985463e-01,7.173523510887318544e-01
9.784202423067542842e-01,-1.925955907452636673e-02,9.260464426783951376e-05,3.446033166797275466e-03,8.936772437608593300e-01,7.986590160160063068e-01,7.917669496824117914e-01
7.345497256947597364e-01,-3.776914441391715505e-02,1.305591958435542725e-04,2.385242384818226421e-03,9.785490626791489843e-01,9.575582680702410254e-01,9.527877833006045405e-01
9.596348202275836181e-01,-1.066976984504819370e-02,7.591074919243550321e-05,5.173842276613001279e-03,9.704988728486282357e-01,9.418680622004578229e-01,9.315203776472318342e-01
9.729310687804179070e-01,-5.268526577199575400e-02,-2.436829195612815201e-05,1.753686881807570846e-02,8.282207027046106784e-01,6.859495323885190787e-01,6.508757947523676757e-01
9.250024528488648423e-01,-2.931678903089376953e-02,4.045892765958215083e-05,3.107319127774065513e-03,1.201959047890747811e+00,1.444705552806432758e+00,1.438490914550884625e+00
9.776377053808993356e-01,6.329373236274749015e-03,1.031872901475019971e-06,4.587047832694906430e-03,1.359945541997123142e+00,1.849451877197849203e+00,1.840277781532459134e+00
9.403922940044535661e-01,1.834270896511214222e-02,-7.480064763053911257e-07,5.541851449197989984e-03,8.492411901001823971e-01,7.212105989627740632e-01,7.101268960643780659e-01
9.456675392567936989e-01,5.418227183827853399e-03,-5.152709172158297546e-05,4.756722348442389212e-03,7.269410426422485694e-01,5.284432794777994546e-01,5.189298347809147005e-01
9.895332833094045988e-01,5.005223628402946656e-02,1.778887349491317335e-04,7.678244579441646442e-03,8.222863562113741365e-01,6.761548516113788931e-01,6.607983624524955690e-01
9.857990886842145084e-01,2.534516434605403601e-02,1.284379201108352508e-04,7.498556457566829883e-03,1.463883637504203028e+00,2.142955304152536655e+00,2.127958191237402819e+00
9.044037374357394299e-01,3.248664933874251259e-02,-2.810720353919210647e-05,7.571906897531961722e-03,1.053910393196058060e+00,1.110727116886669474e+00,1.095583303091605343e+00
9.718287879940236129e-01,-4.631488573314168633e-02,7.856933048551316585e-04,1.304254790833690725e-02,1.061858584183083876e+00,1.127543652803303376e+00,1.101458556986629533e+00
8.503047433125952015e-01,1.507662796716924269e-02,7.154438368763586722e-05,3.753739500055344649e-03,8.303205992518485345e-01,6.894322975419489019e-01,6.819248185418382846e-01
9.833288483652274925e-01,-5.849718945578258333e-03,-1.860561045719683217e-05,1.056294773302935558e-02,1.002507193220497195e+00,1.005020672458839082e+00,9.838947769927803844e-01
9.878678582558129140e-01,-1.070703178591825289e-02,2.994885623511066427e-04,9.089242306165912916e-03,6.758720989351126862e-01,4.568030941189547001e-01,4.386246095066228534e-01
7.670088941770768498e-01,-6.171504526178428485e-03,-4.639488425628087858e-05,5.812514093289308098e-03,1.600927700008906385e+00,2.562969500655806865e+00,2.551344472469228020e+00
9.203066660814472888e-01,1.345722431164109167e-02,-2.878279810796999160e-05,3.944232248668352175e-03,6.939180587270084022e-01,4.815222722274598577e-01,4.736338077301231464e-01
9.874659799995728626e-01,1.588766134354189369e-02,8.745649396203735435e-05,6.562130240705386398e-03,7.059763059564294618e-01,4.984025445718861524e-01,4.852782840904754091e-01
7.663406059930901737e-01,-1.761838356102690684e-02,1.828971613111069085e-05,4.659211207696793700e-03,1.120968822536849485e+00,1.256571101099650756e+00,1.247252678684257043e+00
9.538129753847336412e-01,-3.241573090220176839e-02,4.952805354508300385e-05,4.479352665695541906e-03,8.245930876429412582e-01,6.799537601885193849e-01,6.709950548571282924e-01
8.210366642069104604e-01,1.612773035558079382e-02,2.945884488429312254e-04,4.377087201111590047e-03,1.420143504593940786e+00,2.016807573640360118e+00,2.008053399238137082e+00
9.522726818756738210e-01,-5.092956021202471595e-02,4.366468651467747563e-04,7.267838112980094453e-03,8.742807010126959488e-01,7.643667441632511217e-01,7.498310679372909293e-01
8.321470377787985040e-01,6.791047538670497152e-02,2.240064420706423364e-04,1.105633510650562423e-02,2.552908006278276520e+00,6.517339288519724327e+00,6.495226618306713995e+00
8.987643269365231946e-01,-1.540233198196999664e-02,-1.327884925830583030e-04,7.929078697257931074e-03,1.531222026623727972e+00,2.344640894817676458e+00,2.328782737423160665e+00
9.783368841455849507e-01,-1.415818246884255338e-02,1.049721612787903822e-04,7.032755651443970725e-03,9.654066205996683081e-01,9.320099430976718224e-01,9.179444317947839105e-01
9.772163401671194460e-01,-2.228229582954849991e-02,-6.121622218440530711e-06,7.419569640408212562e-03,1.271456092762943912e+00,1.616600595824011721e+00,1.601761456543195239e+00
9.719930156587661685e-01,-5.687362881767338285e-02,2.196070598397924025e-05,6.659283841469911328e-03,1.221912435080880988e+00,1.493069999005288251e+00,1.479751431322348543e+00
1.050964762901366312e-01,-5.591406847186564111e-03,2.467806366521129650e-04,2.432012904060541162e-03,2.296365159746195594e+00,5.273292946896170008e+00,5.268428921088048611e+00
5.380974911053715282e-03,9.634016858495186852e-05,5.535564988469152531e-07,5.624499493041324220e-05,2.738740638944504369e+00,7.500700287406151467e+00,7.500587797416289781e+00
9.655644012066759707e-01,-6.158584817163432340e-02,2.226747250091406301e-04,1.302924360939217326e-02,1.550527373440150125e+00,2.404135135787210498e+00,2.378076648568425711e+00
9.295010314281711983e-01,6.817760704288022833e-03,-6.075542566867160626e-05,8.710216522309003132e-03,1.656189941130238541e+00,2.742965121100983339e+00,2.725544688056365406e+00
8.153759116920977768e-01,-4.903113707609801919e-02,-3.705256289335715983e-05,4.310428671505804783e-03,1.477314537213106016e+00,2.182458241861173764e+00,2.173837384518162441e+00
1.028802432024145119e-01,6.349938951999423153e-03,3.819468670682437338e-04,2.097158503120006602e-03,5.558283006403668125e+00,3.089450997927579579e+01,3.089031566226955761e+01
2.615714452737005757e-03,3.438901911356762042e-05,1.618982854588760093e-07,1.406571950067447526e-05,4.484008780896527213e+00,2.010633474715716318e+01,2.010630661571816447e+01
9.596620166316612854e-01,4.451778481093859874e-02,1.317551244028204575e-04,9.979719818514155502e-03,1.542145958490418689e+00,2.378214157288332409e+00,2.358254717651304233e+00
3.756306606993131680e-01,-3.405746720635632885e-02,2.160286442511800048e-05,1.917485623542192945e-03,2.897125976009412351e+00,8.393338920868488984e+00,8.389503949621403223e+00
9.441033073630048511e-01,-2.270259476939706644e-04,2.374767335337175331e-06,3.817921470456894090e-03,1.119829128856539180e+00,1.254017277835595356e+00,1.246381434894681783e+00
9.934625870585828133e-01,-5.296761464704119460e-03,-2.585289240816712113e-05,5.620212246162574997e-03,1.236025364197186782e+00,1.527758700938788294e+00,1.516518276446463087e+00
9.075782231937842282e-01,1.552218954596723544e-02,6.457301533433561802e-06,6.411186663659187643e-03,1.527678810297351975e+00,2.333802547431532481e+00,2.320980174104213756e+00
7.000767474003262159e-01,-4.267815314235146040e-03,1.295950392273255902e-03,1.845166372669127322e-02,1.244693525526281430e+00,1.549261972487043781e+00,1.512358645033661020e+00
6.378782014360162567e-01,6.215975106258042615e-03,3.092058904706440311e-05,2.032282384624398575e-03,1.110724125940572460e+00,1.233708083946448708e+00,1.229643519177200162e+00
9.806095937180799860e-01,-2.317137502652483194e-02,6.244469777442626603e-05,6.470653665823240981e-03,8.128117206318707932e-01,6.606628931965423668e-01,6.477215858648959212e-01
6.677679655351325128e-01,4.141984327550621292e-02,1.857262214474757981e-04,5.726207399439291190e-03,7.058446763981649497e-01,4.982167071996302377e-01,4.867642924007516414e-01
6.384970421391424900e-01,-5.000088096970833895e-03,-2.643417753190127696e-05,4.904572213248251794e-03,1.999800182854264419e+00,3.999200771343949246e+00,3.989391626917452971e+00
8.566160785104834918e-01,-7.355602953884932127e-03,-2.156717807704426418e-06,2.398786043321637050e-03,9.784323784775110777e-01,9.573299192531595780e-01,9.525323471665163577e-01
8.595064485329291237e-01,1.573998059982290032e-02,-3.903299337132941647e-05,1.084757678733511664e-02,1.406530379361135230e+00,1.978327708065778845e+00,1.956632554491108733e+00
9.785282085346594938e-01,-2.711906645276747352e-02,-4.148306888539635872e-05,7.364750032837865008e-03,1.241103371957530621e+00,1.540337579884352603e+00,1.525608079818676854e+00
9.547923995455490642e-01,-5.414763933027729598e-02,-7.180908863807534406e-05,1.031819543821510532e-02,9.859952002560724571e-01,9.721865349280124358e-01,9.515501440515822251e-01
1.195998751804679960e-01,1.518427901831986837e-03,-2.146927120597858738e-05,1.643653910262257408e-03,2.016725398612494669e+00,4.067181333408726118e+00,4.063894025588202119e+00
9.927344438233627333e-01,-1.780686595890451640e-02,4.915444161925120218e-05,2.191583419665729237e-03,9.018516474980579067e-01,8.133363940949613902e-01,8.089532272556299031e-01
3.882754250757858294e-02,8.883250504028439298e-04,1.111273446086349375e-05,5.256595762046484916e-04,2.404666612114533475e+00,5.782421515418387337e+00,5.781370196265978478e+00
5.034790999883465012e-03,8.614135868056926881e-05,1.117191974142975324e-06,2.413069165320100531e-05,2.909822815712301391e+00,8.467068818839866395e+00,8.467020557456562457e+00
5.842897553921461151e-01,-6.944345895186365691e-02,6.426408267219050046e-04,4.357468830975799214e-03,1.474157292896760341e+00,2.173139724200704670e+00,2.164424786538752699e+00
1.041576119157161529e-02,3.868937707938169268e-04,1.328928061427072968e-05,1.138312967338236172e-04,3.019132843082671602e+00,9.115163124180456933e+00,9.114935461586989973e+00
2.681047374254896809e-03,5.671647023564041490e-05,1.782563104063729361e-06,1.328662443550991785e-05,2.594742009624745549e+00,6.732686096511462104e+00,6.732659523262591428e+00
6.714613849229837950e-01,2.107950468948716072e-02,3.499792553782528782e-04,5.869207184485935626e-03,2.328778134346069173e+00,5.423207599008359026e+00,5.411469184639386754e+00
8.604446699289003408e-01,1.714718680454130340e-02,5.979304278143225855e-04,1.223696007426287868e-02,2.443101130161666745e+00,5.968743132197213974e+00,5.944269212048689077e+00
5.158030220925036158e-01,2.248510287084171111e-02,4.237591978732180883e-04,9.930532401365288822e-03,5.497584164020781650e+00,3.022343164049207687e+01,3.020357057568934778e+01
8.337992839331409556e-01,2.641235328661262205e-02,1.412190544016039535e-04,1.700769669005970999e-02,2.047879922310405387e+00,4.193812176202072806e+00,4.159796782821953975e+00
9.047229304246378057e-01,3.169066691029717719e-02,2.759300130446027473e-04,1.185424533953904729e-02,1.194308864082698873e+00,1.426373662826506683e+00,1.402665172147428807e+00
9.600376561077643700e-01,-1.844069011903046174e-02,6.163332776507404482e-05,6.844485091329590570e-03,8.745860530956259815e-01,7.649007642693851361e-01,7.512117940867260035e-01
7.856147083969250433e-01,-1.246360996582285274e-02,1.474613634211061070e-06,3.452366008488294818e-03,1.209424216749851455e+00,1.462706936060991891e+00,1.455802204044015280e+00
6.939363605444446303e-01,1.303024349670948989e-02,6.694808727651434070e-05,2.290882109653518631e-03,1.059107542849794470e+00,1.121708787321329392e+00,1.117127023102022276e+00
8.859978210608354665e-01,1.859362006307740955e-02,1.225637543976288509e-04,1.481252862354897303e-02,8.913237901749759828e-01,7.944580989318845710e-01,7.648330416847866076e-01
6.084009875027283076e-01,1.113820417830740928e-02,7.946155856670115590e-05,1.652025607974611085e-03,8.143668605316943809e-01,6.631933835322482151e-01,6.598893323162988711e-01
9.606972299192837461e-01,-2.242123438261738044e-02,6.353651951788168606e-05,4.149103678784149887e-03,8.727988944176693353e-01,7.617779100967058126e-01,7.534797027391376689e-01
9.905430445118771354e-01,-1.872690896519912940e-02,6.123307921429100914e-04,8.079410212414364287e-03,1.039973063913250950e+00,1.081543973665114677e+00,1.065385153240285820e+00
9.593960516407218364e-01,5.165477812716590122e-02,1.648391282374211822e-03,1.390945297674744431e-02,1.211932347000376442e+00,1.468780013705840881e+00,1.440961107752345871e+00
5.669665023553520644e-01,1.239699801153837377e-02,1.589663867044181301e-04,9.639130945826922953e-03,1.993326069343332119e+00,3.973348818723738685e+00,3.954070556832085082e+00
8.624595694496730580e-01,-1.278901459277329566e-01,4.612355215016651459e-04,2.645787846198312254e-02,1.642969589454079671e+00,2.699349071870906780e+00,2.646433314946940563e+00
3.103264046033883394e-01,-1.788014334735898991e-02,-8.497676592519786613e-05,3.141390612952130179e-02,8.344822324138489122e+00,6.963605962144008288e+01,6.957323180918103844e+01
4.329952058716779462e-03,3.277807212709316076e-05,-6.424592602719081766e-08,1.897708992982052945e-05,2.779445480051747186e+00,7.725317176580086986e+00,7.725279222400226686e+00
6.912694989469949647e-01,-1.162257537418431852e-02,3.051775627386770092e-04,7.635695961278500879e-03,6.235701452059668526e+00,3.888397259921905658e+01,3.886870120729649614e+01
9.711953559182617823e-01,-2.083149609298595717e-02,8.323389008547641430e-05,1.227710442884398859e-02,2.855938195799477164e+00,8.156382978226373481e+00,8.131828769368684817e+00
2.319677024616416672e-01,1.223103032143013635e-04,-1.789686083752495900e-04,6.976792305285093101e-03,1.083631359281764572e+00,1.174256922818844862e+00,1.160303338208274804e+00
7.808800726281067695e-01,-4.048456015924428719e-02,8.843240509687820636e-04,1.001592283451518441e-02,1.013762913725023918e+00,1.027715245244250397e+00,1.007683399575219907e+00
6.790534111465884592e-01,-2.288428908093892433e-02,-1.721909556275863978e-05,4.719873106466620540e-03,1.398356633013746242e+00,1.955401273093541281e+00,1.945961526880608083e+00
8.988601007670052878e-01,4.254579474673777367e-04,-5.793080063842226223e-05,3.672650589246589849e-03,1.120582247557589506e+00,1.255704573541218894e+00,1.248359272362725703e+00
8.298376298727349054e-01,-1.317897142776686126e-02,-7.676041160384026194e-05,4.067312651758495275e-03,1.244270501426589348e+00,1.548209080720376107e+00,1.540074455416859056e+00
6.831657484208256692e-01,1.759547850638626398e-02,1.316390224170204608e-04,3.406247361611945083e-03,1.304732124041999564e+00,1.702325915507147513e+00,1.695513420783923531e+00
7.014081597388005518e-01,1.227088831578299066e-02,7.580672516898663950e-05,2.934044471278490426e-03,1.002253971325926418e+00,1.004513023038590802e+00,9.986449340960338317e-01
9.276522855665035872e-01,1.133929842680428401e-02,1.264894841195063661e-05,6.102020917717428626e-03,5.569708843322663805e-01,3.102165659938668218e-01,2.980125241584319906e-01
