trH,D,Q,V,sigma,W,C
9.964202349055658603e-01,1.062442559904126782e-01,9.149044999804937682e-04,8.656279242113875672e-01,1.317169866637160291e+00,1.734936457576954805e+00,3.680609154179842989e-03
9.920853216967456811e-01,1.273264830073312648e-01,-4.327926783473905713e-03,1.972355964006492934e+00,1.992710431576282915e+00,3.970894864112935352e+00,2.618293609994952129e-02
9.886885721278587669e-01,6.253398276385562227e-01,2.077709627608738483e-03,1.980981185384897092e+00,1.999416403445717805e+00,3.997665954367809693e+00,3.570358359801558551e-02
9.964199366919702650e-01,-4.007323618510329477e-01,1.404751982154060774e-02,2.626349663907860510e+00,2.294514182859544338e+00,5.264795335343602112e+00,1.209600752788167304e-02
9.982701625645272747e-01,4.256346140519278176e-01,1.050858222597335313e-03,2.419315622991892401e+00,2.201094299196015847e+00,4.844816113953200443e+00,6.184867969415915739e-03
9.703930893916431488e-01,2.178785539705092866e-02,-1.915456603988486455e-03,2.349598451891523165e+00,2.196199582468810085e+00,4.823292606036175378e+00,1.240957022531288534e-01
9.608228381889392100e-01,-9.647026029977241457e-01,2.001519201676503403e-03,1.793021840106774789e+00,1.940106231133362780e+00,3.764012188082501265e+00,1.779685078689516309e-01
9.827553964801586384e-01,-5.796193658031711937e-01,-3.611461992772685078e-03,1.880497421410356473e+00,1.958300032020586112e+00,3.834939015411829022e+00,7.394417259111595031e-02
9.749425115172619671e-01,-1.731518085007005894e-02,-1.095751809735789548e-02,2.041776945542002508e+00,2.034038875441040783e+00,4.137314146805453063e+00,5.376025572144851189e-02
8.977381584131971515e-03,-1.691880889736410820e+00,4.332997112284935661e-05,7.688341840420180595e-02,4.484515901312199126e+00,2.011088286912196921e+01,1.995711603231356435e+01
9.286779853159061737e-01,-1.927210527005258633e-01,-6.211279368576640017e-04,1.242926518899305277e+00,1.616787530326019962e+00,2.614001918217710774e+00,1.281488804190998310e-01
1.613154411796580145e-02,-2.861095648708487094e-01,-1.260014392986766015e-03,7.320343190510728015e-02,2.690749956135844112e+00,7.240135326445046537e+00,7.093728462634832255e+00
9.749246065721156596e-01,-4.676470411005885230e-01,7.037821722994203229e-03,1.800865718785018998e+00,1.926973311236430675e+00,3.713226142217493919e+00,1.114947046474557141e-01
9.075722013623499507e-02,-1.884389642812414611e-03,-1.556075457885228294e-03,9.057171475117670179e-02,1.382962118548391794e+00,1.912584221339856283e+00,1.731440791837502768e+00
1.123490512232150351e-02,6.669539256126399973e-04,1.718276844755558378e-05,1.066056408184486550e-03,4.793649882007091079e-01,2.297907919126659648e-01,2.276586790962970008e-01
8.266779768404552975e-02,-2.771622210091335692e-01,6.626447650639457829e-04,1.034349163171946646e-02,3.713621263265219352e-01,1.379098288697556407e-01,1.172228456063166974e-01
8.566543983429162346e-01,3.563982772635569396e-01,-8.531131867498750743e-03,1.288106140204976269e+00,1.709568233318594421e+00,2.922623544372060067e+00,3.464112639621076406e-01
9.938092389764605628e-01,-3.980723695086281766e-01,-3.911953031933984234e-03,2.235602859051174729e+00,2.119604232235029695e+00,4.492722101308649130e+00,2.151638320629857201e-02
9.694871914234177712e-01,3.167800258080953890e-01,-8.572350423201734355e-04,2.809674505971377023e+00,2.403296453323029436e+00,5.775833842555052833e+00,1.564848306122986199e-01
9.747093860177533653e-01,1.222323480074926749e+00,-2.634859956789791999e-02,3.042031093601618608e+00,2.493909093630704454e+00,6.219582567293922892e+00,1.355203800906855105e-01
9.557780314459154436e-01,4.555253740684351849e-01,4.400435908495853917e-04,2.027513885660622073e+00,2.057827288874445770e+00,4.234653150836351188e+00,1.796253795151064037e-01
7.258556599952945554e-01,-9.728159612211179086e-02,-7.596818019601906009e-03,1.418443931495979582e+00,2.000876457474793479e+00,4.003506598076879364e+00,1.166618735084920422e+00
9.116211894453791764e-01,1.590775702436469374e-01,-3.857220524779827325e-02,3.527973959190998432e+00,2.786424668291822559e+00,7.764162432065194075e+00,7.082145136831976551e-01
9.665467387091927209e-01,5.043403372956001968e-02,-2.411038215023742978e-02,6.239679964297147663e+00,3.594079951010022977e+00,1.291741069425220978e+01,4.380507656579147313e-01
9.014362221011830156e-01,-7.932299561231184182e-01,-7.698400144016463026e-03,2.166173764256464462e+00,2.176823861196115928e+00,4.738562122672766996e+00,4.062145941598382937e-01
8.406141873068521120e-01,-7.010219700173068169e-01,1.291700117075723075e-01,2.447274585042794381e+00,2.357572276149506152e+00,5.558147037268762247e+00,6.635978671831740394e-01
8.223909585402809919e-01,5.855080519177637832e-01,3.185011263257008819e-03,3.434962543369506349e+00,2.791445523038500909e+00,7.792168108091690470e+00,9.222430213526788823e-01
9.327242695153948882e-01,-5.222413095452591580e-01,6.600128729565973851e-02,3.683493157446034338e+00,2.821559266686779477e+00,7.961196695426036918e+00,5.942103805339689071e-01
9.921747751122288461e-01,-2.414809177472889215e-02,-7.189218485691464301e-03,6.438371337918853854e+00,3.606509429615072371e+00,1.300691026590243382e+01,1.301675900647249751e-01
8.560810093083487393e-01,-6.701936057731632257e-01,5.182779260958438050e-02,3.549194993472743587e+00,2.825571463318468979e+00,7.983854094319674743e+00,8.854641073741876811e-01
9.975523484030521804e-01,-2.339261130599582239e-01,6.809814105395019072e-04,1.912788057628828309e+00,1.959440948241443436e+00,3.839408829645326815e+00,1.383271438767031541e-02
9.976022547804059837e-01,-1.764354490638506967e-01,4.509112264500981897e-03,1.900358278569683756e+00,1.951285320412841306e+00,3.807514401658644854e+00,6.797844519278003345e-03
9.887968391025085957e-01,-3.702531998053635309e-01,2.668975740638251330e-03,1.893804724915639781e+00,1.958438279667557902e+00,3.835480495267224121e+00,4.787104543594501022e-02
6.776505144812010606e-01,2.464632684266638007e-01,-1.266109361695165816e-02,1.337759669971411824e+00,1.941576093715588591e+00,3.769717727687883713e+00,1.094198387745060064e+00
5.401427955708012485e-01,2.528386174122257413e-01,2.474058418635618258e-03,6.074836747654899227e-01,1.361119249618788052e+00,1.852645611682812721e+00,6.376782621518332084e-01
9.211303682484783817e-01,8.760388496854346063e-02,-3.975558543499770926e-03,2.487583809686902292e+00,2.300221391097041490e+00,5.291018448060408552e+00,3.158508286866033021e-01
9.922441955487995013e-01,3.855082864833861422e-01,-2.381055699660625247e-02,5.220435679633788517e+00,3.243351956399462388e+00,1.051933191308021875e+01,7.846055381264133155e-02
7.829562871449390338e-01,4.812405413184117076e-01,6.555554131429298936e-02,3.105462975788052304e+00,2.750461796164874073e+00,7.565040092162505836e+00,1.354114140586402115e+00
9.809805652054877090e-01,-1.647142536334930407e-01,-6.153941525722286462e-03,3.679723728369799218e+00,2.727609915882315494e+00,7.439855853219532023e+00,8.040839647993379413e-02
9.965262284495144396e-01,8.857385056791508005e-01,2.486297838339635285e-03,3.742501746033529475e+00,2.740588736424268479e+00,7.510826622215567738e+00,2.582313014850792787e-02
9.434030312603089996e-01,6.145803349112433089e-01,3.668680440323288106e-02,3.725944502150865922e+00,2.796822510462443567e+00,7.822216155029445339e+00,3.703271507277133279e-01
9.763957228768330721e-01,-7.789087388449320581e-01,-1.214355247546123652e-02,3.900963075175851280e+00,2.828718518434087947e+00,8.001648456531942344e+00,1.997223061802406718e-01
8.203994677075822084e-01,2.659246283029672586e-01,1.223886969086168501e-02,1.203449713752034356e+00,1.733462368940912768e+00,3.004891784534241328e+00,5.979923570301730607e-01
8.256415272129890015e-01,3.895414576247649974e-01,7.038934058220394641e-02,2.568758745929614840e+00,2.379171802854762596e+00,5.660458467499181801e+00,5.229409756399524545e-01
8.866564765539075577e-01,-4.935922233481149779e-01,1.066699946822456321e-03,3.061772025835760136e+00,2.571388718694964215e+00,6.612039942631730227e+00,4.884958909602096777e-01
9.057110324362152021e-01,-7.204172211188507591e-01,7.613023000498815585e-02,3.988298590621173645e+00,2.965984952203635228e+00,8.797066736698401002e+00,8.204695554560528237e-01
2.141264684868507961e-01,-2.075421084633846669e-02,2.166344178527426084e-03,5.445397788453399529e-02,6.564534965388701959e-01,4.309311931181084576e-01,3.220232373490404809e-01
8.404236968064809910e-01,1.767949926854571474e-02,-8.722250503600899665e-03,1.617695598121179801e+00,1.924325922518335119e+00,3.703030256076041749e+00,4.676390598336827020e-01
9.880926653670908388e-01,-5.344530521208494811e-01,2.845154015307239589e-02,5.568338617411492386e+00,3.354188230151389671e+00,1.125057868328611121e+01,1.139014484631257346e-01
2.154133765812504819e-02,-9.431184700998018755e-03,3.538821493418700583e-03,7.523201534532715506e-02,2.293307644586148886e+00,5.259259952717269648e+00,5.108795922026615699e+00
5.015708219931520606e-01,1.394416433198751304e-01,-1.017358947993532783e-02,7.216195137678262927e-01,1.681271155874573875e+00,2.826672699575826009e+00,1.383433672040173201e+00
8.077377471740838644e-01,1.284838518122044526e-01,-7.741069509494036315e-04,1.499381431368109086e+00,1.862254109936143598e+00,3.467990369974058407e+00,4.692275072378398471e-01
9.750818712621706075e-01,-1.198370365829557610e-01,9.678609801987533151e-03,3.541386724538301056e+00,2.686236362286739787e+00,7.215865794071495642e+00,1.330923449948940018e-01
9.136021685360777855e-01,-4.842136034073747375e-01,-1.068180196674663532e-02,2.064750002151397368e+00,2.125096919258051553e+00,4.516036916240062205e+00,3.865369119372668583e-01
9.547621219526128966e-01,-1.564547224264498382e-01,7.761057290818675070e-02,2.607777874881572533e+00,2.333826976870830627e+00,5.446748357970039756e+00,2.311926082068956334e-01
9.480525635390373296e-01,-2.332125814995961721e-01,3.728060811639512598e-03,2.474327635527018288e+00,2.252345442670832032e+00,5.073059993120066835e+00,1.244047220660305375e-01
3.426539696415378256e-01,6.834262134602425709e-02,-4.010872166128799481e-03,6.547913547544130797e-01,2.019088800599682099e+00,4.076719584707062083e+00,2.767136875198236368e+00
9.895667222905223381e-01,1.984063300338953229e-01,-2.876910345212310011e-03,2.035317488020684795e+00,2.024817311104906370e+00,4.099885143350102901e+00,2.925016730873290088e-02
9.933198589212138829e-01,1.636796452699605664e-02,4.603987883265384801e-02,3.766458369209342294e+00,2.751908930395927655e+00,7.573002761192857868e+00,4.008602277417418203e-02
8.221971205799493143e-01,4.623755129297151267e-01,2.443947876747839393e-02,2.194912943113780823e+00,2.298033578667733057e+00,5.280958328684427272e+00,8.911324424568650704e-01
9.649381176707817476e-01,3.782058972098675254e-01,-1.543384022269927471e-02,2.419134477232612213e+00,2.219572571289743834e+00,4.926502399221764250e+00,8.823344475653992214e-02
8.662582720594446117e-01,-1.994560442479455520e-01,-2.278784398568237286e-03,3.404149361574614563e+00,2.743765993803520153e+00,7.528251828752619446e+00,7.199531056033915410e-01
9.710712777692597220e-01,4.045206806661379995e-01,-2.020238191217232568e-02,5.293317851555515041e+00,3.297749363707871861e+00,1.087515086583567303e+01,2.885151627246443362e-01
5.434267884947143745e-01,2.379036069687717747e-01,-2.278740001280263675e-02,1.437736013808838420e+00,2.240589773096810067e+00,5.020242531306015721e+00,2.144770503688338437e+00
9.328488285554108472e-01,4.096270419493632797e-01,-1.496030364058370705e-02,3.686046675811873730e+00,2.745157856578139377e+00,7.535891657532684640e+00,1.637983059089370974e-01
8.789872717722125861e-01,1.248677967627900287e-01,2.316798897431505098e-03,1.788957273546393667e+00,1.971458260387553896e+00,3.886647672450319835e+00,3.087331253575323897e-01
6.757048205000032448e-01,1.558605605818767781e-02,-5.235037962261055236e-03,1.589095039226465778e+00,2.123155605421221725e+00,4.507789724831554601e+00,1.329599646378623046e+00
9.943273731026263107e-01,2.453319976403921590e-02,-1.201889450621433826e-02,4.305515117741400388e+00,2.939021022590840193e+00,8.637844571230909096e+00,2.681433574810866000e-02
9.345967168566056138e-01,4.330703078714974452e-02,6.485730487698164459e-02,5.708513890711206962e+00,3.478910089193131494e+00,1.210281540868976080e+01,6.857876272673463225e-01
7.805655490508560668e-01,-8.224402497473948248e-02,-1.241892794517027859e-02,1.278641290407497522e+00,1.872486674370318793e+00,3.506206345694415916e+00,9.489237648794210944e-01
5.112303087999228168e-01,-3.035239421621301892e-01,-2.752187298628465742e-02,1.272084200304380852e+00,2.191208882182169138e+00,4.801396365354031914e+00,2.257227964745270210e+00
8.518021791937336884e-01,-1.353094728558797977e-01,-8.935870569450443668e-03,3.178814595087916750e+00,2.710028575104466153e+00,7.344254877882742782e+00,9.866256877069095044e-01
8.990317896590622748e-01,8.166534555033846399e-01,-2.023430803632687500e-02,4.633964942610288240e+00,3.180858000216818748e+00,1.011785761754333812e+01,8.499277323227614200e-01
5.753858788049341921e-01,-2.854823660777374220e-02,-1.483573024875129223e-02,1.335827455325788948e+00,2.056171294153200879e+00,4.227840390899649137e+00,1.556185480248071684e+00
5.393370880504453346e-01,2.343977862012683322e-01,4.219872119330841248e-02,1.703381913642680212e+00,2.447025255353440176e+00,5.987932600337569689e+00,2.581168773052209708e+00
8.974501389193361156e-01,-3.199221192499390048e-02,-9.691300244871581260e-03,7.288005986948443704e-01,1.258299317531156092e+00,1.583317172499373093e+00,1.257159751096841860e-01
5.616933893526044885e-01,2.522357014106810236e-02,-7.062365621524106622e-03,2.872830464619138824e-01,9.637985590115208945e-01,9.289076623526841825e-01,3.543415694288564732e-01
5.095441550823995858e-01,-1.539089877626486080e-01,2.383686067863321351e-02,4.786230949779486377e-01,1.159786692958948873e+00,1.345105173164655277e+00,3.878589832087578348e-01
7.818372810872922241e-01,-7.800221811962490537e-02,5.616239018331919269e-02,2.043012528032941422e+00,2.352177555479948445e+00,5.532739252503626304e+00,1.446714196437744127e+00
8.636887055918140987e-02,-1.575766238756209914e-02,1.905333953512588108e-04,1.420244271903360056e-01,1.537878836690532491e+00,2.365071316340625174e+00,2.081022461959952885e+00
7.056166090235342914e-01,-1.128716232154931554e-01,-1.498351533959811112e-02,1.431423036686950701e+00,1.958624191118333302e+00,3.836208722033945140e+00,9.733626486600436278e-01
9.963990405139894202e-01,1.279606404645274309e-01,-2.295621614213250433e-03,4.979128109178394546e+00,3.161390539180284343e+00,9.994390141218607582e+00,3.613392286181743573e-02
9.977935494160882213e-01,7.727182581197252764e-01,1.001553139471077908e-02,3.315459763429431383e+00,2.578363673972440928e+00,6.647959235260662680e+00,1.703970840179937565e-02
9.958250649960298517e-01,1.576324985927616273e-01,2.520447578026876242e-03,2.129108226432112172e+00,2.067591716896671983e+00,4.274935507779728638e+00,1.671905491550367689e-02
1.627826421226918896e-02,-5.283818398818668216e-04,-5.201912085655340727e-05,2.306536662734801155e-03,6.806357072732445168e-01,4.632649660153497773e-01,4.586518926898801030e-01
9.169335538640320804e-01,-7.320834693324793085e-02,1.381966439541962473e-02,8.966369349414166079e-01,1.391721430037793361e+00,1.936888538826440298e+00,1.436146689436069712e-01
8.473088733534411832e-01,2.544387978552590801e-01,-7.281112462753575217e-03,1.408594340198115580e+00,1.863838458547937948e+00,3.473893799562353113e+00,6.567051191661219534e-01
8.127993165224163263e-01,1.145297197547439083e-01,2.382547887235808310e-03,1.450677669954906657e+00,1.919526272836955538e+00,3.684581112111334100e+00,7.832257722015206758e-01
8.544104101367787640e-01,5.333399775956887412e-01,-2.637232567409232217e-02,2.883591845595613545e+00,2.576182458793158325e+00,6.636716060993562927e+00,8.695323698023363912e-01
9.187916412400519706e-01,4.587340185998007858e-01,3.287957750042833169e-03,2.592254421771540862e+00,2.364549609830538746e+00,5.591094857349753866e+00,4.065860138066728080e-01
7.071730102494993009e-01,-8.068761004330710085e-01,-5.191553377516930703e-03,1.234768793383521857e+00,1.773202507893717028e+00,3.144247134000567989e+00,6.747095472335243871e-01
4.266804172930749317e-02,-7.700535240985385832e-04,-8.119260035186218140e-05,8.734255691783102821e-03,5.427987598895983590e-01,2.946304937376859057e-01,2.771619823541197070e-01
2.469717509699265179e-03,-3.714008358277065547e-04,-1.065530426142887096e-05,4.557221150291621350e-03,1.597187997602442566e+00,2.551009499685300330e+00,2.541895057384717216e+00
7.688141143763811414e-01,-5.740156999641445879e-01,2.495845959194278180e-02,2.325168375063093595e+00,2.429835472640557548e+00,5.904100424102360911e+00,1.253763673976173720e+00
8.221158522836208293e-01,-2.499224573676899208e-01,1.911153517389811360e-02,1.670618091391398163e+00,2.081292897737543335e+00,4.331780126172739109e+00,9.905439433899423385e-01
9.019986800232394630e-01,1.568073270126047469e-01,-3.909913029486509345e-02,5.396460072670536512e+00,3.432829878124425083e+00,1.178432097214375496e+01,9.914008268026838211e-01
5.789119468681751535e-01,-1.343991255001084351e-01,-3.519461644912841650e-03,4.904483654265092141e-01,1.323295140687839710e+00,1.751110029368049714e+00,7.702132985150313971e-01
9.475251429085175259e-01,3.690239533074590739e-02,8.121129506624422470e-04,1.236011990214746836e+00,1.595801924406591299e+00,2.546583781939780078e+00,7.455980151028696046e-02
9.855625941666507073e-01,2.554859727002843361e-01,3.350679972263255219e-03,1.227700426382042354e+00,1.573211261048667264e+00,2.474993671890337588e+00,1.959281912625322059e-02
9.962215062176478231e-01,-7.614160724243784761e-03,-1.029015733649388774e-02,2.320974871048631982e+00,2.159558798841670235e+00,4.663694205654477010e+00,2.174446355721327065e-02
9.980692897912838424e-01,5.375320459624727265e-02,-3.017739950261577077e-03,1.980651154931274416e+00,1.992027324096638630e+00,3.968172859947614928e+00,6.870550085065958192e-03
7.840410366299732647e-01,2.216619876086806107e-01,1.747133646327012763e-02,1.355982565443713428e+00,1.789609923832233163e+00,3.202703679478811072e+00,4.907385485913847711e-01
9.926520329474926019e-01,-2.041706197224309738e-01,-6.802445557573492431e-03,3.591250544327710070e+00,2.685925305159482246e+00,7.214194744896057720e+00,3.169365624063730236e-02
7.084058463880598122e-01,2.779626601236606098e-01,2.262892606701295828e-02,1.646353009958855029e+00,2.136332560703623873e+00,4.563916809922502260e+00,1.271210790004792646e+00
9.482907885672776649e-01,3.903736322535298342e-01,-1.455673399675636373e-02,2.177785636549637083e+00,2.153362969665891580e+00,4.636972079128307556e+00,2.814008060290336677e-01
9.916150699148549297e-01,-3.123469003822234580e-01,-1.060606523487526640e-02,2.405451716704104292e+00,2.203293682766985562e+00,4.854503052520905193e+00,4.359961911269722573e-02
9.107420594062828334e-01,3.591709477166429298e-01,1.548825672712463714e-02,1.782625496677701760e+00,1.973054966964049139e+00,3.892945902661504753e+00,3.276949093061016227e-01
9.968543443236598245e-01,2.982850467864857635e-01,-1.231209017329254604e-03,2.372630810983164196e+00,2.180995078090986361e+00,4.756739530657107196e+00,1.147790869077938009e-02
9.347666335681595884e-01,2.815132880150181954e-02,-1.404136701791709567e-02,2.179572267776777927e+00,2.150292703935125616e+00,4.623758712596632847e+00,2.646141770430777140e-01
9.234929107449402208e-01,-8.649597577397585835e-02,1.994018016185820441e-04,2.030744134857335403e+00,2.089055546399368524e+00,4.364153075941964666e+00,3.026648062272938589e-01
8.923153611981269329e-01,3.231264374440825926e-01,-5.465485615449124568e-04,1.924614410630994144e+00,2.063081076300258054e+00,4.256303527388231700e+00,4.070747061262436350e-01
9.957608801082991068e-01,1.449946913951478955e-01,-9.655119649252726435e-03,3.150156988109717560e+00,2.513123298470561817e+00,6.315788713315555469e+00,1.547473709612026682e-02
3.058185326426888784e-01,-1.230464792437357957e-01,1.414912114099092615e-02,9.844655913893608501e-01,2.313783380855972904e+00,5.353593533525295989e+00,3.384662350746574511e+00
9.596975213412684003e-01,2.862693804393074970e-01,-4.372593449935572446e-03,2.667557612626855867e+00,2.333844094600582064e+00,5.446828257902009973e+00,1.117130326482984604e-01
9.323702032950247354e-01,8.415862649751785218e-01,1.914162210523125476e-02,2.464356355498275697e+00,2.270259359955735690e+00,5.154077561466626989e+00,2.253648504700755117e-01
9.628725189227028691e-01,-7.323699117197468578e-01,8.630108098184591583e-03,2.802113330701117011e+00,2.415579697035749263e+00,5.835025272731322765e+00,2.307986113290901031e-01
9.474841451003467308e-01,-2.365721928094819959e-01,-5.259624823569940613e-03,1.997394362316313288e+00,2.049747371168249011e+00,4.201464285611147709e+00,2.066755609785211611e-01
9.691217223078869569e-01,4.501445138317576866e-01,7.775319714382539389e-03,2.238142935667853273e+00,2.132674920688280018e+00,4.548302317332762357e+00,7.201644599705549210e-02
9.045153070099283266e-01,-1.050390418133186621e-01,6.226309566751376395e-02,4.913123120373609432e+00,3.333844255090379960e+00,1.111451751719912906e+01,1.288271276451908198e+00
5.830078314221215363e-01,3.569168606459793280e-01,4.976147388441038225e-03,8.677752158589572273e-01,1.619706349190440209e+00,2.623448657607823975e+00,8.878982258899094093e-01
9.947662133395663853e-01,3.396385314825967061e-02,7.561048552740337342e-04,2.107825921822252813e+00,2.057191828741346651e+00,4.232038220240165849e+00,1.638637659566078569e-02
9.941812499483689836e-01,1.690734444156237748e-01,-3.205686189558925540e-03,2.269614621717809477e+00,2.135376499053600607e+00,4.559832792710411198e+00,2.060354927479207676e-02
9.960108088634634926e-01,2.022667842581569314e-02,-2.601801088045358271e-03,2.198755880893234149e+00,2.099902329341493346e+00,4.409589792773830119e+00,1.207803098736157446e-02
7.189075611384168063e-01,-1.436411496635570662e-01,7.086646982843225473e-03,3.635494840960760143e-01,9.799610243251866137e-01,9.603236091964690857e-01,2.332246410043170848e-01
9.943214117677621200e-01,-4.071904595346483302e-01,-2.619947334360639944e-03,2.133034763036044446e+00,2.070717624334009077e+00,4.287871479727481727e+00,2.180195365539320043e-02
9.980383378304947817e-01,-6.353408316667305544e-02,1.814996568069611677e-03,2.468171856705771106e+00,2.224062996112504464e+00,4.946456210676930532e+00,1.011249726538830662e-02
8.827440134148637485e-01,-4.127153085234765428e-01,-3.840574889135148912e-02,2.243335805369726543e+00,2.265571473426109428e+00,5.132814101202152202e+00,6.461424904626995591e-01
8.858081319674785403e-01,2.417230818088116351e-01,-2.230764225130764736e-02,1.836625534756132883e+00,2.022452815016665628e+00,4.090315388968835286e+00,4.170643194565691880e-01
9.060702993156115603e-01,3.878373460598162348e-01,-3.834564249075516490e-02,4.460300091089792751e+00,3.123291768485718656e+00,9.754951471090647530e+00,8.343512889110635822e-01
9.062494720944541671e-01,-3.889511240686998050e-01,7.328181589063238743e-02,5.334171395516908554e+00,3.462789698279370221e+00,1.199091249450973251e+01,1.322569703475916514e+00
9.218796204136039396e-01,9.019568469095732288e-01,-1.959939325171144737e-03,4.965021031052674338e+00,3.288940675206924347e+00,1.081713076503057991e+01,8.870887029252335632e-01
5.803593813326499706e-01,-3.556251784424106777e-02,-1.015483964817615568e-02,4.679247739066835776e-01,1.410388117178325462e+00,1.989194641077821624e+00,1.053345093264454357e+00
6.808660911781720948e-01,-2.171754347311857236e-01,2.101776370818239995e-02,1.158377429406191261e+00,1.739430095719869174e+00,3.025617057896032858e+00,7.088621990836508902e-01
9.660219685264114231e-01,7.230980888942653562e-03,-6.887698021948279389e-03,3.562739210260377209e+00,2.710358647615534800e+00,7.346043998704310241e+00,2.205655781835557105e-01
9.490069715734646971e-01,-1.495198997228618376e-01,-1.847264841724573226e-02,2.895319430640700631e+00,2.471419863779486192e+00,6.107916143083813587e+00,3.172772818024128250e-01
9.596530724977283544e-01,1.114809164491010890e-01,1.463270459761811543e-03,4.029076197731962239e+00,2.897101573679012443e+00,8.393197528213409697e+00,3.350451327494847198e-01
8.645470181759805639e-01,-3.049485531299929164e-01,3.054910523049973389e-02,1.685201811536934269e+00,1.931615903695029113e+00,3.731139999407564023e+00,3.607363763336955964e-01
8.866058994425033424e-01,1.408715464574001319e-01,-1.876776869051553429e-02,1.956533234238315488e+00,2.091497474340724860e+00,4.374361685173631109e+00,4.612952166970007983e-01
9.911140790323061944e-01,2.970344040967081156e-01,1.131110136388819264e-02,3.286431132912015052e+00,2.571467086013900172e+00,6.612442974452818589e+00,3.958070862878860369e-02
9.893759617312121168e-01,6.409239395799826156e-01,5.623756912510022125e-03,2.922048093077491693e+00,2.427424750073789106e+00,5.892390917270797779e+00,4.829473111581434469e-02
9.756240083253736595e-01,1.330371192220784482e-01,-1.533487342793503350e-02,2.743180027737664783e+00,2.372039027922490106e+00,5.626569149987471263e+00,1.402090945121414467e-01
9.672623073397220717e-01,-2.505150581021364786e-02,-1.275303009174054772e-02,2.179438886518963781e+00,2.112812903215729232e+00,4.463978363994877796e+00,1.051005909569511648e-01
9.419096270173531460e-01,-2.968381227082700358e-01,1.516588711309537884e-03,2.083807185257039674e+00,2.067559442877094256e+00,4.274802049830239703e+00,1.071876793161609248e-01
9.849366405431873028e-01,-5.443413406003311250e-01,-1.472004942169073509e-02,2.664774723137878887e+00,2.322633350709275568e+00,5.394625681826996200e+00,6.507623555123823178e-02
9.334870465624645064e-01,6.820714185191196766e-01,5.690672792604076907e-02,2.003570345385283780e+00,2.061945268097208128e+00,4.251618288628467468e+00,2.444775978578993536e-01
7.914482638656054059e-01,3.164739230180517726e-01,1.098459261387893342e-02,2.285545689047604245e+00,2.359792345231947586e+00,5.568619912615295320e+00,9.975285345200866072e-01
9.597811225252161904e-01,1.135418415885183663e+00,7.643253373297811959e-02,4.469178499713194697e+00,3.040521707033676524e+00,9.244772250942983050e+00,3.064152515165948776e-01
5.922127868602844458e-01,-3.336221000841690931e-02,-3.476420929717779357e-03,9.117096932230766004e-01,1.753210907443633060e+00,3.073748485979327594e+00,1.250329099533174393e+00
5.391920947045203416e-01,8.680160329497552119e-02,-1.206984736779965518e-03,9.835153187558576260e-01,1.732766992215794222e+00,3.002481449312570216e+00,1.035450811800854742e+00
6.002043448478480148e-01,-4.277111226403354505e-02,-1.459012841705330243e-02,1.663233988072902569e+00,2.274414641795146963e+00,5.172961962812146375e+00,1.846493986666341458e+00
9.267446664777720944e-01,-7.405937622833524969e-01,7.289075788549807811e-02,2.559759957256380503e+00,2.392650305543703393e+00,5.724775484618377597e+00,6.052555701056164805e-01
3.811596559465745271e-01,-6.908986420372867365e-04,-1.613334687707959972e-02,7.735544245111939388e-01,1.875910095076503303e+00,3.519038684809935535e+00,1.971929835787547658e+00
9.252916074970307658e-01,6.455036918382865974e-01,1.629592479739148947e-02,4.176529390328096447e+00,2.989558339993128921e+00,8.937459068222471714e+00,5.844002875662799301e-01
8.913468001625474146e-01,2.794175623764965644e-01,3.443063299180638970e-02,2.760709753754748252e+00,2.461560606761393988e+00,6.059280620759522229e+00,5.378611132500263903e-01
9.393437150612303776e-01,4.833522329263367084e-02,-2.321253447537376113e-02,3.513405964662444259e+00,2.708152671436315995e+00,7.334090891807654167e+00,3.072789624827659272e-01
9.983043556654240813e-01,4.347626887367546100e-01,8.167721601761598199e-03,2.904509057313074294e+00,2.412593291903039283e+00,5.820606392135544205e+00,1.158827750939519195e-02
7.321549760580248201e-02,-1.829181305884296227e-03,-1.076561225309808105e-03,6.384040324962787782e-02,1.348360670907828185e+00,1.818076498851008305e+00,1.690395692351752688e+00
6.005046783346124073e-03,1.120794357666529684e-04,-4.047089869520438559e-05,2.320450123442662719e-03,5.668435556503780282e-01,3.213116165823631798e-01,3.166707163354778864e-01
9.675138462597852040e-01,-2.323553520206270151e-02,-4.320787711861166780e-03,2.302897197579544475e+00,2.177929501832292836e+00,4.743376914951459966e+00,1.375825197923708221e-01
1.429637490685164991e-02,-7.011492333878904804e-04,1.737251005621348127e-05,5.649220458888570308e-03,6.416562049936550549e-01,4.117226854068595232e-01,4.004242444890823704e-01
5.074648845049933854e-03,-3.856281463122251951e-05,-5.963775304094628578e-06,3.557374101526826634e-04,4.126585017871243211e-01,1.702870390971940873e-01,1.695755642768887184e-01
9.393063870628639567e-01,4.378288569057159907e-01,-5.939802849036029085e-03,1.242228703858641925e+00,1.606884450691509203e+00,2.582077637874153009e+00,9.762023015686917271e-02
9.091244821157982159e-01,-8.317264409577415085e-01,1.424633183142293667e-02,2.443316103244439486e+00,2.281647782804068214e+00,5.205916604774721179e+00,3.192843982858422081e-01
9.316897455477507473e-01,-3.205084441507019544e-01,2.822302667766587655e-02,2.362234338438864878e+00,2.258131313844592647e+00,5.099157030565506510e+00,3.746883536877768095e-01
9.146801510650464095e-01,2.030942948536759163e-01,-3.566094865963705812e-02,2.165546728582755875e+00,2.148921787219848500e+00,4.617864847588148081e+00,2.867713904226358856e-01
8.648243569027945776e-01,6.486604447560265219e-02,-3.373221063036024175e-02,4.760069713923322787e+00,3.363128246018684653e+00,1.131063159916871541e+01,1.790492171322068948e+00
8.782218673474138093e-01,3.204666580285665534e-01,-1.681055975742573594e-02,3.782084907773513471e+00,2.968439936017684300e+00,8.811635653744673391e+00,1.247465838197646448e+00
8.551008496458614161e-01,-5.227849037673127919e-01,-6.138249942186737619e-03,2.875553580972288970e+00,2.612747319306587990e+00,6.826448554543762093e+00,1.075341392599184598e+00
1.457405338641936110e-01,1.394916234595988680e-02,3.038972195079137659e-04,3.335250308526579305e-02,6.643937449288279673e-01,4.414190483005525634e-01,3.747140421300209634e-01
9.918638237300919647e-01,1.960597467394203375e-01,-4.827636261129661897e-03,1.842868287727381427e+00,1.927005391641823273e+00,3.713349779416656560e+00,2.761320396189359885e-02
9.980676784726090212e-01,-7.145025253255991859e-02,9.580105590346001468e-03,2.745585475993796543e+00,2.344609751107872508e+00,5.497194884990118879e+00,6.023933002526773474e-03
2.281307144461441894e-02,4.437902933733112176e-04,-1.156412321030639138e-04,1.288177964355880466e-02,7.272682505484402427e-01,5.289191082557888057e-01,5.031555489686710958e-01
2.682287029983410065e-03,-6.173741922658182446e-04,8.141252477511875824e-05,5.719635221995585800e-03,1.836716247698110704e+00,3.373526574558227686e+00,3.362087304114236730e+00
8.782363774077086571e-01,-8.997948048106954588e-02,-2.067098813119046599e-02,1.719749923991754859e+00,1.934636743562337280e+00,3.742819329541484663e+00,3.033194815579754455e-01
9.516867371117577745e-01,3.964080954329013418e-01,-6.495432738557098927e-03,5.242894988137218881e+00,3.300067722623152733e+00,1.089044697389916116e+01,4.046569976247239020e-01
6.618674981688785763e-01,-4.122036669885690841e-01,-7.226967400845765374e-03,1.721160768013636710e+00,2.357271668315528590e+00,5.556729718243075489e+00,2.114408182215802068e+00
8.743185928426431275e-01,3.576337945339577162e-01,-1.616269901785041471e-02,2.226280557390806436e+00,2.320153245263478325e+00,5.383111081506650741e+00,9.305499667250368701e-01
9.971619449219591980e-01,-9.126927187242749318e-01,7.380742176195610922e-05,2.657162031287246595e+00,2.308388437524581782e+00,5.328657178497180347e+00,1.433311592268771313e-02
3.294152233079072900e-02,-8.150708247015719943e-04,-1.770349015417272168e-04,3.257454324013106528e-02,1.400553595433130072e+00,1.961550373680668091e+00,1.896401287200406127e+00
3.855582274368996032e-03,1.060382939233495136e-03,4.826563720734676933e-05,1.012094476236362513e-02,1.944823090942426669e+00,3.782336855062854220e+00,3.762094965538127056e+00
7.570377959748619823e-01,-3.124875525696469980e-01,-3.879827470192883515e-03,1.542971532597775752e+00,1.977709869866397296e+00,3.911336329366962516e+00,8.253932641714105678e-01
9.706363002776007276e-01,-3.572048188036329730e-01,1.411958898030055316e-02,2.186350757771605480e+00,2.110881503212920673e+00,4.455820720606439522e+00,8.311920506322861835e-02
9.976814107087502714e-01,3.541503802395994938e-01,-4.861833140823603946e-03,2.195372528005141710e+00,2.098127400704218992e+00,4.402138589585842254e+00,1.139353357555868140e-02
4.319881864095420632e-02,1.277238394469359939e-03,-6.479988055632746676e-05,6.309176006647044567e-03,4.707769847576308009e-01,2.216309693774865253e-01,2.090126173641924379e-01
6.547438685372108935e-03,-3.532650278813276312e-04,-2.795505798354478767e-04,1.199235324467820725e-02,1.671959144695955413e+00,2.795447381532430775e+00,2.771462675043073975e+00
5.564961518921736072e-01,1.490557530602093506e-01,4.336188614012889513e-03,1.192548994738293622e-01,6.625200474042722831e-01,4.389328132125592252e-01,2.004230142649005286e-01
9.796555025985632659e-01,-3.356400870589174371e-03,-5.536619604580968190e-03,1.969372608852212547e+00,2.003307080713381261e+00,4.013239259636369738e+00,7.449404193194435198e-02
9.820922315546525283e-01,6.692861408311858717e-01,6.299446632907357811e-03,1.695117082338926773e+00,1.851357287341184321e+00,3.427523805391308631e+00,3.728964071345550191e-02
9.507289976764450312e-01,1.689722487289629926e-03,-6.293040052387009840e-04,9.399201008350009934e-01,1.413506615318636861e+00,1.998000951549548709e+00,1.181607498795466671e-01
9.743425235412762619e-01,-9.754429521259110752e-04,-4.538741935370849134e-03,1.859531617246176882e+00,1.946885046663788366e+00,3.790361384923061738e+00,7.129815043070787672e-02
9.801320009003998690e-01,2.429777596633390380e-01,-4.560552106239820595e-03,1.929906801676924966e+00,1.978753195381390828e+00,3.915464208232064536e+00,5.565060487821486823e-02
9.877685654476553445e-03,1.315047428248977690e-03,-4.005360591047315818e-04,3.252583682581467600e-02,2.637076266488530774e+00,6.954171235277089025e+00,6.889119561625459909e+00
1.001218978096474199e-02,7.631703772938980279e-04,-2.198629007426353762e-04,1.297839799623015829e-02,1.519093391702472262e+00,2.307644732714120739e+00,2.281687936721660037e+00
5.055751946627927707e-01,1.118824526527179425e-01,6.169677243043054579e-03,2.243515586268703399e-01,9.209074937114983816e-01,8.480706119739933602e-01,3.993674947202527914e-01
9.884243634842274639e-01,1.660703345542433595e-01,2.353366627994149703e-03,1.965948049589307800e+00,1.998210422594878910e+00,3.992844892966804338e+00,6.094879378818834903e-02
9.973942669578842457e-01,-1.885135519567172624e-01,-9.898905215852023265e-03,2.142996976051005475e+00,2.073872832680028644e+00,4.300948526128285820e+00,1.495457402627483993e-02
8.192973374051495394e-01,9.617150323604627127e-03,2.070547344217421332e-03,1.133415107010317113e-01,5.415446370886153327e-01,2.932705939594400513e-01,6.658757255737669800e-02
9.957133895152051606e-01,-4.188270180876444426e-01,-3.704517790943026405e-03,2.153143055433579534e+00,2.078471531034740583e+00,4.320043905321898414e+00,1.375779445473982940e-02
9.980600008093744036e-01,-9.426086500238282928e-02,-8.688175531098609990e-04,2.243019549895830966e+00,2.120055827650316083e+00,4.494636712354067143e+00,8.597612562404969086e-03
8.878770861430275163e-01,1.091204969720863394e-01,-1.693152309902470551e-02,2.058717522050171667e+00,2.126032399710207965e+00,4.520013764617544894e+00,4.025787205172012273e-01
8.134322286324124907e-01,1.230302325176936273e+00,-2.800707676523883985e-02,3.363363170105272193e+00,2.881425951876361413e+00,8.302615516146595098e+00,1.575889175936049824e+00
8.966125240630749005e-01,1.699074867904418196e-02,1.084733743134356360e-02,2.238751158899234373e+00,2.228355454130868996e+00,4.965568029954790852e+00,4.880657121563217737e-01
3.104855973780945577e-01,4.834871316058056978e-01,6.944079262393518075e-03,3.577592412959870738e-01,1.282194280022527222e+00,1.644022171722486769e+00,9.285036891305127327e-01
9.400880953889274583e-01,-1.740579999143324064e-01,2.205726318587803922e-02,2.665634644495113115e+00,2.350090348426470577e+00,5.522924645767249174e+00,1.916553567770227506e-01
8.050595544598518893e-01,-2.187114697956037690e-01,-7.765776561771804698e-03,1.431104567847708120e+00,1.862343414285277943e+00,3.468322992731746268e+00,6.061138570363305833e-01
7.925902943394638189e-01,2.832154783364925210e-01,7.214680219478977752e-02,1.891035920056020503e+00,2.203308552604718251e+00,4.854568577981098088e+00,1.072496737869057082e+00
2.182333801554880992e-02,-7.854822606461475676e-04,3.453915013068548063e-05,4.654006890286042399e-03,4.345930386077841434e-01,1.888711092063469765e-01,1.795630954257748935e-01
3.457876230574807863e-03,4.748758087405047235e-04,-2.498323910097192277e-05,4.082558169561744006e-03,1.474763791444815730e+00,2.174928240556687875e+00,2.166763124217564673e+00
9.261948649887199458e-01,-7.096769714173429833e-01,4.097927877149653425e-02,3.556236231328568032e+00,2.769928279176494978e+00,7.672502671781657568e+00,5.600302091245210612e-01
6.468871747734386002e-01,-1.135928282673700940e+00,-1.246943317228879806e-02,1.314913199269036603e+00,1.919641033357013749e+00,3.685021696947983649e+00,1.055195298409910665e+00
9.910274833305867670e-01,-3.494162712752787447e-01,1.917324579711348568e-03,2.104840228544789138e+00,2.065728581377224149e+00,4.267234571918758768e+00,5.755411482918027649e-02
1.130321846205856184e-01,5.225455655958125001e-03,-9.227319729538905355e-05,2.443923073420293732e-02,5.343214548070985837e-01,2.854994170671742992e-01,2.366209555987684732e-01
6.117225875384435518e-03,2.664870578650280208e-05,-2.168322540283970252e-05,2.729698204733215210e-03,7.206220754409717877e-01,5.192961756128536832e-01,5.138367792033872172e-01
8.054248083145884030e-01,2.262971762697753020e-01,1.336762901761738391e-02,9.160708759428449754e-01,1.497238674149059312e+00,2.241723647367632744e+00,4.095818954819427371e-01
7.555772309331297842e-01,1.399394647352019405e-01,-9.596835363130796007e-03,1.296732755327935083e+00,1.794286135687962025e+00,3.219462736722039420e+00,6.259972260661693655e-01
9.808039394868771632e-01,2.625188746611198942e-01,2.986958973208818499e-04,2.857599758713608828e+00,2.406958356332709048e+00,5.793448529119856971e+00,7.824901169263963341e-02
9.656585382986359045e-01,-4.054352590912870813e-01,-6.253669540426348532e-03,1.640065372946327704e+00,1.835669294590140277e+00,3.369681759101062823e+00,8.955101320840733181e-02
4.771840663090086698e-01,-2.731553465485870441e-02,-1.628816555511874726e-03,1.916146757029223713e-01,8.616843251263477388e-01,7.424998761684493687e-01,3.592705247626046261e-01
1.746492383272235660e-02,2.956226226659586231e-03,1.104617276897353989e-04,1.692549835022356952e-02,1.511664438195246429e+00,2.285129373704149813e+00,2.251278377003702591e+00
8.545144487998301841e-01,-4.424008122575521229e-01,3.159823728046060737e-02,1.682361546984566525e+00,2.014228921106890002e+00,4.057118146623425403e+00,6.923950526542929085e-01
2.276464285500336970e-01,1.914920193630120782e-02,-3.006798377666063983e-03,3.292151680860073704e-01,1.709086682039767435e+00,2.920977286725701116e+00,2.262546950553686376e+00
9.866354761455056188e-01,-1.276528444979179167e-01,9.829627400499217627e-03,2.071283478662566679e+00,2.048756095266442756e+00,4.197401537891400913e+00,5.483458056626706184e-02
9.747856092728394151e-01,-1.403054466829419256e-01,-1.908427969125528175e-03,1.633316260954319699e+00,1.825029293452057555e+00,3.330731921958116182e+00,6.409940004947657644e-02
1.552293686155914454e-02,-1.212028122533820307e-03,1.434514461474474730e-05,8.201070555161163109e-03,7.418324406248725245e-01,5.503153699634550922e-01,5.339132288531328596e-01
1.007242520795226248e-02,9.678971263106517231e-04,6.492146620152635533e-05,9.777031149435422199e-04,5.832472727953683655e-01,3.401773812232348204e-01,3.382219749933477182e-01
6.144422319385292042e-01,-4.489252956364460090e-01,-4.882185214976348178e-03,1.081169229580136726e+00,1.827418662104077107e+00,3.339458966606255519e+00,1.177120507445981623e+00
8.741704282546999272e-01,-9.305969181951411207e-01,1.654641632580682309e-01,5.085593310335006834e+00,3.445775906394446420e+00,1.187337159708846990e+01,1.702184976418456674e+00
8.097119350976073049e-01,7.883691149345080085e-01,-1.411007821459724608e-02,3.061029892742276992e+00,2.662538101479791752e+00,7.089109141831612781e+00,9.670493563470593523e-01
6.110479223986055031e-01,2.862086878303134463e-01,2.757108726626088160e-03,1.050978981093234621e+00,1.909483572317925093e+00,3.646127512952024752e+00,1.544169550765555732e+00
7.675086053803010788e-01,-5.578606476547254278e-02,-2.076075672919240958e-02,1.675801491419462552e+00,2.055008497998158212e+00,4.223059926844646483e+00,8.714569440057209349e-01
9.831769494083902883e-01,1.273036773398549926e+00,-4.851298813681651119e-03,5.466940113904564136e+00,3.326602678008328429e+00,1.106628537733218209e+01,1.324051495230552378e-01
9.662611295847326476e-01,-6.918849409550381635e-01,1.655891911862958712e-02,3.284304294738111807e+00,2.600757956058176390e+00,6.763941945999904171e+00,1.953333565236797797e-01
3.858456982968124782e-01,1.322024462095727423e-02,1.047491260138871819e-03,4.126694792271415890e-01,1.324755376594280776e+00,1.754976807815454842e+00,9.296378493611716642e-01
7.892137487503867455e-01,-4.032552800993269293e-01,2.725606135019238013e-02,1.591076152879472572e+00,1.929082536957062555e+00,3.721359434392696564e+00,5.392071286337510871e-01
9.759688553468355288e-01,3.533266303093998695e-01,9.687075500779320641e-03,2.953556953980946975e+00,2.463247469814654700e+00,6.067588097548297199e+00,1.604741895864041645e-01
2.246556085400691627e-01,-7.050101233306502180e-03,-4.189076934073154672e-03,2.682934528152747800e-01,1.389595626482889257e+00,1.930976005140373486e+00,1.394389099509823815e+00
8.824251129706105479e-01,-6.203971582334129042e-01,-1.539751285528481034e-02,1.937046371413099211e+00,2.086837698070445501e+00,4.354891578087956461e+00,4.807988352617587613e-01
9.140280789166616016e-01,-5.606024041632011734e-01,-6.371801400081419237e-03,2.329149429984766151e+00,2.218203644599433311e+00,4.920427408914209266e+00,2.621285489446765760e-01
9.618328063736721889e-01,-7.941539324525999088e-01,-8.780840142457469258e-03,2.334782077967747060e+00,2.199684046472274002e+00,4.838609904304638221e+00,1.690457483691441276e-01
9.311292240309677615e-01,-1.534380891215560094e+00,-2.103162317644094448e-02,3.227153726512265397e+00,2.618241755572879192e+00,6.855189890625352334e+00,4.008824376008210399e-01
6.955294357489960611e-02,-1.713835051636802831e-03,-7.903408091984376934e-04,3.335865127932653024e-02,1.127704720389754334e+00,1.271717936389333836e+00,1.205000633830680901e+00
7.152678875397175950e-01,-2.384038273990657930e-01,2.214523029702530899e-02,1.177802682898709596e+00,1.790088376600002196e+00,3.204416396038431536e+00,8.488110302410124541e-01
9.144508218666129729e-01,6.016618308364966028e-01,4.129609769192488927e-02,3.093941369400209140e+00,2.629427940145840026e+00,6.913891292419595658e+00,7.260085536191779321e-01
6.839840800412075872e-01,-1.948378664292443885e-02,-3.712319940264576651e-03,3.167838052317099029e-01,1.113155753492108602e+00,1.239115731532583808e+00,6.055481210691637806e-01
2.627314552891020227e-01,-1.270788528614115453e-02,3.415656006686006608e-05,6.182190350234571807e-02,5.002895543573867565e-01,2.502896381991126518e-01,1.266458311944211879e-01
8.473474178594692097e-01,2.572216035239767717e-01,-9.809919874467049397e-03,1.918692471287407386e+00,2.098083134598094812e+00,4.401952839684966534e+00,5.645678971101522059e-01
9.617969391398334400e-01,9.499815362740889058e-02,4.544451383091027002e-02,2.787765786188566519e+00,2.415077484648705752e+00,5.832599256857118775e+00,2.570676844799859584e-01
5.946262152847175964e-01,-6.520278908533938544e-02,-2.222089397341998722e-03,1.457563401896692090e+00,2.295384644115299189e+00,5.268790664440317961e+00,2.353663860646933781e+00
4.427229494545202870e-01,5.490096948648397548e-03,-3.507996959534217911e-03,3.138822089028706630e-01,1.052550619592836689e+00,1.107862806805264277e+00,4.800983889995228404e-01
6.198461378615136574e-01,5.903668219977664666e-02,-1.720071392447488886e-03,5.289068145643160967e-01,1.195998185509581146e+00,1.430411659742210517e+00,3.725980306135781017e-01
9.375064791146703325e-01,-2.345980421283870854e-01,-2.077622454408217106e-02,2.603514883793118795e+00,2.347459357657266210e+00,5.510565435852664784e+00,3.035356682664278050e-01
9.771935007499942261e-01,5.190284574634178583e-01,5.923081140555312013e-02,6.125717964924320746e+00,3.541426087391419397e+00,1.254169873245649747e+01,2.902628026078572510e-01
9.411755237030439147e-01,7.425582620900081365e-02,1.766682486002515290e-02,2.882712269482481826e+00,2.449934987324692504e+00,6.002181442117640486e+00,2.367569031526768897e-01
2.598997064791785938e-02,8.515431527072840623e-05,-1.134230001649249870e-04,4.686415109016156544e-03,6.588431701438295374e-01,4.340743228451711677e-01,4.247014926271388546e-01
9.833952925313712568e-01,-3.394363571144740077e-01,5.167444102921348731e-03,2.070902504869451821e+00,2.056389071893342191e+00,4.228736015002360737e+00,8.693100526345741430e-02
9.956358986300289926e-01,1.760576529534105816e-01,-1.598820257075655397e-03,7.949688514591933819e-01,1.262242778402949295e+00,1.593256831630396997e+00,3.319128712009958987e-03
9.927260833054002420e-01,-5.983437217183157353e-01,5.231201149683662593e-03,1.822904130861743743e+00,1.913142211717722807e+00,3.660113122256179796e+00,1.430486053269290798e-02
9.834413668704924394e-01,-1.971997029324449868e-01,-6.244737588954481743e-04,2.348362458640715023e+00,2.180743843173363228e+00,4.755643709538529329e+00,5.891879225710058149e-02
8.939089742769209535e-01,-9.600910042758462049e-02,-2.242607413715922912e-02,2.626595105530272978e+00,2.475672514183230977e+00,6.128954397482319294e+00,8.757641864217744487e-01
4.601393043394272908e-01,2.127219146840381159e-01,-9.690253777086698175e-03,9.536254588899673035e-01,2.086229045920494407e+00,4.352351632042335439e+00,2.445100714262400388e+00
9.952835267563214794e-01,-7.329239060785417911e-03,-8.081399916533563849e-03,2.069105543804055092e+00,2.041787782565299469e+00,4.168897349032921973e+00,3.068626142481079011e-02
9.504376035951639379e-01,1.312545071814339714e-01,-2.836021504379825781e-02,2.249311422729178389e+00,2.163973132411340483e+00,4.682779717798148056e+00,1.841568723397910279e-01
9.858399269197635206e-01,-8.230167765082452291e-02,2.991510942573341950e-02,3.902908580302502983e+00,2.812869599472087145e+00,7.912235383634260266e+00,1.064182230292546327e-01
9.872391940054933146e-01,-7.678671690882671319e-01,8.326595323273909395e-06,3.467845749611560002e+00,2.639008799273927508e+00,6.964367442645215789e+00,2.867594342209565939e-02
9.840515874279187614e-01,-2.516201703679973867e-02,5.887035243017555396e-03,2.438215751671013898e+00,2.219204721816397718e+00,4.924869597332194537e+00,4.843809399016681116e-02
9.407189220055560686e-01,4.203956869966932186e-01,1.743171269642754696e-03,3.852826473775775806e+00,2.888782274112986492e+00,8.345063027229397079e+00,6.394100796778449114e-01
9.036619020320164619e-01,1.926661013183915971e-01,-3.146996732973612139e-04,2.220435873160776286e+00,2.202686912886361981e+00,4.851829636200851503e+00,4.109578898792989876e-01
9.179557518300327512e-01,-2.812987482225483005e-01,-5.476173436633836877e-02,4.011877241934162619e+00,2.979544487554376175e+00,8.877685353315669659e+00,8.539308694473450867e-01
8.530391660542955279e-01,-7.117990057262745252e-01,9.318084248444484519e-02,3.612185110598419957e+00,2.835032149502131116e+00,8.037407288710673114e+00,8.130370675138344216e-01
9.821933046849662396e-01,4.362392972482230791e-01,-1.314832825655113356e-02,4.811113537247223348e+00,3.130914016157525293e+00,9.802622576571645041e+00,1.803955020771978446e-01
9.798069304360135234e-01,2.933680040634603636e-01,-4.196584069503558889e-02,5.808031973067908638e+00,3.449373925048128786e+00,1.189818047480193286e+01,2.821165286661170835e-01
9.139526611986761306e-01,7.676785075172782857e-01,-1.196294317217168855e-02,3.421648794573079133e+00,2.693681534284147361e+00,7.255920208143398220e+00,4.126226189972403979e-01
5.588874552907747706e-01,-8.527222597833616913e-04,-2.020018185499738300e-02,1.282245118122621541e+00,1.968100531743698145e+00,3.873419703049827412e+00,1.308929466804584552e+00
9.335334733650004768e-01,6.809142422065037614e-01,-6.285672070036903147e-02,7.495099153795125702e+00,4.006595365215381399e+00,1.605280642056537488e+01,1.062608112975127028e+00
9.948026988744461674e-01,1.167481240723314273e-03,-2.336584378024638559e-03,2.705190471239527383e+00,2.331502747152126354e+00,5.435905059977912401e+00,2.552411749885842226e-02
2.388629164341082856e-02,-2.308936867309180352e-03,-2.000933893773025466e-04,1.584772962855128184e-02,1.467515822129368486e+00,2.153602688200036308e+00,2.121907228942933710e+00
4.038062256134025141e-01,-7.443372881419535458e-02,-2.729183731559657513e-03,4.935627024626677017e-01,1.375909726180929882e+00,1.893127574599281715e+00,9.060021696739463115e-01
9.531028763387733305e-01,2.778590513162614850e-01,-2.412295248112214519e-02,4.427136686371063057e+00,3.068256969311671245e+00,9.414200829729640674e+00,5.599274569875127838e-01
1.164269553619975417e-01,4.170813825620678372e-02,-2.602082592169670098e-04,4.993098302884347861e-01,2.368641078402663247e+00,5.610460558296531453e+00,4.611840897719662102e+00
7.611142632064549218e-01,7.668664775478162277e-01,8.375642988944891065e-02,3.674490863985101274e+00,3.086653194955509605e+00,9.527427945929055397e+00,2.178446217958852849e+00
9.535581703680424681e-01,-8.789228248824758616e-01,3.494991953665324558e-02,4.160771309086269909e+00,2.971279209122037912e+00,8.828500138560883670e+00,5.069575203883457393e-01
1.403882046558058150e-01,1.478549717492008697e-02,-1.007922646083263729e-04,1.153383783429773046e-01,1.204438839191560806e+00,1.450672917353114544e+00,1.219996160667160101e+00
3.607420485894352602e-03,1.592173472271666331e-04,5.452590448548716938e-05,6.489353635630328541e-03,1.444405659395853858e+00,2.086307708894771462e+00,2.073329001623510859e+00
5.937895629173884915e-01,-6.703598679721499698e-01,6.797526625454183152e-03,8.177503102449735772e-01,1.604839836690179267e+00,2.575510901427761290e+00,9.400102809378143576e-01
5.985131257936153748e-01,-5.752906004522548300e-02,-1.626836937371562916e-02,1.186186440611757265e+00,1.979287475231372717e+00,3.917578909607782212e+00,1.545206028384267682e+00
8.894860303477890584e-01,-7.684351288661545043e-01,1.387001413715278041e-02,1.669088341566098865e+00,1.910023201832108608e+00,3.648188631536979809e+00,3.100119484047820784e-01
9.684541524281079505e-01,-6.134101297640121020e-02,-7.642588569395191008e-04,3.538761762038018954e+00,2.684367186594139199e+00,7.205827192463334363e+00,1.283036683872968431e-01
9.272047110479089138e-01,3.556459367584535736e-01,-1.670498478073939455e-03,2.801613158930107428e+00,2.418138279699176607e+00,5.847392739746493540e+00,2.441664218862801827e-01
8.673496789696575338e-01,4.769053739873679865e-02,-9.780262765163914504e-03,2.182901731855340977e+00,2.243012107070972760e+00,5.031103312466964184e+00,6.652998487562826746e-01
8.304923851277041802e-01,-9.418410903804341761e-02,-2.542266931833857962e-02,1.622194550597812368e+00,1.912101395600023457e+00,3.656131747055557213e+00,4.117426458599327543e-01
9.409272291566206370e-01,-2.745453342264622676e-01,1.107640098311666113e-02,2.243847171048362288e+00,2.158290588475114458e+00,4.658218264300256095e+00,1.705239222035307978e-01
5.210335696109957837e-02,-1.692025503816807497e-03,-1.810960806440093762e-04,1.365163614852107736e-02,6.811543722012848301e-01,4.639712787689265205e-01,4.366680064718843068e-01
3.231591028664881904e-03,2.139732481757916638e-04,1.191442902164076003e-05,5.015441767172791263e-03,1.548492175274797322e+00,2.397828016887273428e+00,2.387797133352927315e+00
6.517710119178949935e-01,-4.823542013576755938e-01,-2.077261997445568192e-02,1.308932557190989332e+00,1.860454204870288342e+00,3.461289848419537130e+00,8.434247340375585766e-01
5.268334492280069004e-02,-9.287370772285905018e-04,-1.748332275363633111e-04,1.285449731212070894e-02,6.541298316380608213e-01,4.278858366388377243e-01,4.021768420145963030e-01
2.462808874036381823e-03,-1.921784377785229481e-04,-1.268963456403425050e-04,5.714997192675879897e-03,1.698797593372019854e+00,2.885913263246566274e+00,2.874483268861214302e+00
8.167029581096876267e-01,6.273817452726825339e-01,-9.213908324905085295e-03,8.666472434489500554e-01,1.380420211157142640e+00,1.905559959371130541e+00,1.722654724732301801e-01
9.926427731023974577e-01,2.206379667878275996e-01,-6.886185885668675948e-03,2.799749711328237911e+00,2.370505539075463464e+00,5.619296510787453514e+00,1.979708813097700096e-02
9.944007804157803943e-01,-3.531343693408949824e-01,6.247014196316336837e-03,3.558307194368893089e+00,2.674123014631230255e+00,7.150933897380419069e+00,3.431950864263332707e-02
9.954795410677689249e-01,1.108591511662729151e-01,1.301892268594129556e-02,3.559200112205069377e+00,2.676228001805706302e+00,7.162196317648962918e+00,4.379609323882478755e-02
3.210545555395627471e-02,7.264061014317368947e-04,-1.003694502034392806e-04,6.501506609699412263e-03,6.487400930392152043e-01,4.208637083165295834e-01,4.078606950971306877e-01
2.611764621080592264e-03,2.004421269203374156e-04,-1.042081049184779201e-04,5.541927398138045413e-03,1.915529365652950400e+00,3.669252750678794417e+00,3.658168895882518257e+00
8.035282512684285283e-01,2.556686934712949499e-01,-3.072669510499204636e-03,1.521960393065309392e+00,1.898449084955880384e+00,3.604108928169819759e+00,5.601881420392011979e-01
7.578611795260756789e-01,-6.016163632918528764e-02,-1.061508585451484236e-02,9.930789307482533745e-01,1.593730661115404956e+00,2.539977420179345469e+00,5.538195586828390526e-01
9.705513421072224922e-01,1.978908246518392977e-01,-3.447490207655678780e-03,2.303184542106448074e+00,2.167343395021615660e+00,4.697377391943822644e+00,9.100830773092621895e-02
1.357038541429111955e-02,4.227331852483806607e-04,-6.897334981438742315e-05,1.228809997284131990e-02,1.242133705426275103e+00,1.542896142156008565e+00,1.518319942210325957e+00
1.935011574159206660e-03,2.339328646474847506e-04,-2.169958570968373292e-05,5.980266084368019222e-03,2.132984321029231189e+00,4.549622113756529806e+00,4.537661581587793869e+00
4.484982208953187666e-01,-1.566912247553652604e-01,-4.233507452433109275e-03,9.979315624588129818e-01,2.067949180145424393e+00,4.276413811664133036e+00,2.280550686746507516e+00
9.896996633433007284e-01,2.157020418818564322e-01,1.400268565651222562e-02,3.317318785627766164e+00,2.588762142476584316e+00,6.701689430319954788e+00,6.705185906442170940e-02
7.579508469447480135e-01,-2.313742733765410953e-01,5.406011871827163043e-04,1.773933171671974396e+00,2.149559344248876958e+00,4.620605374447662506e+00,1.072739031103713714e+00
9.958580618085256519e-01,-3.027521582850544735e-01,6.426400071073681310e-03,2.363675527954200550e+00,2.178514906761820580e+00,4.745927198983463491e+00,1.857614307506274404e-02
3.880069358409821145e-02,8.106487708132437131e-04,-6.158968604472226142e-05,6.281630447712364430e-03,4.500237426690809617e-01,2.025213689658872107e-01,1.899581080704625113e-01
2.018715089432410181e-03,5.241013954423445753e-04,9.113683597780194621e-05,5.407066441308537759e-03,2.258230833223667577e+00,5.099606496122059518e+00,5.088792363239442729e+00
8.841760509547436087e-01,2.999197281940550464e-01,1.343949645463702117e-02,1.751807352244107774e+00,1.962141687954880753e+00,3.850000003610428934e+00,3.463852991222128863e-01
9.047630023049860748e-01,2.782224387560635614e-01,3.077991031084311314e-03,2.078512366614680307e+00,2.132556652301515587e+00,4.547797875275447765e+00,3.907731420460871519e-01
1.869293948289073581e-01,1.863491968837397983e-01,-6.905460835952069269e-04,6.366481417753137861e-02,7.523833531328196766e-01,5.660807100713851625e-01,4.387510817163223775e-01
9.645132569087473406e-01,7.870526307900563290e-02,2.393100471707767032e-02,2.480219504557215515e+00,2.269484700195305127e+00,5.150560804420574179e+00,1.901217953061430654e-01
8.832673751674023910e-01,-3.171576075117055193e-01,9.181943673193260214e-02,1.833414587088820102e+00,2.056370160901310751e+00,4.228658238645283340e+00,5.618290644676432466e-01
6.215518084173483615e-01,-5.100280595847332676e-02,-4.047181752146826982e-03,5.861873877616902151e-01,1.243940238879328364e+00,1.547387317903160309e+00,3.750125423797798785e-01
9.434338259718676456e-01,-2.211461848400346208e-01,1.032517251468939058e-02,2.105530429087626665e+00,2.114930463683308837e+00,4.472930866215695467e+00,2.618700080404414154e-01
1.882857315053942937e-02,-2.836678305126516531e-03,2.395048440258811440e-04,1.218989188745136718e-02,8.956059431943829141e-01,8.021100054851002525e-01,7.777302217101974557e-01
1.962969415346904611e-03,-5.433826911807604354e-05,-2.744467224273292903e-05,4.740928697229457485e-03,1.907167772582346599e+00,3.637288912776709182e+00,3.627807055382250123e+00
9.699911998335829511e-01,2.341755379862985598e-01,-6.233177427718393157e-03,2.177179653104027057e+00,2.113816404176399377e+00,4.468219790565243876e+00,1.138604843571910108e-01
8.120448710404921666e-01,3.669355699686533967e-01,5.652919615361710198e-02,1.868874461407737497e+00,2.080216535067290096e+00,4.327300832767361882e+00,5.895519099518868877e-01
9.734309730243290160e-01,-4.819733853327492490e-01,1.709925015252066610e-02,6.005675144049791747e+00,3.510924737894906666e+00,1.232659251516241916e+01,3.152422270628366663e-01
1.377075159268493776e-01,2.385625165655164137e-02,-2.216700094801209685e-03,4.689407527963555533e-01,2.585065440756312061e+00,6.682563332992626393e+00,5.744681827399915619e+00
7.311020910986183452e-01,2.551321433556466012e-01,2.757089850529925138e-04,1.432808088920944245e+00,1.967210728660737873e+00,3.869918050957911415e+00,1.004301873116023147e+00
9.010113586011038178e-01,2.587239162831285189e-01,-1.377351494902686636e-02,2.135887099634118158e+00,2.179285723092589055e+00,4.749286262875188847e+00,4.775120636069536406e-01
9.892337705858709196e-01,3.012754747965596946e-01,-2.763921396710949593e-02,5.501743726392686717e+00,3.331737727796285409e+00,1.110047628682115395e+01,9.698883403578115181e-02
1.279429764400157321e-01,1.225446505550295551e-02,8.571214989540000464e-04,5.650622735435845839e-02,7.504064746763348115e-01,5.631098772361647908e-01,4.500974225274478324e-01
9.969903403912578899e-01,-3.281625089412774088e-01,-2.623303237801198010e-03,2.354971726228719753e+00,2.174032328785435286e+00,4.726416566604223490e+00,1.647311414678390498e-02
6.355476650819673612e-01,4.483155509681138740e-01,-1.749406314592362108e-02,1.544217345446965872e+00,2.184409385526815850e+00,4.771644363577641101e+00,1.683209672683709135e+00
9.702269263330389748e-01,-1.449352459097038581e-01,-1.589721547890002654e-02,2.970406607101296448e+00,2.472509832067244062e+00,6.113304869669192065e+00,1.724916554666001411e-01
8.901887047907669492e-01,-4.231830055266099788e-01,2.262901921665449317e-02,2.149116909591754165e+00,2.176056839878930393e+00,4.735223370383876862e+00,4.369895512003683091e-01
3.807520874431792324e-01,1.250833817048918051e-01,-7.569579885059557652e-03,6.342512003123016440e-01,1.764970554265491431e+00,3.115121057424236284e+00,1.846618656799632996e+00
9.271671631283270321e-01,1.988173528399401480e-01,-1.377233297550416180e-02,2.296215391281133833e+00,2.220599977128298264e+00,4.931064258422198421e+00,3.386334758599311434e-01
9.325614681192704314e-01,-2.570534599880200943e-01,-5.384090100870740810e-03,2.157111568338260899e+00,2.140708035718414948e+00,4.582630894189394510e+00,2.684077575128737125e-01
9.881863602844382921e-01,1.228041940773075269e-02,9.800606188486097453e-05,3.674473907782461968e+00,2.721186303856055755e+00,7.404854900293781128e+00,5.590708472885683178e-02
8.309683355706375396e-01,1.145281114977223375e-01,-2.607143192486850031e-02,3.053941151642157514e+00,2.706604126225289342e+00,7.325705896099762526e+00,1.217823592815448608e+00
9.634611253850301482e-01,6.239008260682424312e-02,5.760977044861935806e-03,2.814349266265092187e+00,2.402178171886927505e+00,5.770459969490020491e+00,1.417614369598358959e-01
9.946130369614156752e-01,6.276273931469893153e-02,1.595552687159864898e-03,2.833573523670614769e+00,2.386616154091775854e+00,5.695936666971818774e+00,2.878961963058936438e-02
6.217143621712482027e-01,1.155563521780875180e-01,1.994974251745074492e-02,2.324423088419635519e+00,2.701363768122497344e+00,7.297366207724978793e+00,2.648520030885708643e+00
8.949804833455414776e-01,-1.143569951995150769e+00,-3.057227204299318817e-03,3.368792207599560218e+00,2.737947779504563695e+00,7.496358043293970042e+00,7.587736280948496059e-01
8.654625689633046459e-01,2.504667576493299075e-01,-1.207433528410923294e-02,1.927842698937058508e+00,2.097646267220258487e+00,4.400119862383083280e+00,5.444344645089653767e-01
9.094673967757239685e-01,-1.913846386940181443e-01,3.131333369364597274e-02,2.185873533597821439e+00,2.182033760040583026e+00,4.761271329956843879e+00,3.895242627612016117e-01
1.272956086889256433e-01,2.735566505556674688e-02,3.254138559937749982e-03,1.241279863836582814e-01,1.371889141850330063e+00,1.882079817526834953e+00,1.633823844759518362e+00
7.703717925794721921e-01,4.818446686202045859e-01,2.256788619637235468e-02,1.507069080301635111e+00,2.003476914401148168e+00,4.013919746538345379e+00,9.997815859350753787e-01
9.209408056067595050e-01,-2.211093231856442465e-02,7.439106578445905775e-03,2.925927209743963697e+00,2.533313482271422945e+00,6.417677199458163173e+00,5.658227799702369998e-01
5.301729869645728233e-01,9.606496172144851631e-02,3.910473310202175826e-03,4.275568198878812454e-01,1.202863428236180532e+00,1.446880426988097268e+00,5.917667872123348882e-01
8.558450850083609840e-01,-1.338359107925556069e-01,1.235619235487618248e-02,1.769698639486058100e+00,1.999928407876874425e+00,3.999713636632929781e+00,4.603163576608137464e-01
9.917575135819544085e-01,-1.005144974898207311e+00,4.097469038431336003e-02,5.818551749518408478e+00,3.422704887818956099e+00,1.171490874909977364e+01,7.780525006295677115e-02
8.061269357091286336e-01,2.898864312224969098e-03,-4.136854836032047289e-02,2.863346757860191438e+00,2.552059419032350451e+00,6.513007278271738087e+00,7.863137625513545448e-01
9.911629472318632672e-01,3.731751997383482289e-01,-3.642883937750037316e-03,2.741251970055204712e+00,2.350211759271830569e+00,5.523495313419592989e+00,4.099137330918279504e-02
1.143975779286252603e-01,-4.137955470635223953e-03,5.170232162713914745e-05,2.223519027833016984e-02,5.313434474291101051e-01,2.823258591258515082e-01,2.378554785691911477e-01
4.039559695609318268e-03,3.965598813138009049e-04,-7.474831779623924478e-05,9.027187954487585209e-03,1.655135122615400523e+00,2.739472274115096972e+00,2.721417898206121233e+00
7.853918396180730177e-01,8.435197595600082976e-02,-1.336395819184320322e-02,1.628517640673332600e+00,2.122983141862182954e+00,4.507057420631025657e+00,1.250022139284360900e+00
9.649173237636199385e-01,-2.589923813464726776e-01,3.902805702731454440e-02,4.473715963387508765e+00,3.033097736237162501e+00,9.199681877566998622e+00,2.522499507919814254e-01
6.616434404848665629e-01,3.712064968355718864e-01,6.107090839568608820e-02,1.560566819147081619e+00,2.308469498334378756e+00,5.329031424740178657e+00,2.207897786446015420e+00
8.688942366586729360e-01,4.264187026397858737e-03,-2.275951129259448646e-02,1.527261257308188291e+00,1.929350518909079604e+00,3.722393424814734786e+00,6.678709101983585361e-01
9.262935452656126945e-01,2.333986689064929676e-01,-1.447114186140288292e-02,3.570001922255795712e+00,2.781171482394467986e+00,7.734914814484243450e+00,5.949109699726526923e-01
9.435952820018931320e-01,8.773286291513148205e-01,6.628140796806607053e-03,5.434848488222148610e+00,3.394605906777081294e+00,1.152334926232585133e+01,6.536522858815534409e-01
9.378545395653558048e-01,-1.649675158626136284e-02,-5.608635382045330103e-02,5.069419699875579610e+00,3.290521102236004580e+00,1.082752912426044922e+01,6.886897245092891140e-01
9.765994055498805615e-01,-3.054348093381910600e-01,-2.157847218299454445e-02,5.873849590912511687e+00,3.466908738826699476e+00,1.201945620335293619e+01,2.717570215279120904e-01
1.251426656123946213e-01,6.540300175991231590e-02,2.398281355858912500e-02,6.620976456619421802e-01,3.201822668951542106e+00,1.025166840341197627e+01,8.927473112088092577e+00
6.813309086907703982e-01,5.208080212456520086e-02,-4.222422689346245345e-02,1.625138218938539936e+00,2.144585327104981509e+00,4.599246225233979857e+00,1.348969787356899763e+00
7.737760745606624413e-01,3.206752306076871561e-01,-2.203561777387725087e-03,1.383465573142966587e+00,1.794330767106897984e+00,3.219622901786429292e+00,4.526917555004965621e-01
9.183694148437024918e-01,6.079473436494818861e-01,5.258201349873290169e-04,2.943890896033708682e+00,2.485182425022035790e+00,6.176131685638406310e+00,2.883498935709880584e-01
5.939218865751716425e-01,1.857289793081753904e-02,-4.375830938850117265e-03,1.108518794536832663e+00,2.017207413139938676e+00,4.069125747626723744e+00,1.852088158553058861e+00
6.520856586967919144e-01,2.468986041774372253e-01,5.481171828258415285e-02,1.236702371423987312e+00,1.805753806889669910e+00,3.260746811096534969e+00,7.873420682485604560e-01
9.296239375863023513e-01,3.880492818481139361e-01,-2.184403527414171056e-02,3.112107942639650737e+00,2.590408949147712470e+00,6.710218523824556414e+00,4.860026385452557163e-01
1.202983073218728549e-01,-1.495591480808339258e-02,-5.161132843264033820e-03,2.972161835561414334e-01,2.073828618770299670e+00,4.300765140030728517e+00,3.706332772918445873e+00
9.739052611871112930e-01,-6.998084012434455103e-02,5.708867053331049927e-03,2.077419375261443601e+00,2.059101776709259202e+00,4.239900126847227391e+00,8.506137632433986850e-02
2.905567679276743753e-02,3.517692869873315087e-04,-1.382364329944200075e-03,6.752562526401727216e-02,2.045487440008697977e+00,4.184018867233336714e+00,4.048967616705302142e+00
4.797341543454791690e-03,-3.953240751309872181e-04,-5.786940225128317674e-05,8.879353394874785199e-03,1.439183998386861951e+00,2.071250581212795261e+00,2.053491874423045704e+00
8.168831515033450064e-01,1.633226310107142032e-01,-5.303723920472692629e-03,1.659790499256452501e+00,2.073642524052277558e+00,4.299993317557899708e+00,9.804123190449949288e-01
9.646078809118791009e-01,-2.131684669520749476e-01,8.074382917901093415e-03,4.218724333072400690e+00,2.948288578671084625e+00,8.692405543122363909e+00,2.549568769775620858e-01
7.880156033178241648e-01,5.804376924585984421e-01,6.289282192187897746e-02,1.307702390429257733e+00,1.734283974501926950e+00,3.007740904214200039e+00,3.923361233556845740e-01
8.562525268341445450e-01,2.620281776547777053e-01,1.934404526089159373e-02,1.672077646103971471e+00,1.966911757393036586e+00,3.868741861370963875e+00,5.245865691630213767e-01
5.476066038014606452e-01,4.625068300881851613e-01,2.597934100285817505e-02,1.394691741319746825e+00,2.213010317986289888e+00,4.897414667513779740e+00,2.108031184874285646e+00
9.812629374983051767e-01,3.380870058071743234e-01,2.065001430957823150e-03,1.532085533577749903e+00,1.764254722487400340e+00,3.112594725819093799e+00,4.842365866359377158e-02
1.979208985709935975e-01,1.291266242415443910e-02,-2.037826256382992596e-04,5.440746764647191175e-02,7.454283810284751954e-01,5.556634712427336309e-01,4.468485359497897380e-01
8.190604443873761298e-03,-4.325393177064956740e-04,-2.459281628374515111e-05,1.926221430835698594e-03,8.911827564130420098e-01,7.942067053279473487e-01,7.903542624662760474e-01
9.600271823072279442e-01,1.296767122248596027e-02,-1.243234710476318929e-02,1.856065663662535226e+00,1.958818467871596969e+00,3.836969790074830744e+00,1.248384627497601679e-01
9.420693970189151223e-01,-8.143709726024942475e-01,1.603363454807859093e-02,1.752381681003013725e+00,1.919750787116633939e+00,3.685443084634935307e+00,1.806797226289079406e-01
9.710114365327399133e-01,-1.225667144957829080e-01,-1.529580588260205740e-03,1.489430672851595583e+00,1.737282069091215408e+00,3.018148987585854481e+00,3.928764188266348212e-02
9.346648820923647571e-01,-4.016043138863962803e-01,3.875932476469329951e-02,2.426994641477096426e+00,2.267071594963617098e+00,5.139613616690879461e+00,2.856243337366866086e-01
1.840700090604108219e-02,-4.226020511928496592e-04,-1.016912584862298156e-04,5.695087093387766856e-03,9.360441173127015402e-01,8.761785895557144821e-01,8.647884153689389120e-01
2.304046351862987230e-03,1.075017537413458513e-03,3.550746974123250295e-04,7.634945233989478587e-03,2.457594993338756417e+00,6.039773151283722719e+00,6.024503260815744277e+00
9.560623352994690460e-01,-1.776105546233305854e-01,-1.192399237963639308e-02,2.678149221639263722e+00,2.355145819029546672e+00,5.546711828892354035e+00,1.904133856138258141e-01
2.284053118583196929e-01,2.326758795612771102e-02,-8.346791344710914433e-04,1.034842943821920741e-01,1.084770657345046851e+00,1.176727379036804910e+00,9.697587902724206232e-01
9.076957139751508086e-01,2.374476633291416894e-02,3.460637997745456829e-02,1.790625028397519358e+00,1.997956017070633639e+00,3.991828246148750203e+00,4.105781893537114313e-01
9.854311633712721230e-01,2.663574595034863823e-01,2.437369603585329628e-02,2.925952179849703683e+00,2.438605457394345422e+00,5.946796576833484949e+00,9.489221713407727798e-02
9.726279475902416261e-01,-4.511767364191780760e-02,2.021484920437056909e-02,3.115153240506366661e+00,2.513819177971145180e+00,6.319286859535523604e+00,8.898037852279061521e-02
9.388358726178227531e-01,-6.548353744214057137e-01,-8.718019833676983812e-03,2.013433120669946952e+00,2.043821704194380473e+00,4.177207158536021758e+00,1.503409171961276047e-01
2.802735201899786421e-02,4.883607569830528128e-05,-4.370951801581252094e-04,4.816758047127169678e-02,1.355768475660679817e+00,1.838108159595283286e+00,1.741772998652739712e+00
3.386563664559916198e-03,1.048648245866867779e-03,2.646640740541969235e-04,8.520037542141515111e-03,2.077236316399959204e+00,4.314910714170872019e+00,4.297870639086588618e+00
7.874667263734991263e-01,-2.151980538312190383e-01,-1.104907821663134865e-02,1.015217063741043813e+00,1.535263131620730581e+00,2.357032883313892491e+00,3.265987558318046435e-01
1.044196407754544031e-01,-1.930780300796736126e-02,2.236396327049667600e-03,6.214246134591358550e-02,1.117777679265962831e+00,1.249426940265201846e+00,1.125142017573374620e+00
9.864485064350315691e-01,8.987751627513701491e-02,-5.711143023526140360e-04,1.091906537307461234e+00,1.483990046873248758e+00,2.202226459218866950e+00,1.841338460394454507e-02
7.752745568326386838e-01,-4.904971071923121262e-02,-5.272083001596125222e-05,1.238774573050036160e-01,5.305090976943106496e-01,2.814399027364316574e-01,3.368498812642435614e-02
2.087095035436803414e-03,5.114443866095774727e-04,-2.303232095386480941e-04,1.842709076860527678e-02,4.153982446717604304e+00,1.725557016763797691e+01,1.721871598610076504e+01
2.223704633013801057e-03,5.500604849488777148e-04,-1.246201639704698342e-04,1.091433825041937707e-02,2.435814230512297840e+00,5.933190965566217834e+00,5.911362289065379194e+00
7.570009326245666914e-01,2.422940792639957375e-01,-6.487452891500359968e-03,5.191425605236997809e-01,1.116499207414626715e+00,1.246570480157489502e+00,2.082853591100901347e-01
6.681052802128404355e-01,3.057979189211436077e-01,-1.896630402099680826e-02,1.535391571452700443e+00,2.174679419547489445e+00,4.729230577803405389e+00,1.658447434898004502e+00
9.395430989157049773e-01,2.031357841953951304e-02,-4.218982691353075076e-02,3.135367249567011072e+00,2.568110096562116862e+00,6.595189468064284632e+00,3.244549689302612117e-01
3.078971017890511641e-01,-4.909805957603263771e-01,-5.920996704830172076e-03,7.796501235079901226e-01,2.100580199062762166e+00,4.412437172694553489e+00,2.853136925678573022e+00
6.475611475869947897e-01,-1.805919273715586582e-01,3.044796788398751453e-03,2.020647681733344081e-01,7.226184983829950781e-01,5.221774942052946900e-01,1.180479578586258460e-01
2.684856020472461413e-01,-5.654622745853401522e-01,-6.211619341835380136e-03,4.458330394928516349e-01,1.757268177633282358e+00,3.087991448122596960e+00,2.196325369136893357e+00
9.906638988850170469e-01,1.223230915666586177e-01,-6.156738583961703787e-03,1.982967991783956663e+00,1.997390201361401330e+00,3.989567616494539504e+00,2.363163292662668474e-02
9.885839036653565337e-01,3.325110461964712050e-01,1.245447478077393692e-02,1.751723414579868132e+00,1.883466297403759260e+00,3.547445293455826487e+00,4.399846429609063220e-02
9.948523506574176167e-01,-1.779048310538736410e-01,-7.558611349048715081e-03,3.470867009387966551e+00,2.641197327512513571e+00,6.975923322859243214e+00,3.418930408331102150e-02
9.976656552314299153e-01,3.483094086919932275e-01,8.165785019498932040e-03,2.549547876977474203e+00,2.260168030860481458e+00,5.108359527723745686e+00,9.263773768796909266e-03
9.975304550157216843e-01,-3.890908452717330435e-01,7.508128723060968285e-04,2.497382771200356011e+00,2.236978904068378959e+00,5.004074617246965673e+00,9.309074846252891194e-03
9.831377547709381215e-01,-5.173551972008362254e-01,-1.502605392009123512e-02,2.594579878058090205e+00,2.298983025147206760e+00,5.285322949915001622e+00,9.616319379882168339e-02
9.358309564195825825e-01,3.009803539330531685e-01,4.020704958296443012e-03,8.213546128881027419e-01,1.324297814285182673e+00,1.753764700920512176e+00,1.110554751443066784e-01
7.599056997119447709e-01,-1.245506035792375427e-01,-2.671225497333104115e-03,4.390880839272849334e-01,1.008175906762414975e+00,1.016418658976217859e+00,1.382424911216481311e-01
8.798831492275114297e-01,-2.374200665871158689e-01,-6.319651774453196257e-05,6.649700826037162615e-01,1.196343604238104819e+00,1.431238019401419148e+00,1.012978541939865834e-01
3.890747842602049200e-01,-8.168333533759089549e-02,-3.201704069186018338e-04,4.805974597848600843e-02,4.844616558332270895e-01,2.347030959726721933e-01,1.385836040157001903e-01
8.057772178290431020e-01,4.998136165212088700e-02,3.986368055722055992e-03,6.294277829434443694e-01,1.228555968808355381e+00,1.509349768494636868e+00,2.504942026077480177e-01
9.728263517265123284e-01,-1.177217447424900865e-01,-6.131944961145606096e-03,2.121293470691206995e+00,2.089307228717466547e+00,4.365204695971060644e+00,1.226177545886481535e-01
9.680080892953648597e-01,6.646859898786762200e-01,-1.864625838711246944e-02,2.406737169263988285e+00,2.227543185490132416e+00,4.961948643223527355e+00,1.484743046955499524e-01
9.389822273843895228e-01,-3.233786245959902050e-01,3.533923925080668937e-02,2.184626752584015286e+00,2.134759005470715287e+00,4.557196011438318095e+00,1.879425062702874405e-01
9.406806528462090533e-01,-3.256113652344937437e-01,-1.167292788871715677e-02,2.345295062915472073e+00,2.238122126463662376e+00,5.009190652966226232e+00,3.186005271352813639e-01
9.863015128887864247e-01,-5.265171567814836973e-01,-1.210126044738466661e-02,2.877635551178849838e+00,2.410439801285602091e+00,5.810220035621773249e+00,5.494893326407419148e-02
9.132892680225230819e-01,-1.461637415349723579e-01,-8.795269744626174613e-03,9.534928424037246719e-01,1.423532284648236557e+00,2.026444165435827838e+00,1.194584806283788964e-01
9.457979790277213361e-01,1.588014905560019285e-01,7.088028917132084376e-03,2.095411651092366601e+00,2.094088032331663740e+00,4.385204687154699243e+00,1.943813849699656260e-01
9.808343215761596845e-01,3.213334122300911394e-02,1.664740511865165848e-02,2.160741292794067459e+00,2.102571009483209075e+00,4.420804849919241164e+00,9.932226433110712127e-02
8.442798271142553101e-01,-2.064247395929530438e-03,6.755425709197267203e-02,1.565601218536397665e+00,1.941109275110713073e+00,3.767905217920838101e+00,6.367027808480432149e-01
4.441611701295866688e-01,-1.680668703501974059e-01,-1.654140442471538049e-04,7.931027810495162866e-02,7.082591404844896799e-01,5.016310100798280214e-01,3.430104538699247918e-01
8.371799898514393767e-01,2.247164666906288910e-01,1.180006344233434749e-02,5.494666477320441222e-01,1.127204428946828818e+00,1.270589824637346599e+00,1.716565291732582155e-01
3.423994747329800470e-01,3.900792043484796467e-01,-1.815404661286999018e-04,1.655539068507323741e-01,1.120305147276900559e+00,1.255083623015117666e+00,9.239758093136528627e-01
8.149454176650090531e-01,-1.626856077967259451e-01,4.532724389187908591e-03,2.996819793950964983e-01,8.540885313266258771e-01,7.294672193436728680e-01,1.301032605534799269e-01
9.535058288848908825e-01,1.154208220412622221e-01,-4.480222722924852644e-03,2.028246504617685630e+00,2.046071821779383626e+00,4.186409899879605767e+00,1.299168906442344229e-01
7.208238652462399809e-01,1.119776851531071593e-01,-3.662731484536886541e-03,2.152654345144197345e-01,7.579748980056826291e-01,5.745259460067250190e-01,1.439950769778856610e-01
1.427162316566403799e-01,1.152130726509131842e-03,-2.305447878450279930e-04,2.309638770334051031e-02,4.283319936949662177e-01,1.834682968227046018e-01,1.372755214160235604e-01
2.438934710919737903e-02,1.451491922248013267e-03,-9.554526546511110977e-05,6.315888420377433789e-03,9.782245471968767925e-01,9.569232647385346180e-01,9.442914878977796134e-01
9.666964813758072150e-01,4.624482833772249890e-01,1.847017141528121747e-03,2.578541087387306252e+00,2.307675335986054233e+00,5.325365456318349011e+00,1.682832815437372009e-01
7.967366369516765134e-01,8.655615450250994658e-03,9.395677984228098176e-03,2.012149247231143523e+00,2.226534347439945716e+00,4.957455200329825118e+00,9.331567058675378501e-01
6.402754311471999804e-01,-3.312872046622820088e-01,-2.888913614113031159e-02,3.899359134700695950e+00,3.612789920693928902e+00,1.305225101106764463e+01,5.253532741666251837e+00
3.089163380193334918e-01,-6.505734033726627841e-01,-1.723472702906470380e-02,1.012000901627645000e+00,2.674473526129477197e+00,7.152808641967438597e+00,5.128806838712148597e+00
5.122474509142315169e-01,1.044605783415719635e-01,9.154890336023333020e-03,4.733864159650577053e-01,1.213195644322780931e+00,1.471843671403767484e+00,5.250708394736521845e-01
9.824476231957873784e-01,-1.431546608598767423e-01,9.797098965206127875e-04,7.556116301953896830e-01,1.243689618669920671e+00,1.546763867587332753e+00,3.554060719655350448e-02
1.757818956433691016e-01,2.542485013659073201e-01,-5.837614688848862150e-03,3.700391053539721087e-01,1.908013573364436555e+00,3.640515796142926419e+00,2.900437585434982424e+00
3.080531661245674568e-01,6.457798077711063289e-01,4.397141882194920137e-02,6.105352697270921558e-01,1.922978754259104139e+00,3.697847289331895659e+00,2.476776749877712014e+00
4.981839446735120136e-01,-1.870250222215716698e-02,-7.158480791791621035e-03,7.585502149492089341e-01,1.584570185115671048e+00,2.510862671557512193e+00,9.937622416590948804e-01
7.544227770098781427e-01,2.836920807161389529e-02,-1.037098308838411281e-02,1.206275893706056479e+00,1.727341753752313691e+00,2.983709534256118623e+00,5.711577468440053318e-01
9.051997333756992559e-01,-3.436222778587958437e-01,-1.556746089744435492e-02,2.658458312193189954e+00,2.420395119527265049e+00,5.858312534631403778e+00,5.413959102450238703e-01
7.282156229309288964e-02,-3.780822166983666133e-03,-4.574540352533473212e-04,3.715062624922878948e-02,8.635593169476784015e-01,7.457346938871408648e-01,6.714334413886833275e-01
9.691854293622742533e-01,3.163383518503421477e-01,-5.132244872179264790e-03,1.877697222621631301e+00,1.948011752613621361e+00,3.794749788320792572e+00,3.935534307753031646e-02
9.978658529395751930e-01,-4.420225967588907456e-02,9.383753036795929037e-03,2.947954178203681774e+00,2.430003755749307714e+00,5.904918252955741131e+00,9.009896548378328734e-03
9.501856672974282603e-01,8.599451622651814731e-01,-2.835491625898400869e-02,4.041312131863845636e+00,2.907090568061492686e+00,8.451175570912091928e+00,3.685513071844014887e-01
9.760183198396817916e-01,-5.911962658035312401e-01,2.473553731454958531e-03,1.988346398881061017e+00,2.019917950384381378e+00,4.080068526285039354e+00,1.033757285229178896e-01
8.856894442436973325e-01,-9.035086086966541696e-01,-7.301173744717494307e-02,4.874947695405402293e+00,3.245238396705227846e+00,1.053157225144991749e+01,7.816768606391143459e-01
9.714515826895915307e-01,-1.732204636422847444e-01,-9.742953103343620497e-03,1.824549093162747493e+00,1.924171301604318263e+00,3.702435197917656406e+00,5.333701159216167054e-02
9.894489391603376038e-01,2.592305036676048613e-01,-8.082617174133851059e-04,7.011981624391748769e-01,1.189564957158483427e+00,1.415064787299464388e+00,1.266846242111476992e-02
9.423971606678184232e-01,1.026483141850115244e+00,3.836632664871624659e-02,2.614470390792311694e+00,2.335281665089763425e+00,5.453540455304418444e+00,2.245996737197942517e-01
9.202445970985904111e-01,-2.226851206865038402e-01,-3.395506028431482387e-02,2.890826790997157225e+00,2.491858152744702348e+00,6.209357053400240467e+00,4.277034714059267384e-01
9.375956720368132657e-01,-5.229010160008322472e-02,1.252349274112324849e-02,1.687103770417430981e+00,1.863360175371148619e+00,3.472111143159197777e+00,9.790360232433593934e-02
8.500703570513269414e-01,6.552499003662727584e-02,-4.320402628012766019e-03,7.859648857799587107e-01,1.323760256594864515e+00,1.752341216940101587e+00,1.804114453801839990e-01
7.735463971482999801e-01,3.101129494448697788e-01,2.861521363013894148e-02,1.403311019430203199e+00,1.887941549022244869e+00,3.564323292524513409e+00,7.577012536641072327e-01
9.824096938161361869e-01,1.665208631345253543e-01,-1.480869900011975472e-02,3.066099120967110014e+00,2.496689777555933798e+00,6.233459845352299133e+00,1.012616034180800623e-01
7.717089781165942242e-01,-3.164151823095925908e-01,4.575865648389484258e-02,1.530752222423531705e+00,1.959662981015214855e+00,3.840278999161438112e+00,7.787745543143740345e-01
9.441482526574719314e-01,4.502869705957973645e-02,-2.785015566654347203e-03,2.203194800802604547e+00,2.151363157506129387e+00,4.628363435474743603e+00,2.219738338695340929e-01
9.574574056336813133e-01,-7.204815505312901769e-02,-5.146821009674910387e-03,8.955337223182993078e-01,1.354212609252222199e+00,1.833891791057711940e+00,4.282434642111328932e-02
6.702526402451871590e-01,4.513666844221809749e-01,-7.383196421628704029e-03,9.626699058042933466e-01,1.496857640474067441e+00,2.240582795845592834e+00,3.152429842370060298e-01
9.853838358380320184e-01,1.315873528609310172e+00,1.664074602834414093e-02,3.552508243956297385e+00,2.678031379910192911e+00,7.171852071783691329e+00,6.683558387109668486e-02
9.326005747899185350e-01,1.153921658986035159e-01,-2.225690330908274006e-02,1.555332209466256055e+00,1.800934980966376164e+00,3.243366805668361774e+00,1.327023867358498033e-01
8.129900429486530689e-01,-1.793036616389714899e-01,-1.147995569093848527e-02,1.066930464761524089e+00,1.566269565037838873e+00,2.453200350363820892e+00,3.193394208407733248e-01
9.392195133504991356e-01,-2.917099919778994299e-01,2.244768264240359912e-03,8.045557855106166834e-01,1.308339388195336905e+00,1.711751954703348400e+00,1.026403836821151022e-01
1.185024730542383331e-02,3.482342712531560913e-03,1.014739399671152039e-03,1.504324414245568863e-02,1.401284888986727761e+00,1.963599340102546220e+00,1.933512851817634770e+00
2.282776618720894213e-03,-1.494447556516509401e-04,-1.880217196057895287e-04,7.544310622752669129e-03,2.451308720977183775e+00,6.008914445538796834e+00,5.993825824293291582e+00
8.939196441294062767e-01,-1.558439434656839762e-01,-1.510417171388337776e-03,2.161634755596419488e+00,2.235879611761643293e+00,4.999157638291396033e+00,6.758881270985577228e-01
1.372242174085039901e-01,9.779135338801932253e-02,-2.627377718219122923e-04,1.722229173375531067e-02,5.291876882399684234e-01,2.800396093847619672e-01,2.455950259172513528e-01
9.321192590186219151e-01,-2.560036149604250633e-01,1.654415847108981928e-03,7.640811623331621449e-01,1.295987126723878946e+00,1.679582632634015527e+00,1.514203079676914032e-01
9.814891410885895340e-01,-2.830866735357162600e-02,-3.115070298983781474e-03,1.617449944017569141e+00,1.809970800586897299e+00,3.275994298977173980e+00,4.109441094203590550e-02
4.209116941437199833e-01,5.200947625577410915e-02,-2.619243826735258643e-03,2.660673930359777617e-01,1.020233236579741298e+00,1.040875857021974493e+00,5.087410709500191919e-01
2.882196157677194837e-01,-2.051809760102416003e-02,-1.523782241745632845e-03,1.872028424667069868e-01,1.068387559416630550e+00,1.141451977116224148e+00,7.670462921828099523e-01
2.539283911371252866e-01,3.459721774480525869e-02,2.428353523159395427e-03,6.291797974789170578e-02,7.774318696088571290e-01,6.044003118835230559e-01,4.785643523877396444e-01
1.774577975507453109e-01,5.088706512900676993e-01,1.112617837104237437e-02,1.619091006279181622e-01,1.106503808916144971e+00,1.224350679145936649e+00,9.005324778901003802e-01
7.997074733917504119e-01,-3.791807536484614882e-01,2.095571863373505567e-03,5.990143298103273173e-01,1.232944248986848956e+00,1.520151521109744941e+00,3.221228614890903064e-01
9.871063684397696214e-01,1.985464787749002535e-01,-1.668457966302211090e-02,2.741555633831322503e+00,2.356821494956445218e+00,5.554607559088734270e+00,7.149629142609012500e-02
9.555069878516964099e-01,5.183439107937870549e-01,-6.123519208933252654e-03,2.053770776313788460e+00,2.071614369101536735e+00,4.291586094267958451e+00,1.840445416403824197e-01
7.764339350256764805e-01,2.987461600321615340e-01,8.743876471585547774e-03,1.259760934580492764e+00,1.817481177847655616e+00,3.303237831830501570e+00,7.837159626695157089e-01
9.940947131543054205e-01,1.140534524296269586e-01,-1.097920054348568240e-03,1.962088080206755292e+00,1.985771990331549608e+00,3.943290397585323959e+00,1.911423717181377768e-02
9.945596455159904092e-01,1.964203472074999457e+00,1.304639099257564813e-02,3.715576100316431152e+00,2.732600007789911967e+00,7.467102802573426068e+00,3.595060194056379221e-02
7.979584974305011791e-01,6.396335753021830106e-01,2.730438334736840986e-02,1.448030007841417888e+00,1.932417026629307255e+00,3.734235564806852370e+00,8.381755491240161504e-01
8.793610014993475943e-01,3.692856495026732855e-01,-2.334692458046526073e-02,1.431598274019103334e+00,1.768249650188130184e+00,3.126706825390444422e+00,2.635102773522376984e-01
9.313738756847778077e-01,-5.500099292409081908e-01,5.664685060876263611e-02,3.222875803469257061e+00,2.606348563776703209e+00,6.793052835900883935e+00,3.473012289623695903e-01
9.698778268799695956e-01,-5.737190172052031301e-01,2.465885002188948974e-02,5.047672217900759151e+00,3.224155724373261034e+00,1.039518013500886617e+01,2.998356992073481497e-01
7.783936142207030784e-01,2.977416729753462055e-01,7.334412859636559034e-02,1.287333053441909625e+00,1.838756096283260089e+00,3.381023981618853647e+00,8.063578747350350628e-01
8.499533032304311675e-01,-1.727947434519658265e-01,-2.177950309487820812e-02,1.886011236642248345e+00,2.064798310477803600e+00,4.263392062951991690e+00,4.913695896674946106e-01
8.837530807624671692e-01,-2.425471684632418690e-03,-1.558586700724173824e-02,1.464739312684740780e+00,1.852331899740909948e+00,3.431133466797768428e+00,5.016548414282872015e-01
7.659983174749405155e-01,1.979263346494023190e-01,-4.846522880590817088e-03,1.720004981144236833e+00,2.088046703010969285e+00,4.359939033954978171e+00,9.199290716665040613e-01
9.885729575807010727e-01,-4.314336596784493771e-01,-1.091830270324309175e-03,3.207224713559796658e+00,2.546082436791198944e+00,6.482535774936609485e+00,6.808634781701654315e-02
9.226412066672038392e-01,-4.058859595334398523e-02,-7.691292508552648177e-02,5.854763176294722093e+00,3.554353070724813879e+00,1.263342575137091295e+01,9.238993987814694275e-01
6.989912109559395237e-01,-5.455038473838137447e-01,1.031188179741255977e-02,1.309903716606722890e+00,1.952508396050184558e+00,3.812289036646464790e+00,1.192481603433019011e+00
4.093067010829528618e-01,-4.083587453978052562e-01,-2.939048629746691520e-03,8.378083318274491820e-01,1.919729831754181326e+00,3.685362626926937057e+00,2.009745963272038694e+00
9.345289103376230866e-01,-8.590717805682336616e-02,-1.678590114162421040e-04,2.088608448465738121e+00,2.111293032893557076e+00,4.457558270744875095e+00,2.803413738133987976e-01
9.938857955344613249e-01,-4.383304776506509737e-01,1.745007143353471697e-03,4.128488043781214145e+00,2.880969714445754892e+00,8.299986495553653754e+00,4.301040799122604619e-02
4.958206873899313472e-01,-1.058809313814202957e-01,-2.915468351176014861e-04,8.453952641890245534e-01,1.728801622863248566e+00,2.988755051214601721e+00,1.297964522836552836e+00
7.047758251701459198e-01,-6.607016887096150981e-01,8.542846699131035823e-03,1.235523109500894057e+00,1.833681043027515667e+00,3.362386167558478078e+00,8.913399485566898539e-01
5.202599291597942432e-02,1.949295424965663548e-03,-5.043088985011058437e-04,8.349380461855543389e-02,1.566968539007104644e+00,2.455390402238059711e+00,2.288402793000948954e+00
4.374040864235984039e-03,6.732414632385497200e-04,-3.015986966725670015e-05,6.195307846622144510e-03,1.632281368422677348e+00,2.664342465699808482e+00,2.651951850006564637e+00
9.461112170506421615e-01,9.976015716470297556e-02,7.827363378681144110e-03,2.477108725841808745e+00,2.301744018673900882e+00,5.298025527501078358e+00,3.438080758174613671e-01
9.807854948687252383e-01,-4.108509882696531612e-01,-5.912371290450867817e-03,1.939812242138338361e+00,1.985658774064181786e+00,3.942840767018068959e+00,6.321628274139212689e-02
9.864245395155865070e-01,-1.981249210083872447e-01,-1.618444793011453858e-02,5.541843577312153712e+00,3.349214389422164651e+00,1.121723702631248365e+01,1.335498716881764469e-01
9.427536412548780387e-01,-1.782388986679420695e-01,-4.219338844532210392e-02,4.772985591679194783e+00,3.183648470988801993e+00,1.013561758682933700e+01,5.896464034709483215e-01
8.486689305907946235e-01,2.728483885514420004e-01,1.314546455085603867e-02,1.609683817629775637e+00,1.886523388456160522e+00,3.558970495192113948e+00,3.396028599325624509e-01
2.889095427648199488e-01,-5.395087830899780723e-01,-2.380838251863461649e-03,6.012565182087490356e-01,1.967708799480715864e+00,3.871877919553839753e+00,2.669364883136341682e+00
9.888022209637569171e-01,6.596103698839594909e-01,-1.598044644820642915e-02,6.006002865648059519e+00,3.480210942842977939e+00,1.211186820668400976e+01,9.986247538789137790e-02
9.932263556893534684e-01,5.362119309115572635e-02,3.337532669364497249e-03,1.006956526961645393e+00,1.421626917660993694e+00,2.021023093018297967e+00,7.110039095006877655e-03
9.254064905685986941e-01,-3.436182882864342591e-01,8.172772956415544007e-03,1.500130184460480853e+00,1.801958466322241215e+00,3.247054314350403370e+00,2.467939454294414969e-01
3.267174272796911083e-01,3.104686598235678607e-02,-5.828478096369251772e-03,4.712615584264768231e-01,1.620593972630768986e+00,2.626324824127177937e+00,1.683801707274224180e+00
7.974218352441001523e-01,2.469133860737551811e-01,-2.633170179721017537e-02,1.440547450414974451e+00,1.855988642757644191e+00,3.444693842045361887e+00,5.635989412154134293e-01
9.306981521892760956e-01,8.455003885209089187e-04,3.495670740065848908e-02,1.635199115190213659e+00,1.887067263454470289e+00,3.561022856801542957e+00,2.906246264211151953e-01
9.935522074873848197e-01,-4.070290126018978882e-01,1.410378025252196667e-02,2.637787898151095600e+00,2.303428195763483011e+00,5.305781453038213691e+00,3.020565673602226830e-02
8.269040937578575612e-01,2.304703783090731872e-01,-2.867318155298374457e-02,1.566244900910019222e+00,1.868422100736485625e+00,3.491001146520542164e+00,3.585113447005038312e-01
8.387127374070426633e-01,-2.338849692610059372e-02,-5.791715375392193690e-04,1.461818125452943429e+00,1.835035930084381706e+00,3.367356864700651986e+00,4.437206137947647400e-01
8.985348610563215210e-01,-6.040640260252946175e-02,-3.373113918277304522e-03,1.675927303000383617e+00,1.915730598472728197e+00,3.670023725924677738e+00,3.181691199239102263e-01
9.836028940623573469e-01,2.947640880697740759e-02,-1.661691534381894153e-02,3.969058649769286351e+00,2.834208057134024905e+00,8.032735311123424538e+00,9.461801158485176610e-02
3.264178592778638199e-01,-1.644589067469573174e-01,5.743688084572167677e-04,1.313737921074336901e-01,9.572032075970741127e-01,9.162379806341274247e-01,6.534903964192599890e-01
9.554542301714853414e-01,3.254113309437975388e-02,-3.226586565842343504e-03,1.612339317139955819e+00,1.823166178706738583e+00,3.323934915180131178e+00,9.925628090021923478e-02
9.812607096242841331e-01,-5.161735226646814167e-01,2.243239788681909014e-03,3.094471004229055300e+00,2.504803289323463300e+00,6.274039518205641208e+00,8.509750974752995634e-02
9.452157218930982152e-01,5.135672489310054711e-01,-1.496756317866384210e-02,3.626648715684919200e+00,2.743399677877222054e+00,7.526241792576844780e+00,2.729443612070071024e-01
9.235076620987047180e-01,1.382746745399566102e+00,-8.179799512018956498e-03,4.286681380546515818e+00,2.987106165423979220e+00,8.922803243513950378e+00,3.494404824209194071e-01
9.215396024628831340e-01,1.127078514342709642e-01,2.170999180246916196e-02,5.219864644751652349e+00,3.326199040001541984e+00,1.106360005370717836e+01,6.238707642038759937e-01
9.169677161404630183e-01,1.644267448731145387e-01,1.705210244568437436e-02,2.859756275274548010e+00,2.464826564832467870e+00,6.075369994703824439e+00,3.558574441547289191e-01
8.458357285125388536e-01,2.787980087295333087e-01,6.973806686491951234e-02,3.553883895290866235e+00,2.817387275279954917e+00,7.937671058909407940e+00,8.299032683276763578e-01
8.385042524845783829e-01,1.007505757750183917e-01,-4.739287685651142647e-03,2.655130230684275894e+00,2.475487257636650895e+00,6.128037162721425624e+00,8.177767013528735029e-01
9.438430960579682338e-01,1.594481213871819236e-01,4.407011077660141080e-02,2.379710179700544437e+00,2.256077833102197783e+00,5.089887189015107616e+00,3.304668296140176875e-01
9.258104072046300370e-01,3.036273619222180226e-02,-1.214609685489370129e-02,2.411991525202084929e+00,2.265210248534213822e+00,5.131177470064435475e+00,3.071944196602651167e-01
9.751538341431934542e-01,-1.239529379433210288e+00,-4.302710588807678177e-02,4.668020881341431227e+00,3.086896092492524168e+00,9.528927485845613887e+00,1.928857231627509328e-01
6.762079027337903891e-01,8.532673108357502478e-02,5.709537557042183853e-03,2.928537834329333567e+00,2.934711967294100443e+00,8.612534330979210395e+00,2.755458662320543706e+00
9.521122706151067261e-01,6.441537102026111405e-01,1.979710875407105983e-02,2.198356369682818556e+00,2.145207034749651687e+00,4.601913221939393672e+00,2.052004825737560878e-01
8.816876539721661965e-01,-6.356693170708373197e-02,-1.335102146578089240e-02,2.046983334582301417e+00,2.166751134345955343e+00,4.694810478189484826e+00,6.008438090248819918e-01
9.107465669625796068e-01,-4.513682770542914446e-01,-3.292916435139453535e-02,3.463517319283580864e+00,2.693204296940268527e+00,7.253349385057527243e+00,3.263147464903651263e-01
7.123508368337865271e-01,-2.990299712511671482e-01,3.661306514196879802e-02,1.270929103526561299e+00,1.881835079981899472e+00,3.541303268250482361e+00,9.994450611973603182e-01
9.396828692290536411e-01,-3.183763741337569120e-01,-7.257411744848063506e-03,3.207569623274472814e+00,2.579192492348429067e+00,6.652233912586502207e+00,2.370946660375561621e-01
9.925009436341631908e-01,-6.031119019385813851e-02,3.077387621635022542e-03,4.538228680969379703e+00,3.023273940675248017e+00,9.140185320366041921e+00,6.372795842728326554e-02
8.759314158066864309e-01,2.418569528782958111e-01,-5.078988025158328104e-03,3.070909131871355946e+00,2.623706197552196695e+00,6.883834211073805776e+00,7.420159473310944387e-01
9.739849434447781507e-01,1.685039446921287265e+00,-1.529211657547064999e-02,3.426905885826321718e+00,2.645542932109989920e+00,6.998897405637122482e+00,1.450856339844783238e-01
9.883306697009545116e-01,-2.638587202460418446e-01,-2.439157267579421945e-02,7.348874716781785388e+00,3.863272419156395188e+00,1.492487378461450476e+01,2.271243510509344532e-01
9.917549849564651909e-01,-4.315909900739710592e-01,1.169586281452898203e-02,6.344422176750480702e+00,3.576855700919500780e+00,1.279389670520033384e+01,1.050523516993718265e-01
9.856628322248489615e-01,3.039783729641431509e-01,2.563560954024148627e-03,3.910373145220843227e+00,2.810273851759057973e+00,7.897639121880692947e+00,7.689283143900817186e-02
9.815379844903191486e-01,2.094985758298795187e-01,5.293175066094072713e-03,2.390161575838908536e+00,2.198335766858867668e+00,4.832680143850966559e+00,5.235699217315007564e-02
8.513139454585426646e-01,2.857170025250058143e-01,1.957457120084681729e-02,2.256489557537074475e+00,2.270336501004265539e+00,5.154427827792290806e+00,6.414487127181421888e-01
9.781565919251707930e-01,5.652244663687655546e-01,-7.545905000349254800e-03,5.050849416173037731e+00,3.207879405448418986e+00,1.029049027990010323e+01,1.887914475540276860e-01
8.581508350727450329e-01,2.754450996133989138e-02,-1.470034656508429662e-02,1.431514094753985056e+00,1.784299912681308387e+00,3.183726178394524986e+00,3.206979888865550965e-01
7.544892147031398988e-01,-1.630827818051922562e-01,5.985815510517080232e-03,1.548479888349257427e+00,2.014908081860686373e+00,4.059854578347510845e+00,9.628948016489958794e-01
9.701792295809101851e-01,4.060780423113311555e-01,-6.544331638282052666e-03,1.694663402061234114e+00,1.856813693840582147e+00,3.447757093633907033e+00,5.843028951143864475e-02
9.837017192052456283e-01,-2.326534583820316915e-01,1.338914460939672445e-02,2.011864879976903886e+00,2.019032786379676203e+00,4.076493392476078448e+00,5.276363252227053019e-02
1.220265245728999748e-01,-7.803130978828093367e-03,-1.066374507836241516e-03,5.435525197585271140e-02,1.079735085929133032e+00,1.165827855786392364e+00,1.057117351834686803e+00
9.119065777055800348e-01,5.207733769214135666e-01,-8.105819293167546014e-03,1.560072634579291906e+00,1.827692380285795837e+00,3.340459436954758221e+00,2.203141677961746592e-01
2.599796770761255704e-01,4.301471319784969105e-02,2.289531294894444399e-03,2.859853587214374326e-01,1.537794252488450475e+00,2.364811162986512283e+00,1.792840445543637085e+00
5.395561868637077652e-02,-7.833504175654204538e-03,3.708273931648985926e-04,5.563292944127590928e-02,1.290534599955820427e+00,1.665479553683129499e+00,1.554213694800577583e+00
9.391396725688196945e-01,3.150728372801714361e-02,-2.934315611637820309e-04,5.208384279989324295e-01,1.057265299797436997e+00,1.117809914155764250e+00,7.613305815789934983e-02
8.343060525229246682e-01,2.170249615970292478e-01,2.130000640918781538e-02,1.360697399429630972e+00,1.762156771110172437e+00,3.105196485969428544e+00,3.838016871101666561e-01
9.377764698759524231e-01,-8.549075255699895015e-03,-1.431479282773760048e-02,2.113045131144831501e+00,2.113464517978472568e+00,4.466732268753976776e+00,2.406420064643125523e-01
9.890312129550271614e-01,3.191057960412052585e-02,2.845300594986329562e-03,3.636703018687163613e+00,2.704278263387005943e+00,7.313120925827440111e+00,3.971488845311310634e-02
8.131101585674272991e-01,3.404863572498633140e-01,2.163398458627738968e-02,1.847712032397562210e+00,2.160155633498613614e+00,4.666272360935796115e+00,9.708482961406726952e-01
8.464049601660504907e-01,-6.206571205331058438e-01,9.825142428577255532e-04,1.228251754358276715e+00,1.668443814298647299e+00,2.783704761471418987e+00,3.272012527548657235e-01
9.893616840660339751e-01,9.173140166299226239e-02,-8.556249259601942520e-03,2.792252250190495833e+00,2.374661224506300794e+00,5.639015931173764429e+00,5.451143079277352699e-02
7.544966953237290941e-01,-1.463374997605992878e-01,-8.076455842846115563e-03,1.526177326315260929e+00,2.028252991829777585e+00,4.113810198866444168e+00,1.061455546235922309e+00
2.561590645720024373e-02,6.949826560709915224e-03,1.252642082112906960e-03,3.316569766353055088e-02,1.494317528960479535e+00,2.232984877358553444e+00,2.166653482031492217e+00
8.089020509290841821e-01,4.290492302993146462e-02,2.837001843182957502e-03,2.411433772943516463e-01,7.337196082907228023e-01,5.383444635902917552e-01,5.605770900158845577e-02
6.542603321509299352e-01,3.281506367088118381e-01,-2.013915958487610611e-02,1.389982154894181088e+00,2.044866832355483055e+00,4.181480362067548029e+00,1.401516052279186075e+00
8.350557565575664754e-01,1.043788828134292745e-02,-7.061930304452689738e-03,1.558269783090614036e+00,1.909992886702769121e+00,3.648072827255177231e+00,5.315332610739494923e-01
9.471941488815739385e-01,1.991588271596425597e-01,9.032880868088592405e-03,2.074125501510942104e+00,2.069323013997596217e+00,4.282097736260095822e+00,1.338467332382129449e-01
9.168555849944791669e-01,-5.788496544183613368e-02,-1.975128475232373546e-02,2.502628396622829765e+00,2.308724254504964435e+00,5.330207683339504676e+00,3.249508900938442024e-01
9.878212964877425284e-01,7.668936667029553345e-01,-1.587931182635811747e-02,5.566716062782163910e+00,3.353065289959196171e+00,1.124304683872914978e+01,1.096147131648231160e-01
2.655656669674925086e-01,-4.583471180191274197e-01,2.030396582112787077e-03,2.474638422425654571e-01,1.370489185894785411e+00,1.878240608654551558e+00,1.383312924169420643e+00
8.794624019867339770e-01,-1.479642156238823447e-01,-8.723489784502360929e-04,1.081180882244020314e+00,1.511212610843925885e+00,2.283763555173714987e+00,1.214017906856742629e-01
9.746787681555508787e-01,-6.009411306442581369e-01,1.012093108453212577e-02,3.137627489246742840e+00,2.519439656761436552e+00,6.347576184062185156e+00,7.232120556869897632e-02
9.673728598920593447e-01,-2.296814922481328347e-01,-3.860692459236062142e-03,2.444648863977173736e+00,2.253795200452930025e+00,5.079592805584662862e+00,1.902950776303158342e-01
7.605666143869935780e-01,-2.660056515312307912e-01,-2.007794814008525414e-02,2.457236615544737379e+00,2.521524355388323091e+00,6.358085074816498761e+00,1.443611843727024224e+00
5.368324985278698502e-01,1.007516690929951275e-01,-1.085694389128023449e-02,1.026820217846599714e+00,1.972049889746927409e+00,3.888980767650868309e+00,1.835340331957668658e+00
9.923990645835605307e-01,-2.888230317122583712e-01,-9.001444861121296549e-05,2.358553459759114013e+00,2.176130942110065192e+00,4.735545877208839016e+00,1.843895769061029005e-02
9.497699535576652474e-01,-4.249224163088650141e-01,2.962364953958310666e-03,2.005648175609985095e+00,2.052736784068594389e+00,4.213728304668275193e+00,2.024319534483049743e-01
6.601023007262192266e-01,-1.962874607133259230e-01,1.345172647718204800e-02,1.256156003583195568e+00,1.920739191585642214e+00,3.689239042093066079e+00,1.176927034926674720e+00
8.781789440591145635e-01,-5.394504889112542445e-01,-1.018958585037331444e-02,2.250261461734914814e+00,2.199252128604803236e+00,4.836709925172757885e+00,3.361870017029277014e-01
9.809428107756833493e-01,6.982978653213773867e-01,4.843479276999230337e-02,5.988619328516579188e+00,3.493063196015428584e+00,1.220149049135751973e+01,2.242518343243614931e-01
9.033352468980139216e-01,7.110878464763021878e-01,1.219338512076976848e-02,2.857995740923845229e+00,2.499797017838918833e+00,6.248985130396351728e+00,5.329936485486620468e-01
9.018954356919280935e-01,-1.022183369227110949e-01,-2.296503814265984933e-02,3.405849865142380750e+00,2.736400411584640757e+00,7.487887212520590197e+00,6.761874822358291404e-01
7.733697310954792403e-01,-2.565835403904948575e-01,-9.968941526792915106e-03,2.468944758874940693e+00,2.507128561447334203e+00,6.285693623624979409e+00,1.347804105875097580e+00
4.221570682340620717e-01,-9.957943066464078896e-01,1.420347984410842701e-02,9.758494240663329045e-01,1.932125815893961374e+00,3.733110168443906307e+00,1.781411320311240498e+00
8.902310739202800027e-01,-5.022871793024240583e-01,5.126368143317527881e-02,3.995685880558678349e+00,3.010387555749995503e+00,9.062433235814431498e+00,1.071061474697073690e+00
9.078870771645188853e-01,-4.797986659827727651e-01,3.244066165461994243e-03,3.264420096122776282e+00,2.647211796092840519e+00,7.007730293373083619e+00,4.788901011275313868e-01
9.504935988988000295e-01,1.133308345304801845e+00,-1.250096989359893163e-02,5.932450034297509944e+00,3.563239449236221823e+00,1.269667537259325485e+01,8.317753039982379581e-01
1.117628765535484403e-01,-1.698857993458913196e-02,-6.510193588292208407e-03,6.776839209772239636e-01,3.462171014380657219e+00,1.198662813281758766e+01,1.063126029086313906e+01
5.878724270295264676e-01,-1.246404924164555283e-01,-1.257937407428752832e-02,9.755565025024756087e-01,1.716784140859123120e+00,2.947347786305397399e+00,9.962347813004457375e-01
7.781435086951153934e-01,-9.038604258730302821e-01,-1.065689013572042841e-02,1.542666937711675512e+00,1.915806196676505424e+00,3.670313383224097059e+00,5.849795078007457017e-01
7.217058865593553030e-01,9.924156455723807113e-01,9.012269956618357281e-02,1.193878757594465378e+00,1.753621438041144120e+00,3.075188147957490070e+00,6.874306327685597573e-01
9.158664426989232554e-01,3.655420257659779404e-01,-1.181474498663214606e-02,2.289279866494429605e+00,2.207484272234118361e+00,4.872986812160995385e+00,2.944270791721356195e-01
9.499464587008324967e-01,-6.200837207366498571e-01,-1.858292281803854834e-02,4.065126929070197015e+00,2.907896107196741742e+00,8.455859770249963603e+00,3.256059121095685183e-01
4.248455998023774605e-01,3.640383824460419193e-02,1.758474701771491283e-03,5.601949213888223200e-01,1.639498468414977372e+00,2.687955227935056257e+00,1.567565385157411839e+00
8.895262604282548891e-01,-9.254757837959570743e-02,-6.716370583399789568e-03,1.884358305321375049e+00,2.052788251379618067e+00,4.213939605002189559e+00,4.452229943594396833e-01
9.779516911341684660e-01,2.104974514686439035e-01,-4.203696353783940333e-03,3.726293971480850509e+00,2.755436103161973183e+00,7.592428118608440357e+00,1.398401756467400892e-01
9.091006436734317964e-01,2.256836359488569588e-01,-1.986068522687945564e-02,2.235985434430654450e+00,2.230491523532033504e+00,4.975092436548251840e+00,5.031215676869437159e-01
8.710862218374173516e-01,5.080701230473301244e-01,-1.203694952195642418e-02,2.092992657904706011e+00,2.162416521392513058e+00,4.676045211991296746e+00,4.900598961818845578e-01
8.108257486223720001e-01,-2.116256646006367537e-02,-2.439587452059292783e-02,1.579123792372062463e+00,1.929239454920562480e+00,3.721964874422189151e+00,5.637172896780644482e-01
9.920613901389931932e-01,-9.863323840181985325e-02,-8.856175045653194317e-04,2.252756214791496792e+00,2.129482207629931345e+00,4.534694472612445182e+00,2.918204302945192480e-02
9.823495998657360007e-01,-3.726041355727076620e-01,-4.418251082179331692e-03,1.839934881921485577e+00,1.937175338393743562e+00,3.752648291680914738e+00,7.277852783794380720e-02
9.903608606424407768e-01,-4.243682675927707981e-01,-5.599376148359573417e-03,2.088972003942670241e+00,2.050517145521455475e+00,4.204620564077457878e+00,2.667655619211762100e-02
8.801098146331164385e-01,4.920318326377688678e-02,-2.011466191811386861e-02,1.703094442683189769e+00,1.909843253350244741e+00,3.647501252367447488e+00,2.413123670010682564e-01
6.636158845440052190e-01,-1.477979947082534995e-01,-1.569830585964609657e-02,1.444458440825869161e+00,1.977310972910012010e+00,3.909758683590338624e+00,1.020841801938600080e+00
8.028280660008959568e-01,-3.703585359014273659e-01,3.067875217989647456e-03,1.393846728830390180e+00,1.818872268562685468e+00,3.308296329346370079e+00,5.206028716855900518e-01
9.237011097505405388e-01,-3.743569407785252157e-01,8.537739517251653754e-03,2.341569350475364963e+00,2.248253915331417385e+00,5.054645667803047360e+00,3.715069668523173219e-01
6.416254117858884998e-01,2.686324472611066327e-01,-9.999459563126526784e-03,5.017963620708421058e-01,1.293615488254661994e+00,1.673441031452347794e+00,6.698483073106634711e-01
7.887158860776899427e-02,-5.006396443468563717e-03,2.245100543114445868e-04,6.488326382032096051e-02,1.275783995314017760e+00,1.627624802699397799e+00,1.497858275058756128e+00
2.102567191678128555e-02,5.526118650961198142e-03,7.805212021534964741e-04,2.550132514191088759e-02,1.484907255040307961e+00,2.204949556071341910e+00,2.153946905787520461e+00
9.380738052450076081e-01,-2.297749599889162830e-01,-1.237722779997571868e-02,1.973736177669598968e+00,2.056988808071425812e+00,4.231202956531104675e+00,2.837306011919070725e-01
7.908467404579224702e-01,-8.026146132726875992e-02,1.730407972860336860e-02,1.347079712119065631e+00,1.874907251482758941e+00,3.515277201662633466e+00,8.211177774245025374e-01
9.187357264015155733e-01,1.389429860465268174e+00,1.960899250210249023e-01,6.207536704887102630e+00,3.637899512171156147e+00,1.323431286065513568e+01,8.192394508809314191e-01
5.722591706813766610e-01,-6.336153570992344997e-02,-6.418978204104596602e-03,5.074351550428813917e-01,1.312300995541486381e+00,1.722133902899176228e+00,7.072635928134136662e-01
9.010846114273746155e-01,-8.022984475976704943e-02,3.927058493679999422e-03,8.631288815247092350e-01,1.339847431679612733e+00,1.795191140178454381e+00,6.893337712903591097e-02
9.939502002763976884e-01,5.688390463070266412e-01,1.863036625356287142e-03,1.541015713005732035e+00,1.758286079636756316e+00,3.091569937844393934e+00,9.538511832930168799e-03
9.978929654441657249e-01,8.328982361816150704e-01,3.951144455227580642e-03,2.134724204931483182e+00,2.068944046749728205e+00,4.280529468581142361e+00,1.108105871817549083e-02
6.923002294298423731e-01,1.738477685218174362e-01,-1.964238093356455040e-03,9.969430314636835710e-01,1.695398227543399416e+00,2.874375149957300479e+00,8.804890870299333372e-01
7.935330827844102597e-01,-7.963290661667105086e-02,-9.357650850143136786e-03,1.576226191608470106e+00,1.936894013849925988e+00,3.751558420887676881e+00,5.991060376707366686e-01
9.418348453637086504e-01,-1.280389399286078200e-01,-2.104171284278052653e-02,2.852928117386455575e+00,2.450590870540974464e+00,6.005395614778771929e+00,2.995393800058612221e-01
2.536131453544878678e-01,-2.534337298438550656e-02,-4.315079994775315275e-04,1.594324268099506503e-01,9.126339863395009910e-01,8.329007930219285427e-01,5.140359394020272976e-01
9.693947637939497319e-01,6.186384286828944257e-01,2.932539618793418221e-02,1.888369786082252144e+00,1.987114577004951865e+00,3.948624342145568455e+00,1.718847699810638063e-01
9.872931929449074717e-01,5.756699485630125679e-01,-3.073805488105551837e-03,2.327459194598334502e+00,2.167526861749885736e+00,4.698172696407309168e+00,4.325430721064009443e-02
9.296541113963300296e-01,1.023475403904693243e-01,-1.393219562134644617e-02,2.021873292518225895e+00,2.091369397095203198e+00,4.373825955106354080e+00,3.300793700699023447e-01
9.952559981053999971e-01,-2.136909385064839628e-01,9.867968306044054214e-04,2.334964297882242690e+00,2.165068381339998904e+00,4.687521095878203425e+00,1.759250011371776834e-02
9.024413603013289320e-01,-1.537714137793468050e-01,-1.713527181794061507e-02,1.865878203131341229e+00,2.047145382019037729e+00,4.190804215121871401e+00,4.590478088591886108e-01
8.076841830166009428e-01,2.242886537779275324e-01,-2.655077075018080421e-02,1.678116505129239044e+00,1.944179861962988864e+00,3.779835335662426576e+00,4.236023254039485986e-01
9.003233273102988488e-01,1.100515227180793032e-01,1.373088530480964667e-03,1.591696368914935933e+00,1.864390829025237784e+00,3.475953163353413533e+00,2.925604255235422224e-01
9.933410692661175379e-01,-6.045722556695229954e-01,1.647160748716569936e-02,2.818837893540355743e+00,2.380637756550568529e+00,5.667436127914123212e+00,2.976034083341106556e-02
4.758100828668879734e-01,5.890705568931321745e-02,-3.191656993509293938e-02,1.648503785394679122e+00,2.640394295144504078e+00,6.971682033831641867e+00,3.674674463042284067e+00
9.597028920409332864e-01,8.413023871818982313e-02,-2.167445761614494870e-02,2.245923537867896336e+00,2.146678888563868792e+00,4.608230250605807932e+00,1.163831748700153712e-01
7.084090971223621080e-01,4.807791608791017191e-01,-1.225865110062820257e-02,1.868267937833686387e+00,2.154385247674887260e+00,4.641375795399184767e+00,9.048399197318122145e-01
9.692978950673178939e-01,2.145210964575117452e-01,-1.688660609336420024e-02,2.789535173040968541e+00,2.394660420358323272e+00,5.734398528830701558e+00,1.553281827487647815e-01
8.845332295723722371e-01,-2.736880135981784035e-02,8.006058777884001929e-03,1.697646317499634128e+00,1.935398860159813550e+00,3.745768747907905816e+00,3.504761129086378380e-01
8.684179217896627057e-01,1.563464429059646665e-02,7.360751237006463513e-03,1.772076919442162835e+00,2.023407504339143514e+00,4.094177928615961193e+00,5.500240897316361899e-01
9.018433558017745488e-01,-1.730142215425546581e+00,5.339334444334203900e-02,4.170483498873000627e+00,3.087602542057430011e+00,9.533289457719504867e+00,1.192322459973505167e+00
5.006008124334196951e-01,1.466304353826397566e-02,1.323429508020368059e-02,9.404075615493406870e-01,1.958648329394918175e+00,3.836303278241504078e+00,1.955488155142822704e+00
9.949434929359849411e-01,4.231209246629022980e-01,-2.744142675418218946e-03,2.105951741070933192e+00,2.055749232929347414e+00,4.226104908689599426e+00,1.420142654773313452e-02
9.944926642647967663e-01,-7.248275419808292153e-02,8.543543777098127831e-03,2.337753208831826246e+00,2.166992255812107526e+00,4.695855436749647005e+00,2.034901908599520345e-02
9.972956922328608531e-01,4.696735162231198413e-02,-5.732730239936059853e-03,2.328286943194575187e+00,2.160709457355431518e+00,4.668665359105203194e+00,1.209147271605205340e-02
6.697564694014168651e-01,1.751684402385262351e-01,1.036953322015585037e-02,3.970590035687215913e-01,1.076148636502286537e+00,1.158095887845730587e+00,3.639778807082874046e-01
9.948086671359015476e-01,-9.603834016987834732e-02,-4.974390261935483261e-03,2.405040784737388471e+00,2.198714232137788827e+00,4.834344274605267167e+00,2.426270513049166161e-02
9.977465652913892757e-01,-1.132153325328334459e-01,1.589187239945933066e-03,2.777146299643773464e+00,2.359149350632171682e+00,5.565585658588197759e+00,1.129305930065139379e-02
8.781776052370636743e-01,5.358192109597450514e-01,-7.215045990585877006e-03,2.269346978493719469e+00,2.297957719471665605e+00,5.280609680479418699e+00,7.419157234919797617e-01
8.244600343084483862e-01,-2.183424172437151700e-01,-2.428089584902272738e-02,1.544449651107929533e+00,1.911102445516511983e+00,3.652312557259192793e+00,5.634132550433339492e-01
8.977303372121259173e-01,3.761945347525653682e-01,-2.532657368398283718e-02,3.209904709978048665e+00,2.637157742129705884e+00,6.954600956874648077e+00,5.347915369185511913e-01
6.945283815927938420e-02,1.355625164145793371e-03,-2.351434232567109787e-04,1.552718031468648327e-02,5.568352748796188134e-01,3.100655233502606634e-01,2.790111627208877176e-01
8.556578796322766856e-03,8.388517198314529577e-05,-1.394720157070086432e-05,6.209534622803285350e-04,4.742406276441684110e-01,2.249041729083347818e-01,2.236622659837741445e-01
9.297523453128064830e-01,1.186655267211951525e-01,3.564767320355055353e-03,2.291330913919312540e+00,2.200349999060474904e+00,4.841540118365432299e+00,2.588782905268068868e-01
7.004501074725573151e-01,4.384899555373871771e-01,1.767134608875884846e-02,1.088200747265554380e+00,1.637149593192264163e+00,2.680258790489595810e+00,5.038572959584868283e-01
9.479818273820699304e-01,6.615805276269462465e-02,-3.995749041777348770e-03,7.555169423004789442e-01,1.264523969065461273e+00,1.599020868341067825e+00,8.798698374011004741e-02
9.937603835699237997e-01,-5.977178626001420358e-01,5.818701485881942227e-04,1.822071079010687766e+00,1.917450328939340531e+00,3.676615763949584892e+00,3.247360592820976166e-02
9.920099445071630662e-01,2.309210641724661339e-01,2.138251464383368432e-03,2.477144688618706070e+00,2.235200204461344153e+00,4.996119954024034193e+00,4.183057678662231021e-02
2.621420335087701892e-01,3.058800708446216543e-01,1.825665063260210885e-02,1.799497004174930581e-01,1.005045902337337704e+00,1.010117265805073439e+00,6.502178649700874891e-01
8.529940399049645849e-01,-2.606960038353292597e-01,-8.314696471504408326e-03,8.588235192957466291e-01,1.400381068643665072e+00,1.961067137415573480e+00,2.434200988240803332e-01
7.556451712006316823e-01,9.213200665862528171e-02,4.720463503076558214e-04,1.007640435781994137e+00,1.548302644657076899e+00,2.397241079452098855e+00,3.819602078881103591e-01
6.230123847038244733e-01,2.685719544530725811e-01,-1.182420053591732613e-02,1.571181576802564983e+00,2.223819267137293831e+00,4.945372132891050043e+00,1.803008979285920743e+00
9.130413211290522302e-01,-4.131975191116235568e-02,-6.522826034097226576e-03,2.457733743444987962e+00,2.309059759348219831e+00,5.331756972241259440e+00,4.162894853512838500e-01
9.275386155937104249e-01,2.549115132519355620e-01,-2.960647502982993728e-02,3.450567056735550864e+00,2.727353381000907628e+00,7.438456464857081230e+00,5.373223513859795020e-01
8.776030879768940141e-01,8.631075577822534817e-03,-1.850703620011510606e-02,1.764273753307716408e+00,1.966211298984467337e+00,3.865986872254186579e+00,3.374393656387542073e-01
8.985249381492097509e-01,-3.352169897923649167e-01,7.472148861503248368e-04,1.701427484335011009e+00,1.955221746460012122e+00,3.822892077830139623e+00,4.200371091601177720e-01
9.816175964378736074e-01,3.308827948682110942e-01,-1.755235554767592063e-02,2.816673756577228183e+00,2.391402527145471968e+00,5.718806046837750401e+00,8.545853368329422994e-02
9.852326290866687541e-01,-6.971054342253213409e-01,1.437411925469739456e-02,3.028128228314743264e+00,2.477272449829905465e+00,6.136878790686262519e+00,8.062233405677599052e-02
9.715760668599118244e-01,-3.378174406889676851e-01,2.345546885997303738e-03,2.529551416691775412e+00,2.269252753069044726e+00,5.149508057311439124e+00,9.040522392788766237e-02
9.068638279027102511e-01,3.477204326972212489e-01,7.177729719550479844e-03,2.257710253566830083e+00,2.232253161377129924e+00,4.982954176478190611e+00,4.675336693445300007e-01
9.220223276485991493e-01,-3.963575878741444347e-01,-1.309293988522119631e-02,1.966342191714776089e+00,2.072707317060117571e+00,4.296115622194551342e+00,3.634312387649994425e-01
9.857760733356464300e-01,5.284251088752381920e-01,1.344957675779826813e-02,2.735085841841277787e+00,2.363406266316704585e+00,5.585689179665065396e+00,1.155174959825104458e-01
9.166068906860433962e-01,3.825228285343519607e-02,2.281527970760387561e-02,2.009213628368395010e+00,2.096546130752021675e+00,4.395505678371273817e+00,3.770784216344838513e-01
6.907392328336006138e-01,4.604190607054967077e-02,-2.955638379261386200e-02,2.233327280497694911e+00,2.298211957258781801e+00,5.281778200487240227e+00,8.151236394918502937e-01
9.660661095503141338e-01,8.083095917896990779e-01,-3.025160765512075259e-02,4.998257503729194973e+00,3.203231393174464259e+00,1.026069135821841805e+01,2.641763507600289884e-01
7.460025958873197638e-01,1.665239393385310462e-01,-1.072753267104145820e-02,1.444551374784092790e+00,1.953626570555848874e+00,3.816656777181806959e+00,9.275540276136211570e-01
7.933691589211757655e-01,-6.580323530976228685e-02,-1.684677218428482642e-02,1.862617777881386827e+00,2.134015909285595036e+00,4.554023901084024217e+00,8.287883453212508966e-01
9.960879562931282960e-01,9.743221727023264611e-01,1.856781783347873169e-03,3.630988808560060566e+00,2.697691350994459114e+00,7.277538625230310920e+00,1.556100811018907605e-02
9.399986044133761265e-01,-1.664379278990895106e-01,-6.029629551490835529e-03,2.376392200189650694e+00,2.236474808640742218e+00,5.001819569684645472e+00,2.490351693053441950e-01
4.269568777805874404e-01,-5.747419622422228480e-02,-7.669865514911394224e-04,1.238792359934981047e+00,2.122065547893904114e+00,4.503162189558254980e+00,2.025577469688292886e+00
9.374101946780932781e-01,-5.382699191521324034e-01,-3.965912060849358795e-02,4.252962145336427469e+00,3.022335678836387096e+00,9.134512955567405612e+00,6.285886648945498978e-01
7.881295030763751930e-01,4.443686350933211404e-01,-8.671725959488087859e-03,2.523504764835192926e+00,2.478277955680380007e+00,6.141861625611324094e+00,1.094852095940938463e+00
9.392529993746984163e-01,4.963029569934189755e-01,3.617133353373751508e-03,2.786193462599203752e+00,2.426028329433191910e+00,5.885613455212404865e+00,3.132265300139976949e-01
9.163292714830475472e-01,8.051501725318714608e-02,-3.731243370359826200e-02,4.475023258410476323e+00,3.106427948087615132e+00,9.649894596659830626e+00,6.998480798388804214e-01
9.925439795751747063e-01,1.072693907937215974e+00,-1.590763777858280117e-02,5.092237881096075114e+00,3.198170762183082161e+00,1.022829622408271710e+01,4.382046189056641033e-02
5.894462217393092729e-02,3.778741045092947129e-04,-8.937487813384950520e-05,3.255739245494446849e-02,8.619786606823192088e-01,7.430072114716848031e-01,6.778924265617958245e-01
1.125975236208487384e-02,-7.482732157359367475e-05,-1.200213699074839652e-04,7.294162661006985127e-03,1.404358298111458403e+00,1.972222229474511979e+00,1.957633904152497939e+00
9.392715825819270004e-01,3.952381080441593753e-01,1.555784520893315793e-02,2.373657170056527654e+00,2.244304967347707791e+00,5.036904786461596117e+00,2.895904463485412528e-01
7.899413547984290851e-03,-8.767288126075717392e-04,-2.125168801795147995e-04,1.666647884022674081e-02,1.618035780009045910e+00,2.618039785389481899e+00,2.584706827709028598e+00
8.971144081405979520e-03,-9.439740181292621823e-04,2.006813275157171006e-05,3.789497130551655601e-03,1.142970570843712119e+00,1.306381725814801165e+00,1.298802731553697853e+00
9.260190482068731965e-01,2.936919645886620911e-01,-3.633546939524381122e-03,7.726067713217433797e-01,1.292148138457602125e+00,1.669646811719446733e+00,1.244332690759603205e-01
9.147764646517698717e-01,6.259128264375977135e-01,3.473784936860899175e-02,3.104571191609339031e+00,2.590150042299860456e+00,6.708877241625969212e+00,4.997348584072911493e-01
9.595092640159827990e-01,-1.370812650684303385e-02,-2.604574346269144733e-02,2.474765170858399088e+00,2.273179434091423090e+00,5.167344739576202883e+00,2.178143978594047625e-01
9.417739806774264588e-01,-3.406537095492007117e-01,-5.832242976743651740e-03,2.371559073407824680e+00,2.264167730899144804e+00,5.126455513644981643e+00,3.833373668293320602e-01
9.326409178479503348e-01,1.759869393192254883e-01,3.024454314875556389e-03,2.880259344770060626e+00,2.470372690986172071e+00,6.102741232370260782e+00,3.422225428301403083e-01
8.929220828697519430e-01,1.380769004397869315e-01,-9.421055673539716069e-02,5.444141580868670616e+00,3.560208605886482580e+00,1.267508531742817190e+01,1.786802155690830451e+00
9.527146444325187424e-01,3.422563585927494434e-01,-1.222655486670236151e-02,4.533410435056661747e+00,3.046184127657013185e+00,9.279237739589518696e+00,2.124168694761936760e-01
1.629330531952594141e-01,-2.792517142312064826e-02,3.339876004997756418e-03,3.476001190035264699e-02,7.583918573385692863e-01,5.751582092774448762e-01,5.056381854767396655e-01
9.930225227096352025e-01,8.312353507404098008e-02,-3.535659271135741921e-03,2.022041025862746810e+00,2.016924710450582303e+00,4.067985287626164848e+00,2.390323590067134837e-02
9.979962981210935835e-01,2.420032549187322440e-02,-7.167342004164496162e-03,3.091538690344189710e+00,2.489680386051457806e+00,6.198508424689335605e+00,1.543104400095691824e-02
2.986850522986326251e-01,-9.265059737300421205e-03,-4.548170244805302583e-03,2.844176829504457271e-01,1.404932100753127244e+00,1.973834207726595569e+00,1.404998841825704003e+00
9.980757711337107096e-03,-5.797858117421034185e-04,-1.257454811665041790e-04,6.776284516727014082e-03,8.801501536446720841e-01,7.746642929607397976e-01,7.611117239272857660e-01
8.672241725428628811e-01,4.124977684430111147e-01,1.062882629876204035e-02,1.610660489599590406e+00,1.941393024373696985e+00,3.769006875086850172e+00,5.476858958876692496e-01
9.797698333755593403e-01,-3.500028767742781044e-01,6.341021594861771891e-04,4.561393453568091338e+00,3.050895911199141164e+00,9.307965860971638250e+00,1.851789538354559339e-01
6.095561965295013263e-01,-8.027645923613231371e-01,2.343471885745881933e-04,5.772530512761689936e-01,1.240394012740913654e+00,1.538577306843505799e+00,3.840712042911679225e-01
9.032601189083426796e-01,1.493629016693795442e-01,-2.264887742668402187e-03,2.659614845194926858e+00,2.459840690717110423e+00,6.050816223707630392e+00,7.315865333177768992e-01
9.975971678456178049e-01,2.926071884070334250e-01,9.999405208569140530e-03,2.681866351840763496e+00,2.318498948993060527e+00,5.375437376481927210e+00,1.170467280040080917e-02
5.088570113416568397e-02,7.417184919612018756e-03,2.247508347432022554e-04,4.067885992055160493e-02,1.214279249536217353e+00,1.474474095854239053e+00,1.393116376013135760e+00
7.719428673575778888e-03,-2.346578948696220746e-05,3.117702177672018455e-04,1.452605810914473806e-02,1.631089767987385253e+00,2.660453831233142274e+00,2.631401715014852538e+00
6.497579161429223316e-01,-3.749795968117413114e-01,3.799745598531240054e-02,3.973059414401980960e-01,1.034700672393388032e+00,1.070605481451329277e+00,2.759935985709331407e-01
9.723227619391391352e-01,3.970730742542837310e-01,1.122625004746878943e-02,2.054216227818159268e+00,2.050673380321784034e+00,4.205261312760372405e+00,9.682885712405471523e-02
9.973003153739079529e-01,-3.550216193258445285e-01,-3.715406799902386172e-03,2.190135033824717414e+00,2.096363484998287507e+00,4.394739861234164380e+00,1.446979358472926837e-02
4.227858449689081421e-02,-9.905804984698487504e-04,-5.704511471518403451e-05,6.345358988524143345e-03,4.206751033601032197e-01,1.769675425870335383e-01,1.642768246099852447e-01
7.551915165206257718e-03,-5.542011511540465701e-04,-6.271826693523950167e-04,2.403313513435871226e-02,2.504505016187085431e+00,6.272545376106272386e+00,6.224479105837555259e+00
5.658933723832068052e-01,1.836329833888391549e-01,2.300771178308349055e-03,3.981755434325585652e-01,1.142437060636230628e+00,1.305162437515150264e+00,5.088113506500330230e-01
9.481650099367622264e-01,4.436917487647102920e-01,4.220958606707988885e-03,1.838991478699436799e+00,1.951208411728003078e+00,3.807214265998116076e+00,1.292313085992421728e-01
9.800446344958094747e-01,-7.665040663193106729e-01,1.301050231194668394e-02,1.857625291254738631e+00,1.938842310097448562e+00,3.759109503424010512e+00,4.385892091453311159e-02
9.551831004550057624e-01,4.866922219363489094e-02,-1.026918447354864886e-03,1.022594647676619228e+00,1.453457745346750984e+00,2.112539417508461081e+00,6.735012215522270806e-02
9.422920747918197559e-01,1.025746807584716480e-01,1.527712590220540664e-02,1.676557768430227080e+00,1.862287138049306012e+00,3.468113384543875188e+00,1.149978476834214031e-01
9.761176631289648631e-01,-6.193290515037444544e-02,-1.179892474092786477e-02,1.916162580982343044e+00,1.977211568732456515e+00,3.909365587529461727e+00,7.704042556477565251e-02
1.421970012818984941e-02,-4.009144599715130930e-03,6.712718562844825060e-05,4.457715122335443453e-02,2.713227814489204359e+00,7.361605173317864015e+00,7.272450870871154827e+00
1.164137710004919946e-02,-1.572985656014186384e-03,-6.147430545593158657e-05,1.522666640432461700e-02,1.265456724558363222e+00,1.601380721729981138e+00,1.570927388921331991e+00
5.156024256452602650e-01,-6.415180918417959233e-02,-6.636973398048894197e-03,3.547768383913924017e-01,1.321864832796312061e+00,1.747326636183621940e+00,1.037772959400837136e+00
9.809395508218963222e-01,1.002698135408967711e-01,4.079574999853832415e-03,1.899383584698948413e+00,1.965655304252510005e+00,3.863800775136027710e+00,6.503360573813062040e-02
9.973323373479415777e-01,6.062162758462492640e-01,5.623969457799319650e-03,2.097685239894402809e+00,2.052140471851627623e+00,4.211280516211420633e+00,1.591003642261481360e-02
8.537885894280421439e-01,9.321304519011237855e-02,8.013939206985279048e-04,9.703601085570980056e-02,4.696052674634322854e-01,2.205291072294017773e-01,2.645708551798217970e-02
9.954085875519729232e-01,8.558367185136950273e-01,-9.957601619612387392e-03,2.214498345205522245e+00,2.108471427200041326e+00,4.445651759318979934e+00,1.665506890793587089e-02
9.981572849825162130e-01,3.846617053144311682e-01,2.173348670455900293e-03,2.282518499962213454e+00,2.138196773624368330e+00,4.571885442737658956e+00,6.848442813232149748e-03
9.217142508763699338e-01,2.427846007137993423e-01,9.938238040871703871e-03,2.068403869020309482e+00,2.124013348112721911e+00,4.511432702961015728e+00,3.746249649203972076e-01
8.919585429745348071e-01,-5.102976566071389941e-01,6.718685462515016152e-03,2.189949294016309445e+00,2.200278604271896032e+00,4.841225936416682529e+00,4.613273483840635292e-01
8.997553274172509497e-03,1.500767392922153221e-03,6.227301678689781811e-05,1.210551802185772831e-02,1.685199202020007725e+00,2.839896350488870791e+00,2.815685314445155019e+00
6.729916974203775659e-03,3.578802732732977443e-04,-4.474976385446231982e-04,1.886421727133330214e-02,2.740194475512061523e+00,7.508665763626822809e+00,7.470937329084155643e+00
8.773124984581295305e-01,-2.847588057538325002e-01,3.653474832491034746e-02,2.106332352318948775e+00,2.183469986997121470e+00,4.767541184117209951e+00,5.548764794793131783e-01
9.146726897802833767e-01,-8.152431680498362088e-02,-3.142190388549463004e-02,3.780338686368754253e+00,2.834071912894596146e+00,8.031963607458035170e+00,4.712862347205258318e-01
9.889565785969020029e-01,-3.558275321650263834e-01,-3.763865992847489905e-02,6.529712360140336180e+00,3.625561915398404000e+00,1.314469920238734524e+01,8.527448210667247508e-02
6.571635598189835559e-01,-4.171125511309294875e-01,1.146785286890237288e-01,3.283198591037607805e+00,3.214429840433338903e+00,1.033255919906830123e+01,3.766162016993086503e+00
6.256766692841799760e-01,-2.053873130345303666e-01,-1.337252394091612570e-03,1.328759640267337838e+00,2.072032104881325054e+00,4.293317043658935184e+00,1.635797763124259951e+00
6.893023473273868218e-01,1.556313017366668661e-01,-1.776357216046989262e-02,1.438286069240418685e+00,2.002993381594667888e+00,4.011982486712043716e+00,1.135410348231206790e+00
9.753693546216427590e-01,4.859848824840771186e-01,1.068053670670819633e-02,2.693251532704492579e+00,2.352867914281107975e+00,5.535987422053531226e+00,1.494843566445461236e-01
8.029611873150552803e-01,2.479149398711252561e-01,-2.119114265366551370e-02,2.805839729871884014e+00,2.534152696250479675e+00,6.421929887913576884e+00,8.102504281698086341e-01
8.009902382045160918e-01,-3.332062797113484742e-01,3.817318400784467519e-02,1.473624814922114501e+00,1.899059290750954254e+00,3.606426189787517611e+00,6.591765599432888312e-01
7.416168194330023944e-01,7.175763406014659673e-02,-5.848477766555368156e-03,8.050591294441626911e-01,1.382562951624806580e+00,1.911480315205497327e+00,3.013620563171720002e-01
9.721836823271949868e-01,1.229491055833737412e-01,-1.375522960664739107e-02,1.794002491535573673e+00,1.919540582027711384e+00,3.684636046051284808e+00,9.663106298013802997e-02
9.976513707604377501e-01,4.852005249610825133e-01,1.522582385032093854e-03,2.192902389293279519e+00,2.096351711456211131e+00,4.394690498125386036e+00,8.885719538826681446e-03
9.797275559133787892e-01,-4.218195221963550456e-01,1.987607371096827141e-02,3.763755064946790796e+00,2.760838686646939877e+00,7.622230253686399948e+00,9.472012379281877226e-02
9.831931564949546454e-01,-3.623626627871976980e-01,-1.474569327109431782e-02,4.551863856848950896e+00,3.029971556634274421e+00,9.180727634012727734e+00,7.699992031482459642e-02
9.300170563382590405e-01,8.148299787616464229e-02,-9.247373196002019874e-03,2.093068902677042598e+00,2.118521406367585680e+00,4.488132949237694014e+00,3.019951438836098179e-01
5.082379377330126236e-02,1.024785895651864065e-02,2.585719409875651860e-04,9.334004425255980342e-02,2.157731874317821763e+00,4.655806841447099664e+00,4.469126752941980918e+00
9.761788315025524687e-01,-1.521110714872821179e-01,1.378817145460242699e-02,2.076405122970718775e+00,2.063005396560453342e+00,4.255991266237553639e+00,1.031810202961151030e-01
8.062211280309947714e-01,4.193308313463900427e-03,-1.886812849564617825e-02,1.314376928172032555e+00,1.778241393324026420e+00,3.162142452930975178e+00,5.333885965869098467e-01
7.751094893893757387e-01,-4.628194789144798871e-02,-1.876745339902578802e-02,1.504284908684145883e+00,1.928665747275724929e+00,3.719751564714630643e+00,7.111817473463390993e-01
9.547849037712232700e-01,-8.745615049223529058e-02,-8.695175019217009360e-03,2.364416442537912388e+00,2.215649034479948654e+00,4.909100643991928692e+00,1.802677589161042759e-01
2.396055287472897977e-01,-8.677345060869021132e-03,-5.851962968238112565e-04,5.480675706355216115e-02,6.287357095671531892e-01,3.953085924849116251e-01,2.856950783578073305e-01
1.690778097711365113e-02,1.631151065735580996e-03,-4.529322489729923078e-04,2.344298859249712916e-02,1.965193434908786507e+00,3.861985236608595162e+00,3.815099259423600842e+00
9.673368050849040500e-01,5.971270045708074181e-02,1.078566612235809779e-03,1.977859295478716417e+00,2.026677868084741263e+00,4.107423180984512534e+00,1.517045900270797831e-01
9.780145073168077241e-01,9.197325749909149861e-01,4.001339277466075400e-02,4.802368259957170871e+00,3.129015994124153099e+00,9.790741091484763459e+00,1.860045715704231883e-01
9.680298476994103618e-01,1.247023656665338792e-01,-1.353037293471932813e-03,3.294769333265600508e+00,2.597377710895440561e+00,6.746370973056439624e+00,1.568323065252395510e-01
8.529410401371426698e-01,-1.425543894420849000e-01,-8.954717493997906008e-03,8.406108560571948773e-01,1.387029553619191669e+00,1.923850982613054095e+00,2.426292704986645621e-01
8.831139449511860029e-03,1.198349504681006650e-03,-1.891192941072969099e-04,3.906640170725066141e-02,2.382063823296324045e+00,5.674228058257101637e+00,5.596095254842600397e+00
6.399846360193750527e-03,-5.562891798413516220e-04,-1.026727398054578161e-04,7.784894695394665998e-03,1.464701194979680432e+00,2.145349590574903598e+00,2.129779801184114252e+00
5.223901568719728772e-01,-1.659407109846230133e-01,-5.760332353579676774e-03,9.535724291745223402e-01,1.884478411369909123e+00,3.551258882919256177e+00,1.644114024570211274e+00
9.886288955356407060e-01,1.826151799073363058e-01,8.824116195496974416e-03,2.187574120567386871e+00,2.100316363891044258e+00,4.411328828428497495e+00,3.618058729372392035e-02
9.874409757727858894e-01,-4.783209138414156736e-01,2.298482035102103645e-03,4.505692235923001832e+00,3.017608233343276325e+00,9.105959449941128270e+00,9.457497809512589726e-02
8.628148063869678364e-02,-3.357743173604856024e-03,-2.351515081548976216e-04,2.207156124068998526e-02,6.023969181509505333e-01,3.628820469977629415e-01,3.187389245163829710e-01
5.327238663122146889e-02,-1.418471382844571638e-02,2.000221490079870292e-03,1.141633886246471025e-01,2.364834658111381049e+00,5.592442960204772717e+00,5.364116182955478429e+00
9.312252825396666323e-01,7.958141532746749736e-01,-2.585815779332250111e-02,2.121191140228694039e+00,2.170123989055957381e+00,4.709438127876141245e+00,4.670558474187533893e-01
9.268312179094112535e-01,-2.297408172197609177e-01,3.052287707295884504e-03,2.423944328899136025e+00,2.247934105493967660e+00,5.053207742642964462e+00,2.053190848446925787e-01
9.905856731206332810e-01,8.708126631329432543e-01,2.137194299415065904e-02,5.523009801771637584e+00,3.337047097167335163e+00,1.113588332871293929e+01,8.986372516966599500e-02
9.076369219257515164e-01,-6.144611332181378893e-01,-3.056805977784643816e-02,2.816347750981897047e+00,2.465478729878509689e+00,6.078585367483348989e+00,4.458898655195545069e-01
9.768589041123649785e-01,1.242786646080781127e-01,-4.391606361067583973e-03,1.983127093285397491e+00,2.008149750720022109e+00,4.032665421316886878e+00,6.641123474609238186e-02
9.976227933580283924e-01,-6.312273119893872797e-03,-9.289133897486426630e-05,7.630768129449868598e-01,1.236275085527691386e+00,1.528376087096500635e+00,2.222461206527210926e-03
9.803280652215887736e-01,-2.367308986912988467e-01,-7.732797476489311136e-03,2.329798030351439397e+00,2.175643671832394599e+00,4.733425386784343658e+00,7.382932608146461351e-02
9.664478061368932948e-01,-5.285855492684796708e-01,-9.373391016909614348e-03,1.851810355661983376e+00,1.950442122126732958e+00,3.804224471766233240e+00,1.006037604422664045e-01
9.969757149030812338e-01,1.929714907165122617e-01,-4.514508818753073562e-03,1.948620837375500070e+00,1.976537356464558970e+00,3.906699921499907191e+00,9.458246748906825457e-03
9.977687153417236221e-01,-5.709594491536702510e-01,-8.414748200690966556e-04,2.320562433737042962e+00,2.156532450712184357e+00,4.650632210974698921e+00,9.507343500612865095e-03
9.813714943467498619e-01,5.247600821201090504e-01,3.475571397359831453e-03,2.434084955379179682e+00,2.228150548546690146e+00,4.964654866988915671e+00,9.648495623055630688e-02
9.749306357309933668e-01,6.688338163297544714e-01,2.019576888021126782e-02,2.234857609353229080e+00,2.131274217185510356e+00,4.542329788839710503e+00,7.261457013325217646e-02
9.522865344132661614e-01,-2.900987094790273280e-01,3.663938733019431182e-02,2.042914169207154185e+00,2.062722068592963698e+00,4.254822332260435047e+00,1.689939938461265390e-01
9.878235978897415004e-01,-7.022751661424117553e-02,-1.213236390862568875e-02,2.085115154950358374e+00,2.053083289746977069e+00,4.215150994638269921e+00,4.492068473755314595e-02
9.596642632819414320e-01,3.560172093864173992e-01,-1.503019627451267735e-02,2.234297015611370174e+00,2.161978607232372340e+00,4.674151498130427740e+00,2.055574669076881966e-01
9.934746335447127707e-01,9.113555175983933943e-02,7.876541152845568591e-03,2.189121143791294966e+00,2.097560899077001828e+00,4.399761725336721163e+00,2.151943775413078797e-02
2.650718555383690944e-02,5.005760416349536168e-03,8.011413014556470176e-04,8.436399594120010809e-03,7.512903775808947859e-01,5.644372314456435058e-01,5.475644322574033662e-01
8.233306126733591634e-01,1.146462821673687738e-01,1.984117102344123279e-02,1.109797191389055637e+00,1.581092895748024807e+00,2.499854744984874699e+00,2.802603622067632028e-01
9.914352166186326532e-01,-2.321732573259605303e-01,3.970344308612833162e-02,1.898565969012959487e+00,1.953377879174174270e+00,3.815685138846994562e+00,1.855320082107549465e-02
3.536338863979334723e-01,3.726522529944564788e-02,-2.153426456544683086e-03,4.436010176341905198e-01,1.523834358428698410e+00,2.322071151927803001e+00,1.434869116659421850e+00
1.242771479922840649e-01,-3.582428006989879510e-03,-2.212187278472818163e-03,1.873320016556370149e-01,1.684490697181760366e+00,2.837508908891893000e+00,2.462844905580618970e+00
3.446654672652482709e-03,1.408551931443569050e-04,-1.510421487650808695e-04,1.065769612133863654e-02,2.014658125485503604e+00,4.058847362584762308e+00,4.037531970342084442e+00
5.114157771657819040e-01,1.723664795700832197e-01,6.741707055589347139e-04,7.114688331601908000e-02,4.697162265677369830e-01,2.206333335010336461e-01,7.833956686899551380e-02
9.973258160428694064e-01,2.949186205648783310e-01,-9.407012317729905072e-04,2.472604640185311009e+00,2.227173826556407832e+00,4.960303253697912140e+00,1.509397332729121854e-02
1.316098296730801032e-01,1.555828240348094971e-02,-1.139183460840391448e-03,1.909858544810373038e-01,1.376623166100965800e+00,1.895091341445847011e+00,1.513119632483772348e+00
1.819280142941415157e-02,-4.247319592849754799e-04,-3.263510769786222000e-05,9.945552033367563785e-03,7.824449839016950348e-01,6.122201528329237474e-01,5.923290487661886372e-01
2.747821404161632231e-03,1.044801613257706485e-03,1.812702934000645020e-04,1.091628610331432832e-02,2.423821910074568819e+00,5.874912651757530746e+00,5.853080079550902148e+00
9.121033096062468593e-01,-2.315311273311673745e-01,-4.097097823015547272e-03,1.948252117480654855e+00,2.113736284232568430e+00,4.467881079281306178e+00,5.713768443199961355e-01
9.089681729647827169e-01,-1.167138375649448140e-01,-3.627511433949695877e-04,2.165293386985476243e+00,2.154777383894512344e+00,4.643065574143277807e+00,3.124788001723253217e-01
9.820159470480064323e-01,-3.002527379644487002e-02,-7.635515696015482932e-03,1.820372614295921565e+00,1.917197872176164664e+00,3.675647681076813278e+00,3.490245248497041847e-02
9.971635473227040691e-01,3.563317781612342916e-01,-4.306439954804250868e-03,2.087454987504329118e+00,2.047205676673609531e+00,4.191051082604650979e+00,1.614110759599272915e-02
9.705467062969849179e-01,7.230126709977520161e-01,3.286570692137167835e-03,2.203328171923952805e+00,2.125433705697257203e+00,4.517468437313974405e+00,1.108120934660688645e-01
8.172755322268723255e-01,-2.567899187998154420e-01,-1.811580206076249949e-02,1.307217818729844661e+00,1.776997166872443135e+00,3.157718931072689639e+00,5.432832936130000956e-01
9.581167168320634531e-01,2.697207543099795490e-01,-7.154905682301224666e-03,1.878980499820752659e+00,1.964359633080016598e+00,3.858708768074257112e+00,1.007477684327522244e-01
9.745207260894168666e-01,3.149978616065626791e-01,1.206490784610435296e-02,1.746780390243254377e+00,1.904284218691498554e+00,3.626298385557491510e+00,1.327376050709828947e-01
9.974400593140961835e-01,7.630349574156409798e-01,-5.003443693672825557e-03,2.582586384634947940e+00,2.274749267695925781e+00,5.174484230883150460e+00,9.311461613254926051e-03
5.453342769990930927e-01,8.004299257537171586e-03,-7.583798654066927457e-03,6.797297701894694510e-01,1.517687655149220882e+00,2.303375818592340529e+00,9.439162782134014051e-01
2.390191174195033241e-03,-1.245213456892435566e-04,-7.282261443055946582e-05,6.986561268690042077e-03,2.278507352220064508e+00,5.191595754120888806e+00,5.177622631583509438e+00
9.506289031698734737e-01,-2.891569231493358316e-01,-6.664831143739369766e-03,1.794669035634273824e+00,1.925601494566224314e+00,3.707941115875676541e+00,1.186030446071293376e-01
9.698271494969623596e-01,4.368964223512554756e-01,1.645139171471825951e-02,2.158140475846828998e+00,2.112657836392123123e+00,4.463323133669046427e+00,1.470421819753891801e-01
6.026072573101854957e-01,-1.272270267228035601e-01,6.965295069066455499e-03,5.209756750926544111e-01,1.362222598097435178e+00,1.855650406767326510e+00,8.136990565820175769e-01
2.652039582776155591e-03,-6.588949035958302503e-04,1.489501008141821048e-04,1.002983285693003282e-02,2.446141324228112701e+00,5.983607378096465368e+00,5.963547712382605503e+00
1.471024324664949035e-03,1.956332302507704513e-04,-1.148380953028144282e-04,9.305370307158099610e-03,2.929493122830169050e+00,8.581929956709254625e+00,8.563319216094939179e+00
9.751741259854033173e-01,-2.694024973940009060e-01,-1.116821737185155240e-02,1.948961487239025958e+00,2.002838300027772522e+00,4.011361256058138203e+00,1.134382815800868000e-01
9.531040953406715310e-01,-4.017784365774513256e-01,-2.016223164617590366e-02,1.916759284363971805e+00,2.000630094448450524e+00,4.002520774812815318e+00,1.690022060848720142e-01
5.544826630624768438e-01,9.780938693107582571e-02,6.198919733618855551e-03,3.261688407142241952e-01,1.027748152975727081e+00,1.056266265945018379e+00,4.039285845165698774e-01
7.485546809802845480e-03,-9.256782480679365092e-04,-1.052739133840172037e-04,1.863185145223102829e-02,2.052487497117406079e+00,4.212704925823273605e+00,4.175441222918811590e+00
9.433806531263531081e-01,6.599421888445786699e-01,-8.076453296337892523e-03,1.917643419132512683e+00,1.995100297327266459e+00,3.980425196395346976e+00,1.451383581303218318e-01
9.322542945096764511e-01,3.631940523382258257e-01,6.930687850378414866e-03,1.684807892926575068e+00,1.897694028665318999e+00,3.601242626432008542e+00,2.316268405788587392e-01
9.982325308475648029e-01,-2.121267592361320564e-01,5.639652872741897187e-04,3.096392389289079006e+00,2.490517986441153742e+00,6.202679840786898602e+00,9.895062208740760396e-03
9.569807158779677358e-01,-1.388426494105336195e-01,5.232509081651615795e-03,7.508892634125873267e-01,1.252072574760592527e+00,1.567685732467619664e+00,6.590720564244502422e-02
1.396339562399462331e-02,-1.371007829960357860e-03,2.277314733365078323e-05,5.081141836081602345e-03,5.769562679492463708e-01,3.328785351259226366e-01,3.227162514537593729e-01
9.698943063306040280e-01,-2.721284343974244013e-01,-4.173053045015236683e-03,2.713989948779804262e+00,2.344146800871655945e+00,5.495024224036819227e+00,6.704432647721020322e-02
3.717463031746168767e-01,7.751220956528664940e-03,-6.176151320921977744e-03,5.192609871273282662e-01,1.571039712611596917e+00,2.468165778602728899e+00,1.429643804348072145e+00
9.292396068187140923e-01,-5.984771760164391274e-01,-1.176529673732470103e-02,1.783565602932090544e+00,1.935932887375615419e+00,3.747836144422487248e+00,1.807049385583062995e-01
9.701277963414558503e-01,2.290459068060627379e-01,-7.594950782753775477e-03,3.118007712797600028e+00,2.516049551958998709e+00,6.330505347913077507e+00,9.448992231787792240e-02
1.463053604388592221e-01,-1.747307814878665821e-01,2.562115041929691889e-02,5.722145643858645991e-01,2.288274500863097138e+00,5.236200191300255824e+00,4.091771062528526848e+00
7.020941188039110381e-01,-5.832759289477111586e-02,-1.240378514855463915e-03,9.572194733367014874e-02,4.950764716565704271e-01,2.451007127879189784e-01,5.365681812057872258e-02
8.749922062501302999e-02,3.778296268438995353e-01,-2.209186036952408120e-04,3.283648471549705516e-01,2.455012214880306409e+00,6.027084975211508322e+00,5.370355280901566886e+00
9.830943555818956181e-01,-5.199090099971876572e-02,-2.229272391452929644e-02,2.451724262463321313e+00,2.225847325059343351e+00,4.954396314473834551e+00,5.094778954719174358e-02
9.824942444040798417e-01,-3.437693815556623900e-01,-3.452055083415072907e-03,2.101224770118407026e+00,2.067429073792515837e+00,4.274262975162579359e+00,7.181343492576529319e-02
9.623755978124116650e-01,-3.383887133218976828e-01,-1.988679520199256642e-03,7.481901740569354420e-01,1.243368565241942392e+00,1.545965389031806136e+00,4.958504091793527330e-02
8.977326594319225972e-01,5.538012785225066709e-02,5.466424130303185885e-03,1.753511764345971891e+00,1.934230008336652151e+00,3.741245725150005530e+00,2.342221964580619153e-01
9.823828916271252210e-01,4.170929304952622485e-01,-1.089911684475805380e-02,5.076105931543222205e+00,3.207574559945429282e+00,1.028853455760911473e+01,1.363226945226698739e-01
8.640131799006727231e-01,1.825405251893937320e-01,-2.179295885853419629e-03,5.157691481419055535e-01,1.055336514352924526e+00,1.113735158526580671e+00,8.219686224276946673e-02
9.887708554397985905e-01,3.203387861596390107e-01,-9.194639480537515272e-03,1.912795985184401859e+00,1.965129786363346565e+00,3.861735077252451909e+00,3.614310688364851670e-02
9.429260783894519715e-01,-3.259237334789155671e-01,1.591305810402264889e-02,1.470129501851428433e+00,1.747445377518691556e+00,3.053565347411442588e+00,1.133063437085861380e-01
3.301420616919573670e-01,1.356647382585236539e-01,1.422009236414222520e-03,1.861771629826444174e-01,9.752967611579493878e-01,9.512037723251862698e-01,5.788494463598973239e-01
9.826410295073679801e-01,-7.940401147430669812e-03,-2.173702639284422200e-02,2.650685012626557757e+00,2.324695636888286732e+00,5.404209804167436459e+00,1.028397789143209173e-01
8.708946030549788997e-01,2.510958065506977421e-01,-4.554573329882222361e-03,1.133195211500503730e+00,1.550437062913869513e+00,2.403855086056986501e+00,1.374646630559797078e-01
7.780645564378858570e-01,-1.675855218107404621e-01,1.717810154506512615e-02,6.546243370631585901e-01,1.223991561161262398e+00,1.498155341793984574e+00,1.889066676676674494e-01
7.829173306435402990e-01,1.703659119683088308e-01,-3.646061135232584599e-03,9.297933917433774953e-01,1.458854930909176950e+00,2.128257709438019507e+00,2.686709259512647385e-01
9.402682934914228241e-01,3.062431420282908379e-01,-1.277757476069087128e-02,1.811098567084381994e+00,1.956990937893397842e+00,3.829813530996880822e+00,2.076163968281171668e-01
6.857061611253243427e-01,-9.518480903556042483e-02,8.180997977878487785e-04,4.439010519523107212e-01,1.106944871113866524e+00,1.225326947685294599e+00,3.375248437806731561e-01
6.596366098226300601e-01,6.660754507815083714e-02,1.262657731225224180e-03,3.706291301590294851e-01,9.485599991529148900e-01,8.997660719929778672e-01,1.585078116749188692e-01
2.312457742868745392e-02,1.585325656713071352e-03,-8.597138510906480308e-05,8.064681466381664818e-03,9.383533194058928384e-01,8.805069520400575778e-01,8.643775891072941198e-01
8.913497309731930329e-01,-3.013451804598915595e-02,4.820848040331313783e-02,1.793985842889550986e+00,1.959154730400398225e+00,3.838287257650256912e+00,2.503155718711550515e-01
6.684327190011745135e-01,-1.033749897828773745e-01,2.228349631719760832e-02,1.130424383671009725e+00,1.697463621260479227e+00,2.881382745502739429e+00,6.205339781607203120e-01
9.256662482218580568e-01,-8.983690261669266541e-02,-2.936919048699250870e-03,1.609913942317992452e+00,1.848427533763197017e+00,3.416684347573895053e+00,1.968564629379105646e-01
9.939000887898564729e-01,6.693793385547026631e-01,5.674172976190145108e-03,2.702999901415153339e+00,2.332047775712576154e+00,5.438446828205974803e+00,3.244702537566776512e-02
9.497495252351254580e-01,6.773945875344415668e-02,-1.112076687315708898e-02,2.022172170748978814e+00,2.072961341195217244e+00,4.297168722089873327e+00,2.528243805919161424e-01
9.791973094682500101e-01,-1.448495011826965162e-01,-2.231334935555370335e-03,7.896495216358064839e-01,1.270921232312091087e+00,1.615240778741684258e+00,3.594173547007123437e-02
3.243864591066136782e-02,2.793055687063061843e-03,-7.681312605715480846e-04,3.484146155190296495e-02,1.774974366313305962e+00,3.150534001069322354e+00,3.080851077965516716e+00
9.299569254952619879e-01,6.927787877411269168e-02,-1.280815315764474889e-02,1.988159933565508464e+00,2.064536209641891329e+00,4.262309760922507351e+00,2.859898937914907568e-01
6.996613793720291019e-01,9.730044680360769305e-02,-2.328470333977056966e-02,1.371885916587607834e+00,1.898498388615587507e+00,3.604296131575982276e+00,8.605242984007663853e-01
9.943600377396647483e-01,3.116919289170615448e-01,-6.022919374725525625e-03,1.999136064876708030e+00,2.005192403546340429e+00,4.020796575239950599e+00,2.252444548653505241e-02
9.979400376820266594e-01,-6.929865603927796158e-01,-1.263285715895551883e-03,2.348658385794069936e+00,2.169996860510744252e+00,4.708886374626486848e+00,1.156960303834769256e-02
9.957026525142149698e-01,-2.025122312253576640e-01,9.108633519680752952e-03,2.047845239941003204e+00,2.026627562064021504e+00,4.107219275317558704e+00,1.152879543555184599e-02
1.583301251801227938e-02,5.032926530414288946e-04,-4.958132671211293688e-06,1.098701704187043634e-03,2.317150734973724147e-01,5.369187528589269842e-02,5.149447187751861332e-02
8.737148931408138530e-01,1.779456174887249220e-01,-3.299695932520492481e-02,1.588203432010091065e+00,1.865131832951203439e+00,3.478716754287915602e+00,3.023098902677334165e-01
5.004031336280327924e-01,-2.938558655065937608e-01,-1.112207576336859439e-02,9.770336447129974733e-01,1.890712587700072778e+00,3.574794089287505194e+00,1.620726799861510248e+00
9.336157595394931619e-01,4.987272846096684753e-01,2.010755085002624218e-02,2.309562387672073225e+00,2.228358263786316851e+00,4.965580551784768204e+00,3.464557764406218099e-01
9.315462665831957256e-01,1.635009284396844731e-01,-9.035741516483876412e-03,1.923540866364870094e+00,2.004930163750823890e+00,4.019744961517904613e+00,1.726632287881642580e-01
9.794045305719925043e-01,-1.040251699034924482e-01,3.216004192594078444e-03,4.460749682075202394e+00,3.007157178091360628e+00,9.042994293746396295e+00,1.214949295959908970e-01
8.564927139204525641e-02,8.007592180755362943e-03,3.617631591292301096e-04,1.615083145425105088e-02,7.196163162053872409e-01,5.178476425490119439e-01,4.855459796405098838e-01
8.039433270885836258e-01,1.224199573603598212e-01,-1.727854450512395293e-02,1.378010649591758563e+00,1.787263617970002771e+00,3.194311240119224404e+00,4.382899409357074449e-01
9.815855015325636312e-01,-5.509684043639166973e-01,6.841072980305035840e-04,4.170740628390881888e+00,2.906849299262407538e+00,8.449772848622350452e+00,1.082915918405873562e-01
8.543340003325202714e-01,-2.976898231064792899e-01,-2.355303696190390317e-02,1.754410043765733507e+00,1.991111284952932436e+00,3.964524149066917857e+00,4.557040615354505109e-01
9.566647980296415499e-01,-4.924523076745052630e-01,-3.755575802144541040e-03,3.683603311866752605e+00,2.750673433760230768e+00,7.566204339194298356e+00,1.989977154607937282e-01
9.704589366933737971e-01,6.984003908384818493e-02,-8.966757806017078281e-03,2.020698866742204558e+00,2.034896283896862279e+00,4.140802886217260337e+00,9.940515273285192854e-02
9.784460455653306576e-01,2.984942346649412936e-01,-2.019742323277578383e-02,3.814855554372949875e+00,2.783541418871335882e+00,7.748102830572250355e+00,1.183917218263507570e-01
4.944478543211333621e-01,1.256694180146021751e-02,-9.441066904096685666e-04,1.336256076816677019e-01,6.771907315369930513e-01,4.585872868796078139e-01,1.913360715162723824e-01
1.790648474738865126e-02,2.817282878465332541e-03,1.843801590065016435e-04,1.594300410988043482e-02,1.522989018563334795e+00,2.319495550664509409e+00,2.287609542444748012e+00
8.681018708311845078e-01,1.101848052474756479e-01,6.324035414286731382e-02,2.606226971303468254e+00,2.464425906615198780e+00,6.073395049196144591e+00,8.609411065892087489e-01
9.879335863087794767e-01,1.135900195104145305e-01,-6.168507979616028210e-03,1.940218674946765365e+00,1.980508157078425757e+00,3.922412560254182168e+00,4.197521036065163247e-02
9.040065980632467912e-01,-5.945923422570538186e-01,2.495622016280888561e-02,1.583675022340060634e+00,1.853996153281292081e+00,3.437301736381828121e+00,2.699516917017069639e-01
9.788115679296558458e-01,-7.017041003560611778e-02,2.941202434949810509e-03,2.515422859001521072e+00,2.262380745312788211e+00,5.118366636762046618e+00,8.752091875900397389e-02
8.705463058182379976e-01,3.240682119410280837e-01,1.995086272126120330e-02,1.916292412838967119e+00,2.119522385131089592e+00,4.492375141071783595e+00,6.597903153938499132e-01
1.236962348469197170e-01,-4.150449784266693753e-03,-8.976859098638379809e-04,6.889000995191264798e-02,7.633353513716094607e-01,5.826808586536184054e-01,4.449008387497930817e-01
1.700635982248810407e-02,5.038617958152899479e-04,-5.958571027088980856e-06,1.047099469897757110e-03,3.135957749267283545e-01,9.834231005189525421e-02,9.624811111209974346e-02
7.271727970314013634e-01,-7.659196679420787746e-02,2.518992573477673615e-03,1.210677836378216687e+00,1.767431629005843163e+00,3.123814563210248085e+00,7.024588904538148215e-01
8.921274850758804664e-01,8.261271961649720164e-02,-1.582443609092673564e-02,1.589280723933329531e+00,1.891237214987113058e+00,3.576778203352211527e+00,3.982167554855530200e-01
6.413968261027447326e-02,-1.134476122561749525e-03,-9.544778935720220564e-04,8.005410043350398575e-02,1.291521180968541405e+00,1.668026960890375943e+00,1.507918760023368110e+00
2.441618112067434065e-02,8.094161404772065582e-04,-3.294769175745286208e-05,2.253068353110694762e-03,5.691213658075187087e-01,3.238991290186155059e-01,3.193929923123940973e-01
9.559899686860158230e-01,3.830911948721655302e-01,-3.950338149336193004e-03,2.457661363829936718e+00,2.277931198933530244e+00,5.188970547074750250e+00,2.736478194148774801e-01
8.585856840492536168e-01,-2.905157977874796016e-01,1.486683133968774587e-03,1.720658025407519220e+00,1.990853704455562312e+00,3.963498472544435547e+00,5.221824217293974391e-01
8.385897709613163720e-01,3.884588902536170174e-01,-3.079565111216378201e-02,2.049691516357651899e+00,2.238063722668206079e+00,5.008929226723469519e+00,9.095461940081659424e-01
9.408987668229288337e-01,1.355859921792711420e-01,1.672590122769366389e-02,4.995072790638692695e+00,3.275069564616039930e+00,1.072608065307429825e+01,7.359350717969134203e-01
9.375882542946681886e-01,-9.284392666817389284e-01,1.965506807481613369e-02,2.172153496880790069e+00,2.148127724133405803e+00,4.614452719190565766e+00,2.701457254289863497e-01
8.470468429902748841e-01,2.607087044211468529e-01,-3.089395809142083185e-03,1.119635644486451032e+00,1.557821642340421864e+00,2.426808269344209013e+00,1.875369803713068106e-01
9.755938225389093610e-01,4.912632856497118894e-01,-1.355876817132303271e-02,2.230680072754767096e+00,2.137613523600979448e+00,4.569391576281794265e+00,1.080314307722597539e-01
9.885808477206651235e-01,1.322976572432123243e-01,8.403081104746555792e-04,2.958327465873632711e+00,2.443857561501642461e+00,5.972439780908755047e+00,5.578484916148958306e-02
9.887246620753264992e-01,-9.070645911227996627e-02,1.370236711237451596e-02,2.447051979929733001e+00,2.224497497534468682e+00,4.948389116537113885e+00,5.428515667764924335e-02
9.979717826668409453e-01,1.372501860423086528e-01,2.817272359200258735e-04,2.380391075574267212e+00,2.183875069339387132e+00,4.769310318482112621e+00,8.528167333577977433e-03
1.310341214614463290e-02,5.773121248001111816e-03,1.789257032393058765e-03,4.670699077692366114e-02,2.610338515742653520e+00,6.813867166769559169e+00,6.720453185215712111e+00
1.522012940235240031e-03,5.160781481526877101e-04,2.273304039798375450e-04,7.774199650174211211e-03,2.770566346295017190e+00,7.676037879222522342e+00,7.660489479922174105e+00
9.502025039743206003e-01,-4.647358094109181881e-01,1.209264233213041585e-02,2.137949918353668544e+00,2.109675571839356945e+00,4.450731018415717166e+00,1.748311817083799402e-01
8.924434846843278812e-01,1.049529570210732538e-01,-1.219087765140053868e-02,1.980216678918558015e+00,2.068000660827342241e+00,4.276626733182324003e+00,3.161933753452075280e-01
4.827102362364377175e-02,1.199431050287769196e-02,7.027532800924908389e-04,1.246609428534824066e-01,2.115157990495471818e+00,4.473893324756843093e+00,4.224571439049878308e+00
5.561636009942749759e-03,6.306681953859860634e-04,-1.207677643325422628e-04,9.171308525202849504e-03,1.492535835301393332e+00,2.227663219658827742e+00,2.209320602608421780e+00
5.185369966261124119e-01,1.637463791539463531e-01,2.356367043522257509e-02,7.108284379901266270e-01,1.759744127133269886e+00,3.096699392980033938e+00,1.675042516999780684e+00
8.815916131406855705e-01,-2.387437298522464627e-02,6.033229792354397568e-03,1.563377769746582269e+00,1.882834664037969619e+00,3.545066372102974039e+00,4.183108326098098906e-01
6.969561359389786492e-02,3.250263289025862035e-03,-5.400478158267758063e-04,6.595546875426488986e-02,1.329736415780477632e+00,1.768198935452711229e+00,1.636287997944181338e+00
5.389752835425503097e-01,-1.378023227538739959e-01,-5.887497187986448673e-03,5.954694524680074208e-01,1.307275722918439742e+00,1.708969815731929520e+00,5.180309107959146786e-01
9.813114269448801608e-01,7.450685066062584516e-01,1.721294448889682666e-02,3.999033096435716583e+00,2.853582488768687586e+00,8.142933020207296479e+00,1.448668273358632852e-01
8.243053141869927103e-01,-5.159480440250668876e-02,1.392004916992114864e-02,3.889687655505496444e+00,3.111601039725770068e+00,9.682061030422493886e+00,1.902685719411501886e+00
3.883204807040396833e-02,-1.235255057849876797e-01,-4.776951194747448078e-05,6.617354868032764362e-03,4.194018676499078335e-01,1.758979265882308074e-01,1.626632168521652544e-01
9.956583932713756191e-01,-5.615973210101470325e-01,5.484965692004399162e-04,2.152006783714980109e+00,2.079817630701722209e+00,4.325641376977724661e+00,2.162780954776541767e-02
6.024417478892359901e-01,-1.844902015797600381e-01,-1.557709478036270814e-02,1.623744055972740741e+00,2.191565157052103086e+00,4.802957837604808766e+00,1.555469725659328173e+00
9.488733414341581351e-01,-4.453223476744033182e-01,-1.246340577801065275e-02,2.084504535120390134e+00,2.073836427255622450e+00,4.300797527012364618e+00,1.317884567715850996e-01
9.478111961186939105e-01,2.727802948155405582e-02,8.568796702159780024e-03,1.515662494829156604e+00,1.807701294799356040e+00,3.267783971219268224e+00,2.364589815609551560e-01
9.624559253712439144e-01,-1.210208909753308359e-01,-9.404135854931622990e-03,1.539955787896519546e+00,1.784274664964335955e+00,3.183636080033593441e+00,1.037245042405540024e-01
9.857989958143469345e-01,4.488161307929919852e-01,9.885689288523742679e-03,1.923741390746756208e+00,1.976120525530829175e+00,3.905052331424240908e+00,5.756954993072815191e-02
9.592821010803429527e-01,1.360651182653360713e-01,-8.641932472288414713e-03,4.623158311745051208e+00,3.107999707256458244e+00,9.659662180306231249e+00,4.133455568161294447e-01
9.411213481637847877e-01,-8.761401773727092723e-02,1.757090506956273529e-02,2.768959104170142460e+00,2.385913218995586504e+00,5.692581888577881166e+00,1.546636802375962738e-01
5.843246893035267675e-01,-1.061813126755466463e-01,-1.954685251417114661e-02,1.790416925311691498e+00,2.427069874608339450e+00,5.890668176231339537e+00,2.309834325607956096e+00
9.584511588677389060e-01,8.285168632212189799e-01,-1.727969195356029303e-02,2.606267815619915051e+00,2.328529872304200055e+00,5.422051366213013424e+00,2.095157349731836260e-01
9.613683280726974534e-01,1.844644314875142355e-01,-2.375056264326164818e-02,4.839446106157485161e+00,3.181373555519179774e+00,1.012113769975674771e+01,4.422454874417778292e-01
8.167234987572027372e-01,2.915128646706686144e-01,3.232143343399510472e-03,4.030538432800046422e+00,3.158227103371355149e+00,9.974398436469419593e+00,1.913321570869327415e+00
9.911524266246247716e-01,3.176125701995666240e-01,-1.804145503447572964e-03,2.230124801705889226e+00,2.119931009478389861e+00,4.494107484948065334e+00,3.385788153628615377e-02
9.800885415306276327e-01,2.868654621059641974e-01,-1.084739802396552169e-02,2.870431178140605333e+00,2.415405602228872350e+00,5.834184223278620962e+00,9.332186699741075453e-02
2.731355683901703912e-02,-9.201855548114146188e-03,2.195667051682238888e-03,6.685337590759714288e-02,1.977695597048931830e+00,3.911279874586730543e+00,3.777573122771536340e+00
1.062400812392638727e-02,1.394203128291082727e-03,-5.401146078635570827e-04,2.749799758518582313e-02,2.272062400211760202e+00,5.162267550456024701e+00,5.107271555285652909e+00
9.217726407572890412e-01,2.537413689401363803e-01,3.200275268980041360e-02,2.869238862660770994e+00,2.504048621865337498e+00,6.270259500665695818e+00,5.317817753441529405e-01
9.293354972382745771e-01,-4.509924074581029424e-02,-2.951121634530428847e-02,2.500342843218634314e+00,2.286985723459466602e+00,5.230303699307420118e+00,2.296180128701514611e-01
9.427844987682308942e-01,6.882625222531899012e-03,-6.090657932853888595e-02,4.599689460103082439e+00,3.104734613093769635e+00,9.639377017742519982e+00,4.399980975363556035e-01
9.691828867456983021e-01,-3.999286607045260955e-01,-1.127048738735855586e-02,4.418405239511954186e+00,3.021130272216644208e+00,9.127228121703813812e+00,2.904176426799047195e-01
8.979225123786243046e-01,-9.426609080822621889e-03,-2.481962095715165018e-02,2.092245093520991528e+00,2.133421712142948401e+00,4.551488201842949444e+00,3.669980148009662213e-01
9.875614880961655073e-01,-3.511992277835350729e-01,1.808102108121737231e-02,4.258829926249891429e+00,2.931356515447554933e+00,8.592851020656830485e+00,7.519116815704743328e-02
9.780549469511529148e-01,5.040627891727167409e-01,-2.067491474435657201e-02,4.919561497169101294e+00,3.152857108946640174e+00,9.940507949435366086e+00,1.013849550971624158e-01
9.627103843188318244e-01,-8.771494511718217479e-01,2.199348774175566377e-03,4.728626882863733449e+00,3.111068930240168395e+00,9.678749888705706184e+00,2.214961229782396179e-01
9.766367836451470552e-01,-3.593472154903035731e-01,-1.007245076170282597e-02,2.711567144588640677e+00,2.360728239572406739e+00,5.573037821114634305e+00,1.499035319373530906e-01
4.191913745745179387e-01,3.136780223064927209e-01,-6.570672047793745148e-03,8.783010758496870851e-01,2.057672446315660597e+00,4.234015896326674522e+00,2.477413744627300130e+00
9.113184139590496669e-01,6.871370877850712100e-01,1.138890510265142680e-02,2.623233361900606297e+00,2.359315554095876344e+00,5.566369883798732765e+00,3.199031599975203366e-01
2.337884981648363780e-02,7.179604800928274244e-03,5.705646514230186843e-04,8.720869700415001535e-02,2.638768926514471147e+00,6.963101447538333488e+00,6.788684053530033680e+00
2.586146090514662710e-03,2.895778269571824826e-04,1.934470376322895843e-04,1.031579972624270015e-02,2.825536057692193737e+00,7.983654013318743914e+00,7.963022413866259086e+00
6.476911936212390586e-01,-1.417667878969725848e-01,8.152207829914723605e-03,6.419902349026471722e-01,1.269612530374408799e+00,1.611915977283708834e+00,3.279355074784145452e-01
9.810354503350869892e-01,-1.097605731585119399e-01,2.217078673836965844e-02,3.450027347136859213e+00,2.647541340986575342e+00,7.009475152232993445e+00,1.094204579592740478e-01
1.509603625762878654e-02,2.574404448378808663e-03,-8.095795628598709574e-04,6.829415833561434945e-02,2.765406374973649939e+00,7.647472418744902356e+00,7.510884102073673851e+00
3.077077158998520190e-03,2.004642539148952102e-04,-1.163268819316154489e-04,1.042347664467744260e-02,2.269185572217472302e+00,5.149203161159937814e+00,5.128356207870583106e+00
9.482932057879083221e-01,7.555023383793674219e-02,2.684648636016365164e-02,3.274842620882028932e+00,2.603312765113281912e+00,6.777237353001761555e+00,2.275521112377033583e-01
6.962263737481002579e-01,4.387996520759341462e-02,-1.372572377731314137e-02,1.355095408038050175e+00,1.949758289599103023e+00,3.801557387860420079e+00,1.091366571784319950e+00
8.527774163854421330e-01,-5.582971227305295603e-01,-1.439681525622183919e-02,2.183462536242930074e+00,2.229473014751672810e+00,4.970549923505913625e+00,6.036248510200534767e-01
9.760587366521310537e-01,-6.779728026801029594e-01,-1.061374171831189379e-03,4.064085936400481103e+00,2.889152365727202465e+00,8.347201392387091801e+00,2.190295195861308442e-01
8.667129816251513130e-01,-2.352675648390337160e-01,-1.485126628367152563e-02,2.487102641884028298e+00,2.384109851039903472e+00,5.683979781825511779e+00,7.097744980574545171e-01
9.207058723862335814e-01,3.376840759481770649e-01,5.585920706679876890e-02,4.356694009898402165e+00,3.070274956916489106e+00,9.426588311068549331e+00,7.132002912717454457e-01
9.531505501242385492e-01,-2.634197237219211840e-01,-1.528097939565439302e-02,2.164858771026707096e+00,2.123348991436458721e+00,4.508610939434227305e+00,1.788933973808128075e-01
9.782429072239721135e-01,4.008828186759982315e-01,-1.130017258948503439e-02,3.418357595644166746e+00,2.647143623240062915e+00,7.007369362060527962e+00,1.706541707721951073e-01
9.784202423067542842e-01,-2.878787993115252131e-01,6.092977592927892837e-03,2.690894004485931301e+00,2.334062577289881535e+00,5.447848114705085010e+00,6.606010573322243506e-02
7.345497256947597364e-01,-3.573906063087393670e-01,-1.443332063836982697e-02,1.291752327278480328e+00,1.843330329360316933e+00,3.397866703139614586e+00,8.143620485826537081e-01
9.596348202275836181e-01,1.236867921735812781e-01,5.413195450458425928e-02,2.415161658199402428e+00,2.235651631716445653e+00,4.998138218396405819e+00,1.678149019976009904e-01
9.729310687804179070e-01,-3.131658243651561646e-01,-1.066581393941027668e-02,2.985032409359743788e+00,2.475632651298567577e+00,6.128757024175574664e+00,1.586922054560881423e-01
9.250024528488648423e-01,3.019748740126593223e-01,9.027529114216516215e-02,4.788537940761252720e+00,3.203586362881353899e+00,1.026296558443938167e+01,6.858897029168758985e-01
9.776377053808993356e-01,5.178182888663657168e-02,-1.280900875263121276e-02,2.904295664367009699e+00,2.436447318519406213e+00,5.936275535920405133e+00,1.276842071863865113e-01
9.403922940044535661e-01,7.162562460845993684e-01,-1.934183233308369235e-02,4.178732455903653609e+00,2.981249461971914538e+00,8.887848354507829285e+00,5.303834427005237329e-01
9.456675392567936989e-01,8.441091032968967012e-02,-7.771775218546804649e-03,2.372373700533753738e+00,2.277180347729643728e+00,5.185550336086101275e+00,4.408029350185945772e-01
9.895332833094045988e-01,-1.171511750380944128e-01,1.127854733410446099e-02,2.007300033435701625e+00,2.014046010844484424e+00,4.056381333798581679e+00,4.178126692717874097e-02
9.857990886842145084e-01,-1.666221228163439205e-01,7.781061759130965694e-04,2.415797728581074555e+00,2.213481194877346958e+00,4.899499000075646649e+00,6.790354291349706695e-02
9.044037374357394299e-01,-3.983327932658854431e-01,-1.535207984030710106e-02,1.844025661805681393e+00,2.033879913912087112e+00,4.136667504215038704e+00,4.486161806036757516e-01
9.718287879940236129e-01,-3.699613453839338262e-01,6.865222774294981681e-04,2.077934191750983484e+00,2.058683939018264297e+00,4.238179560771756726e+00,8.231117726979018945e-02
8.503047433125952015e-01,-4.495291308982805878e-02,-1.034656646513046861e-02,1.855273260949717118e+00,2.060392199830398674e+00,4.245216017121950181e+00,5.346694952225157227e-01
9.833288483652274925e-01,4.076980244348252236e-01,-1.366731869329353491e-02,5.543288190382472003e+00,3.351725777250996519e+00,1.123406568588879573e+01,1.474893051238543029e-01
9.878678582558129140e-01,-1.245479740391264523e+00,4.809907991221808871e-02,3.328047952129735254e+00,2.594409282512748049e+00,6.730959525188310977e+00,7.486362092884084329e-02
7.670088941770768498e-01,-5.527340656542104047e-02,-2.106456861032990693e-02,1.410915438982504266e+00,1.974038074232356443e+00,3.896826318518990195e+00,1.074995440553981885e+00
9.203066660814472888e-01,6.338596418421700296e-01,5.281333480465044000e-02,1.850394378697085118e+00,1.973930388519573143e+00,3.896401178721032643e+00,1.956124213268625178e-01
9.874659799995728626e-01,-5.643080525587463869e-01,-1.559262893650459683e-02,4.793110397599063432e+00,3.116411162518671230e+00,9.712018533870976356e+00,1.257977386728503510e-01
7.663406059930901737e-01,2.836193834515562395e-01,-2.492194980425278122e-02,2.866375430343159003e+00,2.936110108224460280e+00,8.620742567617853069e+00,2.887991706931533287e+00
9.538129753847336412e-01,-1.587555241894891833e-02,-6.502731906390147275e-03,2.512692187483302586e+00,2.316935694343846830e+00,5.368191011724603001e+00,3.428066367579971629e-01
8.210366642069104604e-01,-1.512886769405054621e-01,8.869556876617400859e-03,1.585601153829033994e+00,1.939805133948345750e+00,3.762843957692359798e+00,5.916416500342918106e-01
9.522726818756738210e-01,4.514835510258514151e-01,-6.949927422092206514e-03,2.502768208673019856e+00,2.279680130944536476e+00,5.196941499423298083e+00,1.914050820772575656e-01
8.321470377787985040e-01,3.454122540608725034e-01,-7.774479987079499672e-03,1.369111781031615127e+00,1.784930564278972565e+00,3.185977119297251026e+00,4.477535572340204939e-01
8.987643269365231946e-01,-4.777663943039589522e-02,3.046449445329724864e-02,1.924861490052290458e+00,2.071337473524657025e+00,4.290438929227510023e+00,4.407159491229287740e-01
9.783368841455849507e-01,-3.208636101364032572e-02,-1.195034728018386921e-02,1.981174792018416175e+00,2.005663299450525017e+00,4.022685270762766052e+00,6.033568672593435378e-02
9.772163401671194460e-01,-2.624270165410901301e-01,1.581517561461423180e-02,5.284861664295978478e+00,3.279736449200792325e+00,1.075667117621622282e+01,1.869478476242639742e-01
9.719930156587661685e-01,-5.320513412465561753e-01,1.407670351407741549e-02,6.679728426700807908e+00,3.702121743198510284e+00,1.370570540146317562e+01,3.462485480615606903e-01
1.050964762901366312e-01,-4.586139719879378518e-02,7.187882890107572323e-03,7.553242006323002133e-01,3.688963284319096925e+00,1.360845011305433694e+01,1.209780171178973518e+01
5.380974911053715282e-03,-4.589864202511756419e-04,-3.452251991432669291e-04,2.528087406919444016e-02,3.024081346549554628e+00,9.145067990548968240e+00,9.094506242410577812e+00
9.655644012066759707e-01,-2.149294351354826271e-01,5.183051771416770370e-02,5.130242256824842251e+00,3.250247565860941990e+00,1.056410923938497959e+01,3.036247257352937545e-01
9.295010314281711983e-01,3.110481093358120619e-01,-3.250873983842462837e-03,1.935472536725209691e+00,2.026039256941681632e+00,4.104835070668801045e+00,2.338899972183820508e-01
8.153759116920977768e-01,5.888310763689895699e-01,-2.509328789447992300e-02,2.484864965210460408e+00,2.459549540858611660e+00,6.049383943937807651e+00,1.079654013516886391e+00
1.028802432024145119e-01,7.356030603473368013e-03,3.216732932870155722e-04,2.095459055049387828e-02,5.515539707915444456e-01,3.042117826959199189e-01,2.623026015949321832e-01
2.615714452737005757e-03,-5.668108543355199203e-04,5.887326520122528235e-05,7.474967545770300377e-03,2.086669642782227996e+00,4.354190198108910614e+00,4.339240263017369870e+00
9.596620166316612854e-01,1.210571699337339657e+00,-2.333230276707921706e-03,4.626870995194139802e+00,3.087002017871518955e+00,9.529581458342828881e+00,2.758394679545504435e-01
3.756306606993131680e-01,-6.438804913358947557e-02,-2.554576936996464168e-03,1.599796859800107773e-01,7.195575211965636875e-01,5.177630263105431618e-01,1.978036543505215517e-01
9.441033073630048511e-01,1.136837670430120573e-01,-4.844136372505165357e-03,1.424716977893057734e+00,1.724652899968268871e+00,2.974427625368959660e+00,1.249936695828441774e-01
9.934625870585828133e-01,4.016788248555590302e-02,-4.982875583979125934e-05,1.989607796424360808e+00,1.999338119596913321e+00,3.997352916473321027e+00,1.813732362459924766e-02
9.075782231937842282e-01,7.251540046003295686e-03,-7.937109343220467156e-03,2.102554255673210637e+00,2.141155234864873691e+00,4.584545739789253282e+00,3.794372284428312869e-01
7.000767474003262159e-01,6.324765344364463582e-01,7.708584568353986366e-02,9.270919480917976241e-01,1.682566310914427099e+00,2.831029390624184572e+00,9.768454944405891016e-01
6.378782014360162567e-01,1.140045397945609051e-01,5.327461510107557238e-03,4.918335031175671834e-01,1.158188122012522747e+00,1.341399725970894519e+00,3.577327197357600408e-01
9.806095937180799860e-01,3.927707873741558831e-01,2.608259917195893465e-02,3.306809190341218230e+00,2.596374979723321541e+00,6.741163035333277875e+00,1.275446546508406664e-01
6.677679655351325128e-01,-1.096281342198893061e+00,5.336307820755482184e-02,1.797255411579206097e+00,2.337611490063817854e+00,5.464427478478382838e+00,1.869916655319971310e+00
6.384970421391424900e-01,2.315304586489452532e-01,3.491338131499988756e-02,9.888222732570314255e-01,1.616042054446370058e+00,2.611591921739244704e+00,6.339473752251816308e-01
8.566160785104834918e-01,-1.582726391847865122e-01,-1.558970698424467713e-02,1.499581934880608758e+00,1.829138745188121362e+00,3.345748549148375162e+00,3.465846793871582565e-01
8.595064485329291237e-01,2.948238724818907919e-02,4.889989551515210725e-02,2.140237618820253651e+00,2.194486763887169012e+00,4.815772156875979704e+00,5.352969192354729566e-01
9.785282085346594938e-01,3.284641280704028721e-01,1.856775309721260536e-02,6.864793642113225403e+00,3.733962152158288195e+00,1.394247335375055385e+01,2.128860695241048540e-01
9.547923995455490642e-01,2.911007435995939807e-01,-1.780168777875486621e-02,3.837250444162621399e+00,2.842509175486738204e+00,8.079858412726295569e+00,4.053575244010529932e-01
1.195998751804679960e-01,-6.924574746398279301e-03,-8.225944320319652754e-04,1.128534099021371445e-01,1.230585814439512760e+00,1.514341446699758675e+00,1.288634626895484470e+00
9.927344438233627333e-01,-1.351772160435439907e-01,4.414373636091632573e-03,1.991769978391046747e+00,2.002914155258033180e+00,4.011665113333000576e+00,2.812515655090724528e-02
3.882754250757858294e-02,3.205206437482052695e-04,-1.725636265562174691e-03,9.785443832063230041e-02,2.183424430121569060e+00,4.767342242051698875e+00,4.571633365410434635e+00
5.034790999883465012e-03,1.920106828474543725e-03,4.163223268218217243e-04,1.391540801907691950e-02,2.060123058409851549e+00,4.244107015791960258e+00,4.216276199753806075e+00
5.842897553921461151e-01,3.775907958168903122e-01,7.508670238682774341e-03,8.268429246294748403e-01,1.603943521595246002e+00,2.572634820467359251e+00,9.189489712084094597e-01
1.041576119157161529e-02,-2.280851101490788402e-03,1.016699441802389355e-04,3.586517344446329275e-02,2.365570477042535646e+00,5.595923681855250464e+00,5.524193334966323476e+00
2.681047374254896809e-03,1.315335392687799754e-03,5.110319129206356871e-04,9.740795280657675928e-03,2.651937847637585222e+00,7.032774347732668296e+00,7.013292757171353031e+00
6.714613849229837950e-01,5.320998741122395792e-02,-6.190642270558547461e-03,5.388625222728006259e-01,1.235742108298169661e+00,1.527058558221205509e+00,4.493335136756042569e-01
8.604446699289003408e-01,-2.978468089879465763e-01,2.836079428007937803e-02,1.448842306430738525e+00,1.880429415041888541e+00,3.536014784954779167e+00,6.383301720933025614e-01
5.158030220925036158e-01,1.144249722912465961e-03,-1.283033877883856368e-03,9.234862070636440379e-02,5.621051731102213456e-01,3.159622256372718874e-01,1.312649842245430520e-01
8.337992839331409556e-01,-3.327519412685344680e-01,1.724711914701350726e-02,2.058672715922859719e+00,2.234005495901377980e+00,4.990780555717561739e+00,8.734351238718416344e-01
9.047229304246378057e-01,5.377672801839147865e-02,-4.094472256396913812e-02,4.180215978657519038e+00,3.025853021079607075e+00,9.155786505176584100e+00,7.953545478615445807e-01
9.600376561077643700e-01,2.293476681731740352e-02,-1.878834919360354225e-02,4.542464138547120278e+00,3.058171986182963042e+00,9.352415897074250140e+00,2.674876199800086951e-01
7.856147083969250433e-01,-6.133641960439220053e-01,-3.484796694213331859e-03,2.006545608539381575e+00,2.247843754295655749e+00,5.052801543725987443e+00,1.039710326647224292e+00
6.939363605444446303e-01,3.252466728930577533e-01,3.836655504506403247e-03,1.479853417219613831e+00,2.007899551454985332e+00,4.031660608733131035e+00,1.071953774293903150e+00
8.859978210608354665e-01,2.681713642539529374e-01,1.000627061762255667e-02,2.844426703405273038e+00,2.519171683649401583e+00,6.346225971700960145e+00,6.573725648904152896e-01
6.084009875027283076e-01,6.444778263714212585e-02,-1.880775289930121733e-02,1.862424530373156806e+00,2.301570564855281553e+00,5.297227065008260460e+00,1.572378004261946405e+00
9.606972299192837461e-01,-5.948447562479228790e-01,-1.147848772472028758e-03,4.144398293373484421e+00,2.956187496746201404e+00,8.739044515918573452e+00,4.502479291716047216e-01
9.905430445118771354e-01,-6.707096054928396445e-01,-7.137984154616295457e-03,5.207885422877865267e+00,3.239889081025605577e+00,1.049688125734894406e+01,8.111041159321530358e-02
9.593960516407218364e-01,-2.190681395043811985e-01,-5.953026242304176006e-03,3.328564496304052600e+00,2.633796317470245896e+00,6.936883041919828408e+00,2.797540493117232074e-01
5.669665023553520644e-01,1.327219221083863199e-01,1.077395396019047331e-02,5.643341075557886111e-01,1.454067957663673250e+00,2.114313625504205874e+00,9.856454103926284294e-01
8.624595694496730580e-01,-2.875368704804427411e-01,-4.327097221482458650e-02,6.983363195337069840e+00,3.985097306908917947e+00,1.588100054553271079e+01,1.914274154858572219e+00
3.103264046033883394e-01,4.317110825821354747e-02,-4.381746959288200689e-03,6.492479568456599459e-01,1.851697162446790168e+00,3.428782381413494562e+00,2.130286467722174226e+00
4.329952058716779462e-03,-6.191929146295849229e-04,-1.282386159027723807e-05,1.304917499770739606e-02,2.306227307799963988e+00,5.318684395242270213e+00,5.292586045246856052e+00
6.912694989469949647e-01,1.778109275189587724e-01,-6.676350904763038094e-03,4.637234008006011488e-01,1.178364104643585764e+00,1.388541963112479793e+00,4.610951615112774959e-01
9.711953559182617823e-01,1.048618539156231377e-01,1.308930553766602702e-02,2.038902059353883356e+00,2.039733398371032624e+00,4.160512336430242541e+00,8.270821772247556602e-02
2.319677024616416672e-01,1.870616815407209060e-02,-1.264028943108687526e-02,6.872215427489072326e-01,1.982137591743043048e+00,3.928869432600910372e+00,2.554426347103095907e+00
7.808800726281067695e-01,-2.073185203884420069e-01,-9.192698742936862219e-03,2.565722504638231261e+00,2.623914590099381883e+00,6.884927776136407829e+00,1.753482766859945752e+00
6.790534111465884592e-01,5.764228816601957295e-01,-2.076279545426129060e-03,1.538207743874953737e+00,2.096383009383904650e+00,4.394821722033516842e+00,1.318406234283608702e+00
8.988601007670052878e-01,9.291185038722321599e-01,1.495145450648368950e-02,1.865272165336298471e+00,2.084406478262568196e+00,4.344750366622961657e+00,6.142060359503649369e-01
8.298376298727349054e-01,-6.640680101614477859e-01,-4.824433379181935350e-03,2.524931560226811644e+00,2.536366205632907267e+00,6.433153529076671262e+00,1.383290408623048195e+00
6.831657484208256692e-01,-1.204273677889327737e-01,-3.689261773607750445e-03,7.080772023234112034e-01,1.397130487194838455e+00,1.951973598249286512e+00,5.358191936024643276e-01
7.014081597388005518e-01,1.499208512454758835e-01,-7.320585637296836944e-03,1.641834152056274254e+00,2.104580526720752687e+00,4.429259193452200094e+00,1.145590889339652030e+00
9.276522855665035872e-01,6.680661698122911663e-01,-4.744917802356017969e-03,4.720967389401046432e+00,3.220395353789587745e+00,1.037094623470956378e+01,9.290114559074705847e-01
