trH,D,Q,V,sigma,W,C
9.964202349055658603e-01,-5.220219432954436439e-02,3.309221250112352047e-03,2.043441788178314233e+00,2.023628573221786908e+00,4.095072602359645764e+00,8.189026003018068725e-03
9.920853216967456811e-01,-4.728728885084098055e-01,-1.770919359658057598e-03,5.014271764002101506e+00,3.178294129836197968e+00,1.010155357575123602e+01,7.301004774703388767e-02
9.886885721278587669e-01,-6.241080473222292424e-01,4.386254256381017999e-03,4.775243524050227784e+00,3.100399518156131684e+00,9.612477172182774865e+00,6.199012408232049826e-02
9.964199366919702650e-01,2.335226949147365394e-01,1.414683226632411535e-02,6.446661927775870105e+00,3.595420369811331174e+00,1.292704763565424919e+01,3.372378010250850350e-02
9.982701625645272747e-01,-2.924901816160032086e-01,-8.038554072070422385e-03,6.062978430529135210e+00,3.483690413954117382e+00,1.213609890027580818e+01,1.014203921753847881e-02
9.703930893916431488e-01,-8.704771541916732358e-02,1.760424511428124172e-02,6.360199419971221069e+00,3.629961424110030865e+00,1.317661994052692265e+01,4.562211005844819534e-01
9.608228381889392100e-01,-5.848624609497647953e-01,2.920554093140459093e-02,4.077435792803447256e+00,2.894042040962061524e+00,8.375479334855855384e+00,2.206077492489607605e-01
9.827553964801586384e-01,-2.099209961806711155e-01,-9.862576866629814420e-03,4.087282758406150407e+00,2.885362791920443648e+00,8.325318440998936254e+00,1.507529241866343295e-01
9.749425115172619671e-01,-3.351005307853388571e-01,-3.631309587758457108e-02,5.230589170504746477e+00,3.275767553210047645e+00,1.073065306266374108e+01,2.694747216542496826e-01
8.977381584131971515e-03,-3.497685926719618643e-01,-1.971711316512368087e-03,1.253066671842047453e-01,4.241392060065170000e+00,1.798940660718387008e+01,1.773879327281546026e+01
9.286779853159061737e-01,-1.854875501397730830e-01,4.174304332796075628e-02,3.263262670741263527e+00,2.618118591191818112e+00,6.854544957544230321e+00,3.280196160617033785e-01
1.613154411796580145e-02,1.863860517544539963e+00,3.187130146445456714e-03,1.547048075478369977e-01,3.433302592859575952e+00,1.178756669413628622e+01,1.147815707904061178e+01
9.749246065721156596e-01,-3.537753138058746805e-01,-2.542506349786144426e-03,4.502784952436021726e+00,3.041614406238585477e+00,9.251418196238104130e+00,2.458482913660612612e-01
9.075722013623499507e-02,-5.071852172014279514e-03,-2.367218626001768144e-03,2.095015380439282371e-01,1.958728408749481176e+00,3.836616979242274628e+00,3.417613903154418598e+00
1.123490512232150351e-02,1.639781876681234429e-03,1.681383157673607676e-04,3.316511239342548236e-03,7.790338361718257554e-01,6.068937179005909899e-01,6.002606954219058544e-01
8.266779768404552975e-02,-4.229963140132200206e-01,-7.109202467233426061e-05,3.579416828178707405e-02,8.148360913387766580e-01,6.639578557482551657e-01,5.923695191846809482e-01
8.566543983429162346e-01,1.013570524872543510e-01,8.886996636251368953e-04,3.020594226020140383e+00,2.588114806094778952e+00,6.698338249527015620e+00,6.571497974867346326e-01
9.938092389764605628e-01,1.190195534020341173e+00,1.661791930371956175e-02,5.585248242075955716e+00,3.349132215435230542e+00,1.121668659646609534e+01,4.619011231418416324e-02
9.694871914234177712e-01,-2.648850838098545379e-01,-4.485698972618642338e-02,6.709210072898883936e+00,3.699000289052559065e+00,1.368260313841091680e+01,2.641829926131493700e-01
9.747093860177533653e-01,5.487205639440303484e-01,7.907953484416317680e-02,6.886451948779308552e+00,3.738051633842173871e+00,1.397303001727014404e+01,2.001261197115272172e-01
9.557780314459154436e-01,4.280584748100176307e-01,-2.302092121052098928e-02,4.945289670589020581e+00,3.196891101758172038e+00,1.022011271650058006e+01,3.295333753225389017e-01
7.258556599952945554e-01,-2.859955912124476640e-01,1.699823816322853327e-03,3.007836150891126437e+00,2.708777717872060897e+00,7.337476724840169773e+00,1.321804423057916456e+00
9.116211894453791764e-01,3.911240822709197706e-01,-2.698141374374873891e-02,7.329683746421267188e+00,3.962010625402542452e+00,1.569752819580264713e+01,1.038160702960112980e+00
9.665467387091927209e-01,-7.061428404105201118e-01,-5.067934008966093473e-02,1.312918467550233714e+01,5.197550761288685983e+00,2.701453391617259570e+01,7.561645651679245184e-01
9.014362221011830156e-01,-6.356240117906606368e-01,-1.437688325884574868e-02,4.731498119732865604e+00,3.233245631219843652e+00,1.045387731180220570e+01,9.908810723364750439e-01
8.406141873068521120e-01,2.290065024677789551e-01,-7.438393930606106152e-02,6.312037397866284039e+00,3.954116636563043130e+00,1.563503837554463161e+01,3.010963579812062640e+00
8.223909585402809919e-01,3.150810374236454048e-01,-1.229155759060571451e-01,8.754753492481762933e+00,4.443930839742376904e+00,1.974852130841338393e+01,2.239014323449857624e+00
9.327242695153948882e-01,-1.336302522792743308e-01,-2.082504891991732165e-02,8.893167322565247446e+00,4.339969769766961250e+00,1.883533760249109079e+01,1.049002957360593680e+00
9.921747751122288461e-01,-6.491867733919479133e-02,-4.558790774920232214e-02,1.413223216002712057e+01,5.332878922995268667e+00,2.843959760732717257e+01,1.751332872729287893e-01
8.560810093083487393e-01,-1.951631493280250762e+00,5.586623677612441441e-02,9.726397870296114689e+00,4.647239112329315525e+00,2.159683136716336804e+01,2.144035626571143105e+00
9.975523484030521804e-01,-8.292142125161967581e-01,5.806120856779822988e-03,4.523732218845074371e+00,3.011087201941441638e+00,9.066646137695538954e+00,1.918170000539018427e-02
9.976022547804059837e-01,-8.458976515364227122e-01,1.750004356933774347e-02,4.524670358309576201e+00,3.011871334612264306e+00,9.071368936259062821e+00,2.202821963991172596e-02
9.887968391025085957e-01,2.486178400010314038e-01,-2.016938681152519522e-02,4.477991185954540043e+00,3.008466150158373154e+00,9.050868576648742447e+00,9.488620473966244417e-02
6.776505144812010606e-01,-3.272474725017824881e-01,-3.970949518206878109e-02,3.311979402530891292e+00,2.946061283957332577e+00,8.679277088832327181e+00,2.055318283770546817e+00
5.401427955708012485e-01,9.169081948219796052e-01,3.523990765885494370e-02,1.504297276235262881e+00,2.166036543213519128e+00,4.691714306536371559e+00,1.683119754065845353e+00
9.211303682484783817e-01,1.331901958033468170e-01,-5.091215057594483673e-02,5.787768235548512941e+00,3.492580644561197989e+00,1.219811955876351206e+01,6.225830876664866231e-01
9.922441955487995013e-01,-2.142464218330701886e-01,3.777421034765185426e-02,1.117795272313265187e+01,4.748081351234065828e+00,2.254427651793671572e+01,1.883710716714129541e-01
7.829562871449390338e-01,2.531376247473466901e-01,2.396062744346614745e-03,7.153012710112172989e+00,4.316948222948796321e+00,1.863604195962076915e+01,4.330016539396422282e+00
9.809805652054877090e-01,6.136100693426118635e-01,9.086909585955156576e-03,8.436867062359690195e+00,4.129906364855780332e+00,1.705612658247628843e+01,1.823924577569084882e-01
9.965262284495144396e-01,8.631001575703679540e-01,8.773987185893616925e-03,9.313125631408411209e+00,4.324882888711863771e+00,1.870461200107267175e+01,7.836073825585054831e-02
9.434030312603089996e-01,1.196171374231971840e-01,-9.172966493898428164e-02,9.254301820859513583e+00,4.417072589346211942e+00,1.951053025955364717e+01,1.001926617834617783e+00
9.763957228768330721e-01,1.954880284243891153e-01,-6.907639667559061121e-03,9.225107530526834410e+00,4.329561352052143874e+00,1.874510150118359064e+01,2.948864401299204352e-01
8.203994677075822084e-01,-2.359626147496281801e-01,-5.858800448856758825e-02,3.200060576807331802e+00,2.772803572386092874e+00,7.688439651037078271e+00,1.288318497422414444e+00
8.256415272129890015e-01,-1.249132748096450474e+00,1.113142076991070761e-02,6.050601966418470923e+00,3.837684906724837752e+00,1.472782544330362597e+01,2.626621510466683684e+00
8.866564765539075577e-01,5.732357317383915407e-02,-5.215956687800044761e-02,6.633281916818135393e+00,3.755442478931429573e+00,1.410334821256264171e+01,8.367843789263696985e-01
9.057110324362152021e-01,-1.486516436817890030e+00,1.053220809590166840e-01,9.110467368773521812e+00,4.502789613172316407e+00,2.027511430049249697e+01,2.054179562945453341e+00
2.141264684868507961e-01,3.268069695239167460e-02,1.072950212364607052e-03,1.891247171018293483e-01,1.374895472778565608e+00,1.890337561066995464e+00,1.512088126863336601e+00
8.404236968064809910e-01,-5.837880448420378343e-01,7.534740542630455340e-02,3.456063226537875011e+00,2.751153815151707427e+00,7.568847314623796230e+00,6.567208615480475409e-01
9.880926653670908388e-01,5.337189046872233833e-01,1.525720525529572769e-01,1.261251603479313133e+01,5.046046975140027868e+00,2.546259007531982732e+01,2.375580057335680839e-01
2.154133765812504819e-02,4.820502667560205845e-03,-1.348279999908561519e-03,1.882684106926573731e-01,3.721130159564611350e+00,1.384680966442134853e+01,1.347027284303603345e+01
5.015708219931520606e-01,2.017625477106627097e-01,-2.475295868038859468e-02,2.152845453037804280e+00,2.827407725523516380e+00,7.994234446350064971e+00,3.688543540274455967e+00
8.077377471740838644e-01,-2.898682752878165014e-02,5.109970934791054770e-02,3.930138215772230215e+00,3.024148193120375527e+00,9.145472293953233134e+00,1.285195862408774037e+00
9.750818712621706075e-01,-4.472041931834444539e-01,1.416878691753579445e-01,8.419963323518157239e+00,4.153149508278720425e+00,1.724865083811577549e+01,4.087241910794660593e-01
9.136021685360777855e-01,2.113039606516382007e-01,7.075212701735177773e-03,4.588826366328166984e+00,3.161206742294216721e+00,9.993228067526413128e+00,8.155753348700788274e-01
9.547621219526128966e-01,3.793605731218270827e-01,-5.414444501036441010e-02,6.507767328357635606e+00,3.691091255843872432e+00,1.362415465896709676e+01,6.086200022518253316e-01
9.480525635390373296e-01,9.710695108178850621e-01,1.077562584264155424e-02,5.273304597525966919e+00,3.310242968313873657e+00,1.095770850927144657e+01,4.110993142195141226e-01
3.426539696415378256e-01,5.355571722636426335e-02,-2.756954411969583449e-02,1.652714232129350869e+00,3.102835489111658518e+00,9.627588072490784299e+00,6.322159608232082562e+00
9.895667222905223381e-01,-6.854737267633193021e-02,-2.236842108837875515e-02,4.846222926721019064e+00,3.131246542949064349e+00,9.804704912730466404e+00,1.122590592884274985e-01
9.933198589212138829e-01,-2.382876719766856000e-01,1.249718888336742847e-03,9.010116494437442114e+00,4.259203308207624161e+00,1.814081282064677225e+01,1.205798317718905222e-01
8.221971205799493143e-01,6.678162150620071680e-01,-5.942052741151088863e-02,4.363326939867622656e+00,3.304162702674958041e+00,1.091749116574828271e+01,2.190837286013036955e+00
9.649381176707817476e-01,-8.032011103072405067e-01,9.426041868158723316e-03,5.713699329205655708e+00,3.409806258288236691e+00,1.162677871906162430e+01,1.993800606503135786e-01
8.662582720594446117e-01,4.430767129865361142e-01,6.195157480022263005e-03,7.448835199269820961e+00,4.057984094875503267e+00,1.646723491426255848e+01,1.569564515722915887e+00
9.710712777692597220e-01,-3.361618134192982943e-01,2.569899758653603622e-02,1.168433531735547071e+01,4.958000632255790130e+00,2.458177026944881405e+01,1.213099634737870414e+00
5.434267884947143745e-01,-1.506440401571954579e-01,6.348340949838490038e-03,2.393540420453688533e+00,2.890360481280772387e+00,8.354183711749618269e+00,3.567102870842241202e+00
9.328488285554108472e-01,-1.894536357626942225e-01,-1.114682979946608581e-02,8.271556148047537249e+00,4.163486634678135623e+00,1.733462095714346418e+01,7.915086610483865748e-01
8.789872717722125861e-01,6.553165261117493978e-01,3.637979685730104856e-02,3.382351430331415720e+00,2.786948299052354194e+00,7.767080821590811368e+00,1.002377960927979927e+00
6.757048205000032448e-01,-7.829037247115451514e-02,-2.879145620802898639e-02,3.605336270058509207e+00,3.080410294767866652e+00,9.488927584111856106e+00,2.278255043994839468e+00
9.943273731026263107e-01,-8.564180314524436621e-01,-1.612891517134736399e-02,1.087115998438524400e+01,4.673823570418009332e+00,2.184462676739494569e+01,1.023067986244565880e-01
9.345967168566056138e-01,1.613365127160929058e+00,-9.503583681778816905e-02,1.408140863791275343e+01,5.507782587562150667e+00,3.033566903185282015e+01,2.172851756027317283e+00
7.805655490508560668e-01,7.184732610700834687e-01,3.820624866943516523e-02,3.634375997522694579e+00,3.045217654315514721e+00,9.273350562154885068e+00,2.004598567109495910e+00
5.112303087999228168e-01,-2.465860503143418592e-01,-4.320141967136627986e-02,2.513925455183191549e+00,3.071255749838412541e+00,9.432611880915509062e+00,4.404760970549125965e+00
8.518021791937336884e-01,4.954897898759251795e-01,-4.051995359881228193e-02,7.138738405813385590e+00,4.025093503946498785e+00,1.620137771551230088e+01,1.923900903885530367e+00
8.990317896590622748e-01,-7.587492731234728449e-01,1.316812139694500117e-01,1.087819029630716905e+01,4.852666052189547052e+00,2.354836781407288271e+01,1.791987221458545498e+00
5.753858788049341921e-01,-6.628872151416184688e-02,-2.665083633474819858e-02,2.978675278336166965e+00,3.012266774850266060e+00,9.073751122866823948e+00,3.116400566194490018e+00
5.393370880504453346e-01,4.976514060319620070e-01,1.579191006051123558e-01,5.580861117847471853e+00,4.704943830405309058e+00,2.213649644726898558e+01,1.097477421157404009e+01
8.974501389193361156e-01,2.504874054834869135e-01,-1.126625757135760360e-02,1.559697497815583755e+00,1.875700436671073446e+00,3.518252128128055212e+00,3.988571324968877008e-01
5.616933893526044885e-01,1.962880105220693450e-02,-1.248776726706320346e-02,6.752679228046917226e-01,1.566082331066305455e+00,2.452613867678073323e+00,1.102078022068690100e+00
5.095441550823995858e-01,5.322859054031903181e-04,-4.252202255646937712e-03,1.099198839604321076e+00,1.806859071944300510e+00,3.264739705867419239e+00,1.066342026658777087e+00
7.818372810872922241e-01,3.111747025594128191e-01,-2.784254739069900661e-03,5.149684034710869440e+00,3.644551901269919458e+00,1.328275856105018349e+01,2.983390491628445051e+00
8.636887055918140987e-02,-3.552164085457110154e-03,-2.002544795790690054e-03,2.975813987839525665e-01,2.509255191860884970e+00,6.296361617880806172e+00,5.701198820312901816e+00
7.056166090235342914e-01,-8.516968035710845153e-02,-5.835016802144808029e-02,3.973404846614086772e+00,3.457210817726346530e+00,1.195230663820407280e+01,4.005496944975900142e+00
9.963990405139894202e-01,1.064769272294228131e+00,1.071861401141935635e-02,1.163747049165727177e+01,4.832426058349826192e+00,2.335234160941843840e+01,7.740062610389224218e-02
9.977935494160882213e-01,4.353110579310244255e-01,1.485335823098190081e-02,8.251362220568095651e+00,4.065188448945086463e+00,1.652575712543655939e+01,2.303268430036332914e-02
9.958250649960298517e-01,5.878950872086903257e-01,-6.915033433247880831e-04,5.219294861836497823e+00,3.240501246566033000e+00,1.050084832899601395e+01,6.225860532301594197e-02
1.627826421226918896e-02,2.291161522363138747e-03,1.001548464493829603e-04,7.721717681569309141e-03,1.176729081743641991e+00,1.384691331821235050e+00,1.369247896458096525e+00
9.169335538640320804e-01,6.732125295982540614e-01,2.678316186697459259e-02,2.149594417645795286e+00,2.157907730068398422e+00,4.656565771488947014e+00,3.573769361973567205e-01
8.473088733534411832e-01,-5.306922003445962988e-01,-5.972966116290105015e-02,4.659962206762668480e+00,3.358693155353264181e+00,1.128081971181686605e+01,1.960895298291528199e+00
8.127993165224163263e-01,-2.906371141034823635e-01,-3.545993901130164300e-02,3.155095239880108426e+00,2.696800572659384887e+00,7.272733328695986543e+00,9.625428489357695794e-01
8.544104101367787640e-01,2.249520686564066563e-01,-4.364534739227927257e-02,6.620798173669251163e+00,3.955970167825590966e+00,1.564969996872603453e+01,2.408103621387533977e+00
9.187916412400519706e-01,-2.758067160047493194e-01,-5.414564511120877749e-02,5.986450522816319619e+00,3.575842526729071214e+00,1.278664977596414865e+01,8.137487303315122933e-01
7.071730102494993009e-01,7.080920532934377176e-01,7.976402401951424026e-02,1.678261495754980848e+00,2.115277796895328244e+00,4.474400158038353226e+00,1.117877166528391530e+00
4.266804172930749317e-02,-8.960681846692380992e-04,-3.547845524551322834e-04,2.670030230611186717e-02,9.482351756654624486e-01,8.991499483693103922e-01,8.457493437570866579e-01
2.469717509699265179e-03,5.886674051925333551e-04,7.312750271111724727e-05,1.090319427570422654e-02,2.394494174066072567e+00,5.733602349636363726e+00,5.711795961084956019e+00
7.688141143763811414e-01,8.532424700152982933e-01,6.172562169844684338e-02,5.202188259365761347e+00,3.742864993086818082e+00,1.400903835647478779e+01,3.604661837743263764e+00
8.221158522836208293e-01,1.529978805139806108e-01,-4.813095202138558543e-02,3.586415766282913697e+00,2.932513158900198480e+00,8.599633427122821416e+00,1.426801894556995576e+00
9.019986800232394630e-01,1.080423407597097318e+00,8.780232343249402827e-02,1.355258040407132825e+01,5.518312780237894621e+00,3.045177594053688708e+01,3.346615132394227921e+00
5.789119468681751535e-01,-6.572051146024998625e-02,-1.158580407214351154e-02,1.039683420129179803e+00,1.962246807617329836e+00,3.850412534004402421e+00,1.771045693746042149e+00
9.475251429085175259e-01,-1.003817069390063044e-01,2.458132201073518625e-02,2.961601254711142772e+00,2.464050548888009118e+00,6.071545107475299297e+00,1.483425980530136412e-01
9.855625941666507073e-01,4.378743207442510332e-01,5.180875751984248025e-03,2.840309172046020070e+00,2.395625947104028430e+00,5.739023678438073262e+00,5.840533434603363550e-02
9.962215062176478231e-01,-1.790681276737854377e+00,1.309921862204415331e-02,5.615235813495247363e+00,3.356516586903291799e+00,1.126620359815692396e+01,3.573197116642853194e-02
9.980692897912838424e-01,4.254671716468240716e-01,-7.213165594894893010e-04,4.560992518854448008e+00,3.022779765492765058e+00,9.137197510672496747e+00,1.521247296360167360e-02
7.840410366299732647e-01,4.157491794445946631e-01,6.881079668190875909e-02,3.420808859597042062e+00,2.919446249090559942e+00,8.523166401328939656e+00,1.681548682134857087e+00
9.926520329474926019e-01,7.903653974090782408e-02,1.750812662024379615e-02,8.845853865939757199e+00,4.219629078753818874e+00,1.780526956226480451e+01,1.135618303852932720e-01
7.084058463880598122e-01,-1.405510241459997922e-02,-1.316298978828496329e-02,3.344147031052374874e+00,2.890398803374227832e+00,8.354405242547167987e+00,1.666111180442417794e+00
9.482907885672776649e-01,-8.966140097595060032e-01,2.485875500055929541e-02,4.802846236694888304e+00,3.190148052142105062e+00,1.017704459458606792e+01,5.713521211962896418e-01
9.916150699148549297e-01,-3.293327192176553897e-01,9.251063062149494226e-03,5.756696352069924139e+00,3.406975304748421696e+00,1.160748072716560131e+01,9.408802302575369758e-02
9.107420594062828334e-01,-7.686478852291789288e-02,-6.019628100459259792e-03,4.352180029457258570e+00,3.044967488475318618e+00,9.271827005871690730e+00,5.674669469571731462e-01
9.968543443236598245e-01,4.363857379573006789e-01,-4.532634928416483244e-03,5.650624940219064918e+00,3.365148854438638093e+00,1.132422681252967678e+01,2.297693209154695604e-02
9.347666335681595884e-01,-1.404638835221613535e-01,-3.799981672769341817e-02,5.560241847514586944e+00,3.451620207088418546e+00,1.191368205398109659e+01,7.931983589519243649e-01
9.234929107449402208e-01,-5.199370838474259848e-01,-2.887108407907378743e-02,4.957214429023034441e+00,3.300151224044912457e+00,1.089099810156513293e+01,9.765692435190617138e-01
8.923153611981269329e-01,-3.906644528629689139e-01,1.716973477104445645e-02,4.127932825915409332e+00,2.993862454063695111e+00,8.963212393852289850e+00,7.073467420214716306e-01
9.957608801082991068e-01,1.443485594865063781e+00,6.217040629700080340e-03,7.827894782689009290e+00,3.965199666236836507e+00,1.572280839312472089e+01,6.701882774670291087e-02
3.058185326426888784e-01,-7.021583628456706805e-02,-3.129080362783055735e-02,2.058787803740182110e+00,3.491786534791127217e+00,1.219257320454862636e+01,8.074997597068261257e+00
9.596975213412684003e-01,2.609695605787845096e-01,1.327007491880972945e-02,5.952204913294242061e+00,3.475331964419363207e+00,1.207793226291495081e+01,1.735224363264682990e-01
9.323702032950247354e-01,1.052800289523686539e+00,-2.487835251303078740e-02,6.374150451809513562e+00,3.701470834663037834e+00,1.370088633986108739e+01,9.525854362420608235e-01
9.628725189227028691e-01,9.838106543122630832e-02,-6.579260532227235170e-02,7.761832628913398757e+00,4.030210085404684506e+00,1.624259333249763770e+01,7.189280746708404113e-01
9.474841451003467308e-01,2.854096031778122211e-01,-1.850177881096086788e-02,5.183304529196301580e+00,3.271041188303906555e+00,1.069971045558063238e+01,3.331013971880323887e-01
9.691217223078869569e-01,7.913424590769633227e-01,3.747514881073533977e-02,5.194486833256102720e+00,3.249897083168448830e+00,1.056183105118679144e+01,1.728573846745848352e-01
9.045153070099283266e-01,7.861370772265876550e-01,-6.461643874536919518e-02,1.087007064188975569e+01,4.844229963973882391e+00,2.346656394386240407e+01,1.726422660082890470e+00
5.830078314221215363e-01,-3.770129824396639129e-01,-3.657217526668819080e-02,2.047986199478333269e+00,2.687578492770971383e+00,7.223078154805086193e+00,3.127105755848420099e+00
9.947662133395663853e-01,1.426946789794426129e+00,-1.203506535500968068e-02,5.156078271896435972e+00,3.217600017847739302e+00,1.035294987485377227e+01,4.079333106090001632e-02
9.941812499483689836e-01,1.389830045368982914e+00,1.833734011422475177e-02,5.294641207965248952e+00,3.263644876426145203e+00,1.065137787942262726e+01,6.209546349213009020e-02
9.960108088634634926e-01,-1.571216825932199024e-01,-7.584281882514168523e-03,5.521995258909570659e+00,3.328937647438499514e+00,1.108182586053337282e+01,3.783534271423397849e-02
7.189075611384168063e-01,-1.877434527849115853e-01,-3.694382477110152128e-03,9.216789071352156082e-01,1.637318886880868130e+00,2.680813137336804708e+00,8.374553230663738246e-01
9.943214117677621200e-01,-2.600166300867970959e-01,-1.730377205296227544e-02,5.331710419692756275e+00,3.273070098339314615e+00,1.071298786864293184e+01,4.956702925741979238e-02
9.980383378304947817e-01,6.852958270087697867e-01,-9.105907086880651868e-03,6.135027120514954468e+00,3.505468418464070091e+00,1.228830883284898867e+01,1.825459181907997108e-02
8.827440134148637485e-01,2.027095738511908163e-02,-9.280602752235754538e-02,6.276958311998460438e+00,3.782494577427589100e+00,1.430726522826911484e+01,1.753348604272195743e+00
8.858081319674785403e-01,-3.660512620859196486e-01,-1.842442982023376544e-02,4.043206968108253641e+00,2.979513195577452311e+00,8.877498882620161069e+00,7.910849464036538992e-01
9.060702993156115603e-01,-3.927515062420013359e-01,-1.369422932009274063e-01,1.008031978245456095e+01,4.704107043670497035e+00,2.212862307831037967e+01,1.967983513401256657e+00
9.062494720944541671e-01,-4.098711303923618376e-01,-9.983716717152842091e-02,1.057745004291063040e+01,4.798227985333809009e+00,2.302299179924054684e+01,1.868091713419286926e+00
9.218796204136039396e-01,-1.028587203598665401e+00,2.304496787534190266e-03,1.074883388724756905e+01,4.811896915293654153e+00,2.315435192341258386e+01,1.656684148917443755e+00
5.803593813326499706e-01,-1.274599877857700292e-01,-1.599139330809616621e-02,8.874372494950618639e-01,1.722784217175972410e+00,2.967985458950627820e+00,1.193110959960504536e+00
6.808660911781720948e-01,2.241197083196568851e-01,-2.014042198913665663e-02,3.129606462667549494e+00,3.008554211829321812e+00,9.051398445515951963e+00,2.792185520180854752e+00
9.660219685264114231e-01,-4.038285342535624101e-01,-5.513600982588569765e-04,8.216251987373109245e+00,4.095806873516489865e+00,1.677563394514492501e+01,3.431299703987066851e-01
9.490069715734646971e-01,4.149499199095070257e-01,3.786095609436147119e-02,6.765144937540391368e+00,3.762061140365231093e+00,1.415310402384614186e+01,6.228141487653588992e-01
9.596530724977283544e-01,-4.081799681754046949e-01,1.608972195567923147e-02,1.004080573248412023e+01,4.539027123739397318e+00,2.060276723004194821e+01,5.211557650737114189e-01
8.645470181759805639e-01,-6.603995516161724755e-01,6.516101614256585017e-02,4.381385023934679879e+00,3.100758857814400304e+00,9.614705494314463863e+00,8.519354464451033282e-01
8.866058994425033424e-01,-2.880478799217309205e-01,-1.993486815279418845e-02,4.280398115523362357e+00,3.151175403027027144e+00,9.929906420642545584e+00,1.369110189595821980e+00
9.911140790323061944e-01,8.140302810820090329e-01,1.509670891952899149e-02,7.899835119739585743e+00,3.994797466525373597e+00,1.595840679855754196e+01,1.587365590783694491e-01
9.893759617312121168e-01,-6.417596710951374295e-01,8.444957809598554327e-03,7.009396590607138045e+00,3.763000863498381587e+00,1.416017549868956671e+01,1.413823174752914802e-01
9.756240083253736595e-01,7.269283458670591225e-01,-2.225560161503301743e-02,6.820390486067241298e+00,3.723512086110401409e+00,1.386454225541023177e+01,2.237612832757505665e-01
9.672623073397220717e-01,-2.459510614051757249e-01,-1.863508925683271186e-02,4.908391110450615713e+00,3.177401758053139957e+00,1.009588193207918572e+01,2.790997111779549011e-01
9.419096270173531460e-01,-1.761463750081104784e-02,6.414246405612802904e-02,4.771309914735806679e+00,3.162287482983798803e+00,1.000006212503600977e+01,4.574422955643970279e-01
9.849366405431873028e-01,7.466911733355516834e-01,-1.535736944887855851e-02,6.977107099592712025e+00,3.775794018353240133e+00,1.425662046903210900e+01,3.024062698466841725e-01
9.334870465624645064e-01,3.106042196294979130e-01,-3.927042404501293604e-02,4.556067675660764316e+00,3.101869942684107873e+00,9.621597141327111302e+00,5.094617900055803394e-01
7.914482638656054059e-01,-2.850106239845246470e-01,-8.696901256323356574e-03,6.405313586239825163e+00,3.988818510746087842e+00,1.591067311167063636e+01,3.100045939190986477e+00
9.597811225252161904e-01,4.033956811352448213e-01,-8.940363581307950169e-02,9.628516470016441176e+00,4.488743832698387060e+00,2.014882119558780715e+01,8.917882555549280221e-01
5.922127868602844458e-01,-8.149029677085045664e-01,-2.672893370078794836e-02,2.906037568628224932e+00,2.973964347207869618e+00,8.844463938463530184e+00,3.032388801207079876e+00
5.391920947045203416e-01,1.490005610964986738e-01,-8.601988202575032785e-03,2.542155169072958909e+00,2.825977411040594856e+00,7.986148327711703132e+00,2.901837989565784426e+00
6.002043448478480148e-01,-7.079098729207551344e-01,-2.251922934846470672e-02,3.847420770208184404e+00,3.369329359179567884e+00,1.135238033062939778e+01,3.657538790213030300e+00
9.267446664777720944e-01,5.363373444349377461e-01,1.857163511564562455e-02,6.891057190412035460e+00,3.921298055630412005e+00,1.537657844109085126e+01,1.594464060266781003e+00
3.811596559465745271e-01,-2.381190186587333057e-01,8.336973006659904872e-02,1.873820623191188028e+00,2.744026165577678977e+00,7.529679597374940414e+00,3.782038350992564357e+00
9.252916074970307658e-01,-2.730057602247014659e-01,-8.980317819011705838e-02,1.050600681443411055e+01,4.780877482363376174e+00,2.285678950136917820e+01,1.844775872500961311e+00
8.913468001625474146e-01,-2.363833364332991738e-01,-1.673899918599286787e-02,6.073872119220357746e+00,3.635643508549005531e+00,1.321790372125452429e+01,1.070159482813808349e+00
9.393437150612303776e-01,8.729818319581780228e-01,4.037992882371231607e-02,8.270096028562317514e+00,4.165594772424514147e+00,1.735217980805044036e+01,8.119877509258017767e-01
9.983043556654240813e-01,-5.485415777679450988e-01,3.097688253976096234e-02,7.190009349578754261e+00,3.795964557288197927e+00,1.440934692018818453e+01,2.932822103067767722e-02
7.321549760580248201e-02,1.896578751947708419e-02,1.973026004504057837e-03,1.625748986240898586e-01,2.130258393879510770e+00,4.538000824694112367e+00,4.212851027445933205e+00
6.005046783346124073e-03,-1.273853886635173405e-03,1.413543589069600622e-04,7.857562342798645599e-03,1.072115161795837102e+00,1.149430920152513913e+00,1.133715795466916587e+00
9.675138462597852040e-01,5.538698414285260219e-01,1.418586149185943265e-02,5.762798912690542785e+00,3.428360272924378283e+00,1.175365416096611781e+01,2.280563355850337981e-01
1.429637490685164991e-02,-1.122373097936779640e-03,-8.867419771521523102e-06,1.702854728069986071e-02,1.175128070215910370e+00,1.380925981409369507e+00,1.346868886847969904e+00
5.074648845049933854e-03,-5.343444772791527964e-05,-1.988058718781820426e-05,1.051374485806270097e-03,6.661818611757300834e-01,4.437982721595596924e-01,4.416955231879471366e-01
9.393063870628639567e-01,6.877777909780459220e-01,-1.685680625279640035e-02,3.021117442311610279e+00,2.510612904932364220e+00,6.303177158412924364e+00,2.609422737897039712e-01
9.091244821157982159e-01,-3.183080140304664352e-02,-5.260733678313862099e-02,6.160544597307255898e+00,3.699259359195661290e+00,1.368451980659669331e+01,1.363430611982182628e+00
9.316897455477507473e-01,-3.737902713220813689e-01,-5.176894936504695954e-02,5.519661366048383755e+00,3.428681897229526321e+00,1.175585955238946489e+01,7.165368202926979402e-01
9.146801510650464095e-01,9.682985563085562408e-02,-3.066709154909377441e-02,4.935054885175095052e+00,3.248254210886893922e+00,1.055115541854443784e+01,6.810456481942469553e-01
8.648243569027945776e-01,6.429389608119258082e-01,-1.370402924181582556e-02,9.014776972543410594e+00,4.463357460273551069e+00,1.992155981817956700e+01,1.892005873092749368e+00
8.782218673474138093e-01,1.020008128176930651e+00,1.201153673929028221e-01,8.245595447053764460e+00,4.279410781465763591e+00,1.831335663652541967e+01,1.822165742417889644e+00
8.551008496458614161e-01,7.115555334697958312e-01,-6.354958698305498976e-02,6.806383997733129299e+00,4.030186619492759803e+00,1.624240418793847951e+01,2.629636192472220024e+00
1.457405338641936110e-01,8.952754494248177375e-03,-2.606793196168364149e-03,1.264014763876347147e-01,1.402513650875015783e+00,1.967044540890765525e+00,1.714241588115496207e+00
9.918638237300919647e-01,-2.127146380068740406e-01,-1.152832118899958791e-02,4.830934922439391599e+00,3.117088771545705406e+00,9.716242409696315363e+00,5.437256481753238030e-02
9.980676784726090212e-01,6.995937433342969830e-03,-1.417150473091135761e-03,6.636767903213559805e+00,3.644584866915294263e+00,1.328299885214797449e+01,9.463045720855040380e-03
2.281307144461441894e-02,-7.043618713423408645e-04,-3.193842034544023363e-04,3.596508385551317605e-02,1.281951678240030423e+00,1.643400105342430750e+00,1.571469937631404301e+00
2.682287029983410065e-03,7.074851330811093852e-04,-1.857457486112524332e-04,1.954691293436001606e-02,3.488137506608301130e+00,1.216710326500757589e+01,1.212800943913885732e+01
8.782363774077086571e-01,-1.379361409647808789e-01,2.973794148315717437e-02,4.185826443099234240e+00,3.082305404807602400e+00,9.500606608506156903e+00,1.128953722307690422e+00
9.516867371117577745e-01,1.378097473026681952e+00,3.167156754099628158e-01,1.107971595200175585e+01,4.845727115654882233e+00,2.348107127939298167e+01,1.321639375389470406e+00
6.618674981688785763e-01,3.605387722284040253e-01,-5.301361864912580019e-02,3.447036349950128198e+00,3.148700732198517649e+00,9.914316300947481508e+00,3.020243601047225113e+00
8.743185928426431275e-01,3.521033086451447192e-02,-5.461288641731744040e-03,4.818999628193183504e+00,3.337310777012632013e+00,1.113764322236465709e+01,1.499643965978288751e+00
9.971619449219591980e-01,-2.914580810553927259e-01,-2.583275936463658791e-04,6.652734138787842255e+00,3.652820964610234977e+00,1.334310099949604655e+01,3.763272192036391794e-02
3.294152233079072900e-02,6.859412826638183747e-04,-6.956080052760834015e-04,7.801317488334998107e-02,2.048665577253785397e+00,4.197030647424585759e+00,4.041004297657885935e+00
3.855582274368996032e-03,-2.592373749520232584e-04,-4.239623364051913054e-04,2.456937050337372128e-02,3.068956823480228469e+00,9.418495984385854669e+00,9.369357243379107913e+00
7.570377959748619823e-01,4.855310609490658957e-01,3.791749167178340429e-02,2.666813453468944495e+00,2.660593645863231327e+00,7.078758548407802387e+00,1.745131641469913619e+00
9.706363002776007276e-01,-5.377870835523235193e-01,-2.837876390158824980e-02,5.611397419930556296e+00,3.391588485180048629e+00,1.150287245280589588e+01,2.800776129447828944e-01
9.976814107087502714e-01,-1.685527065520949774e-01,1.314221533703569585e-03,5.426178120487096024e+00,3.296751132645188598e+00,1.086856803059733423e+01,1.621178962314277078e-02
4.319881864095420632e-02,2.191648319058332739e-03,-3.809752548333978907e-05,1.678976569831333934e-02,6.657484224596547095e-01,4.432209620075188150e-01,4.096414306108921433e-01
6.547438685372108935e-03,1.554925582104932369e-03,4.319561698562334037e-04,2.839234673162384717e-02,2.378135454517400049e+00,5.655528240032680287e+00,5.598743546569432183e+00
5.564961518921736072e-01,-2.377116809779522555e-01,1.323237324523771422e-02,2.990661911882473989e-01,9.862004376260165017e-01,9.725913031737465353e-01,3.744589207972516820e-01
9.796555025985632659e-01,-6.666020104402381463e-01,3.573489778582234280e-03,4.514342753963594745e+00,3.023617300367447136e+00,9.142261579081329970e+00,1.135760711541409507e-01
9.820922315546525283e-01,-1.661070908278960423e-01,8.337925799362802884e-03,3.872260337643939732e+00,2.799844045572944307e+00,7.839126679530270536e+00,9.460600424239086481e-02
9.507289976764450312e-01,4.469657860590327547e-01,1.743858456087503048e-02,2.265045265498822236e+00,2.178679123802528039e+00,4.746642724492951437e+00,2.165521934953079375e-01
9.743425235412762619e-01,-1.465496362501779726e-01,-4.956701977425309949e-03,4.295594525639153005e+00,2.949675628907372005e+00,8.700586315770101109e+00,1.093972644917957926e-01
9.801320009003998690e-01,-2.484193573057069948e-01,6.425231465665942436e-03,4.281397062104362661e+00,2.942347392915962700e+00,8.657408180599363234e+00,9.461405639063860673e-02
9.877685654476553445e-03,-2.343042464792721713e-03,-7.174758324635673425e-04,6.877388543074541838e-02,3.917450676944110644e+00,1.534641980628987135e+01,1.520887203542837973e+01
1.001218978096474199e-02,-4.216778808407428691e-04,8.281653382260858749e-04,2.196019132239476063e-02,2.073881586384648479e+00,4.300984834345305430e+00,4.257064451700515839e+00
5.055751946627927707e-01,1.097010887916286814e-01,-2.831773248500289893e-03,5.156617798916269813e-01,1.449949103042279308e+00,2.102352401413110528e+00,1.071028841629856343e+00
9.884243634842274639e-01,-5.055408447197491384e-01,-4.788411861586498557e-03,4.447318660466724971e+00,2.990096389720048542e+00,8.940676419816867337e+00,4.603909888341885942e-02
9.973942669578842457e-01,-7.157941905344689104e-01,-8.203839118020160581e-03,4.898103395329497900e+00,3.133208659921796535e+00,9.816996506608941075e+00,2.078971594994543856e-02
8.192973374051495394e-01,1.295773619672311305e-01,6.458456796407215572e-04,2.346123879778590493e-01,7.571283645969684173e-01,5.732433604772798619e-01,1.040185845215618049e-01
9.957133895152051606e-01,-5.321491964818377829e-01,-2.217620298473202325e-03,5.264513264191021946e+00,3.251082106522989790e+00,1.056953486335396164e+01,4.050833497191712318e-02
9.980600008093744036e-01,5.827568521512354049e-01,2.188012390896867856e-03,5.534658674836492764e+00,3.328599224588504324e+00,1.107957279793119199e+01,1.025544825820798658e-02
8.878770861430275163e-01,-4.654429675905696895e-02,-7.102542663066842288e-02,4.958536606571117389e+00,3.315422912751426310e+00,1.099202909039715159e+01,1.074955877254918146e+00
8.134322286324124907e-01,-3.898085899862716586e-01,-9.805891777672567922e-02,8.602635196591000621e+00,4.784386416141894749e+00,2.289035337896308775e+01,5.685082985781086506e+00
8.966125240630749005e-01,-1.134002182154743910e+00,1.263365990257454552e-01,5.248723598685646863e+00,3.389137882896930520e+00,1.148625558928708834e+01,9.888083919157945045e-01
3.104855973780945577e-01,8.646096583078416442e-01,-5.652138339384110542e-05,9.094526009892842655e-01,2.063326040884385204e+00,4.257314350991631358e+00,2.438409149013062382e+00
9.400880953889274583e-01,-3.033707179213916416e-01,-4.675288440905936427e-02,5.800447905698250750e+00,3.588153555464579370e+00,1.287484593759310236e+01,1.273950126196603083e+00
8.050595544598518893e-01,1.008297018693649072e-02,8.722191248837229266e-03,3.006772676893719964e+00,2.629233820757301832e+00,6.912870484214039379e+00,8.993251304265998947e-01
7.925902943394638189e-01,-8.149304671936974387e-03,1.022883205992636685e-01,4.282713356998862686e+00,3.457660779884953683e+00,1.195541806875462498e+01,3.389991354756901387e+00
2.182333801554880992e-02,-1.342147508805444089e-03,-1.732959160443647525e-04,1.657043374098137595e-02,9.147997969774354088e-01,8.368586685499570521e-01,8.037178010679942863e-01
3.457876230574807863e-03,4.376155092471467611e-04,-1.866547099410246883e-04,1.130103499214148849e-02,2.123842608721029812e+00,4.510707426618949967e+00,4.488105356634667586e+00
9.261948649887199458e-01,-1.065443275991947214e+00,5.231673717169222498e-02,8.758445014951645291e+00,4.354358582780015752e+00,1.896043866742999029e+01,1.443548637526698375e+00
6.468871747734386002e-01,3.126493547347854451e-01,-6.174510803812922888e-02,2.792862075961461965e+00,2.755133018078802731e+00,7.590757947308013343e+00,2.005033795385088524e+00
9.910274833305867670e-01,9.201446628268219463e-01,3.861709119525227191e-02,5.406742751949867198e+00,3.302461076464804357e+00,1.090624916156507318e+01,9.276365766533994917e-02
1.130321846205856184e-01,-7.626455001038590087e-03,-4.737340945155578843e-04,7.162437415367323146e-02,8.275439379124729378e-01,6.848289691756829223e-01,5.415802208683364594e-01
6.117225875384435518e-03,-3.140717370912204931e-04,-7.845151086832881241e-05,7.708515853630028627e-03,1.087242392493383392e+00,1.182096020034736128e+00,1.166678988327475963e+00
8.054248083145884030e-01,7.799643417396108225e-01,1.026274180660819053e-02,2.675191742487773805e+00,2.507931862275474710e+00,6.289722225816531065e+00,9.393387408409840100e-01
7.555772309331297842e-01,9.437949173894055743e-02,-2.955274407790439012e-02,2.894334872633034461e+00,2.755029399522177513e+00,7.590186992231529928e+00,1.801517246965460339e+00
9.808039394868771632e-01,-4.439278465557943143e-01,-3.272515164541307114e-02,6.927939595075783608e+00,3.749152303932894004e+00,1.405614299808532763e+01,2.002638079337601962e-01
9.656585382986359045e-01,-1.756031311900160263e-01,-1.626719102079935211e-02,3.975754215625595389e+00,2.855504262270622817e+00,8.153904591845693162e+00,2.023961605945024667e-01
4.771840663090086698e-01,3.675000281545781622e-02,-3.646383831064010147e-03,4.899469934254160886e-01,1.361480256350709794e+00,1.853628488432794486e+00,8.737345015819625305e-01
1.746492383272235660e-02,-1.930608475350953368e-03,-8.231253625262261245e-04,4.696069464339254484e-02,2.777361444643743571e+00,7.713736594193581375e+00,7.619815204906796424e+00
8.545144487998301841e-01,-4.569166233725632242e-01,2.516159469450661088e-02,3.604954458573691678e+00,2.822429581129247023e+00,7.966108740433417879e+00,7.561998232860350777e-01
2.276464285500336970e-01,-4.238447158963032368e-02,-1.106003441594353466e-02,8.468862982563698516e-01,2.918521203409517373e+00,8.517766014750938197e+00,6.823993418238197606e+00
9.866354761455056188e-01,-2.960198769334129038e-02,-1.858177114282922801e-02,4.856571998973246984e+00,3.135291928732122368e+00,9.830055478372791811e+00,1.169114804262966351e-01
9.747856092728394151e-01,-3.417613584527795512e-01,-1.213281416007652887e-02,4.004841409045803324e+00,2.859232830623425592e+00,8.175212379714846378e+00,1.655295616232398404e-01
1.552293686155914454e-02,-3.298976498955830117e-03,4.670754597003580304e-04,2.000761519170836389e-02,1.153573512189303818e+00,1.330731848024765851e+00,1.290716617641349151e+00
1.007242520795226248e-02,9.757574908994814944e-04,2.971079585563945238e-05,2.479655676422423596e-03,9.274625369327057500e-01,8.601867574136505823e-01,8.552274460608056961e-01
6.144422319385292042e-01,-2.294949036560917088e-02,-8.164461772881333613e-04,2.264814877607673527e+00,2.572997868402644883e+00,6.620318030804553722e+00,2.090688275589206668e+00
8.741704282546999272e-01,4.139621631447026884e-01,-7.561720417105191605e-02,1.086770857366349752e+01,4.907657769264062608e+00,2.408510478021791101e+01,2.349687632890915978e+00
8.097119350976073049e-01,1.281922734377733297e+00,-5.829562126448230297e-02,7.552901500665199386e+00,4.125719270711672770e+00,1.702155950072165425e+01,1.915756499391255696e+00
6.110479223986055031e-01,-4.682400918408802237e-01,-5.153809861694929467e-02,2.806555227080052006e+00,3.061989617956367482e+00,9.375780420472581866e+00,3.762669966312478742e+00
7.675086053803010788e-01,-2.835917130034371070e-01,-7.282527735655373001e-03,3.843085188530712681e+00,3.145040843819249421e+00,9.891281909291297580e+00,2.205111532229870885e+00
9.831769494083902883e-01,1.552264977304586457e+00,8.540701467595010477e-02,1.175969927379802549e+01,4.893490103582186279e+00,2.394624539385679896e+01,4.268468462607497571e-01
9.662611295847326476e-01,-6.642806229546188712e-01,2.673539748036714570e-01,7.893533644051506037e+00,4.044517412648837684e+00,1.635812110121964835e+01,5.710538131166364995e-01
3.858456982968124782e-01,-4.458268556218747403e-02,4.907428339846719480e-03,9.839097761846334889e-01,2.082085875340840886e+00,4.335081592293835051e+00,2.367262039924568295e+00
7.892137487503867455e-01,-3.380544946686991348e-01,-2.436889299191430987e-03,3.530982561540436659e+00,2.932493853648917792e+00,8.599520201688680032e+00,1.537555078607806491e+00
9.759688553468355288e-01,1.420289512612456395e+00,5.435706142312407736e-03,6.643377201593064107e+00,3.678762166878398077e+00,1.353329108045584839e+01,2.465366772697206998e-01
2.246556085400691627e-01,5.283485213513244849e-02,8.824659128159185843e-04,6.384807728699075646e-01,2.241395032312472946e+00,5.023851690875032361e+00,3.746890145135216788e+00
8.824251129706105479e-01,5.467968832297243065e-01,6.349816304466791503e-03,5.035370217650730673e+00,3.433527956336965836e+00,1.178911422694750222e+01,1.718373791646039983e+00
9.140280789166616016e-01,9.276497286719126434e-02,-5.171774737184901306e-03,5.528161986078385048e+00,3.462721882017635977e+00,1.199044283220375995e+01,9.341188600469892966e-01
9.618328063736721889e-01,7.767218629195936641e-01,2.373789834041881847e-02,5.520909586765348820e+00,3.365469521198806380e+00,1.132638509811812355e+01,2.845659245874264109e-01
9.311292240309677615e-01,-9.635187366898091688e-02,-3.975972798216328291e-02,7.061275965437175728e+00,3.905107010060492989e+00,1.524986076002360313e+01,1.127308829149253233e+00
6.955294357489960611e-02,1.256539929338567566e-04,-1.657495308774384031e-03,7.442217233614460692e-02,1.482828811979312045e+00,2.198781285635977856e+00,2.049936940963688503e+00
7.152678875397175950e-01,1.237128295123207655e-01,-1.294999455709069588e-02,3.236233483917392295e+00,2.954144907443129853e+00,8.726972134172179096e+00,2.254505166337394506e+00
9.144508218666129729e-01,4.883268201231883987e-01,6.474844749376067708e-03,6.878857525814641605e+00,3.819036622546284399e+00,1.458504072434973153e+01,8.273256727204482130e-01
6.839840800412075872e-01,-1.668281059153133572e-01,-1.655024044719429627e-02,1.224095800105557075e+00,1.829115279660446181e+00,3.345662706287312549e+00,8.974711060761986214e-01
2.627314552891020227e-01,-2.143771265651364666e-02,-1.689524720845979235e-03,2.183186116152043277e-01,1.080628453020999302e+00,1.167757853478557983e+00,7.311206302481493280e-01
8.473474178594692097e-01,-6.978322402701796490e-01,-5.689362684817136223e-02,5.112111712036475630e+00,3.465540231213751543e+00,1.200996909416106284e+01,1.785745670088110026e+00
9.617969391398334400e-01,-5.349188670416382685e-01,7.359499102631253571e-03,6.911906385813613163e+00,3.776104428190922402e+00,1.425896465260309398e+01,4.351518809758676554e-01
5.946262152847175964e-01,9.356156401699825542e-01,1.634725811683213348e-01,3.908251658789816396e+00,3.813313426129934403e+00,1.454135928590281779e+01,6.724855968323184996e+00
4.427229494545202870e-01,-1.785185138899200163e-01,2.677797795428005223e-02,1.053699627257864258e+00,2.172324270683910541e+00,4.718992737002383642e+00,2.611593482486655127e+00
6.198461378615136574e-01,9.246485522496858955e-01,-1.821747674132765532e-02,1.241642805523776483e+00,1.881362501704351819e+00,3.539524862819257489e+00,1.056239251771704746e+00
9.375064791146703325e-01,-3.199142946130966170e-01,2.003567720386235929e-02,5.945856962348026187e+00,3.501803636333993719e+00,1.226262870744197997e+01,3.709147827459265412e-01
9.771935007499942261e-01,1.854827756750891510e+00,-1.052987023865276234e-01,1.493315770381428464e+01,5.508875053846959524e+00,3.034770435889734586e+01,4.813889512687734573e-01
9.411755237030439147e-01,2.909890754085074915e-01,-3.150045129187030446e-02,7.592607640493771903e+00,3.969542530320797180e+00,1.575726790002563860e+01,5.720526190380950116e-01
2.598997064791785938e-02,3.515127486635738485e-04,-2.806676403908739707e-04,1.874897101910906125e-02,1.390513929030073870e+00,1.933528986826653417e+00,1.896031044788435427e+00
9.833952925313712568e-01,9.068507232189824130e-01,-3.111596759381299662e-02,5.076801971376104561e+00,3.208966663007759124e+00,1.029746704429515347e+01,1.438631015429441828e-01
9.956358986300289926e-01,1.490982488229856129e-01,9.724874906062996871e-04,1.865230687689785727e+00,1.933075628138845037e+00,3.736781384104390202e+00,6.320008724818824974e-03
9.927260833054002420e-01,5.931419920250513567e-02,-1.384411503410562863e-02,4.342669341142579853e+00,2.957962916322996794e+00,8.749544614342049442e+00,6.420593205689027749e-02
9.834413668704924394e-01,-3.517470167992664543e-01,3.913033290220486321e-02,5.394506178761609760e+00,3.311208771649277072e+00,1.096410352944711342e+01,1.750911719238947284e-01
8.939089742769209535e-01,-2.880008467400722028e-01,6.231705900745624499e-03,5.847504431362565036e+00,3.664797080040507637e+00,1.343073763787342934e+01,1.735728775148298819e+00
4.601393043394272908e-01,8.409444015621819757e-02,2.704791354778219616e-03,2.161808703098083928e+00,3.052570040884702962e+00,9.318183854506838060e+00,4.994566448310670204e+00
9.952835267563214794e-01,4.836737863150475936e-01,2.666784828317302937e-03,4.969404082194172290e+00,3.160610240994003561e+00,9.989457095476172555e+00,5.064893108782730913e-02
9.504376035951639379e-01,-6.307723639776181557e-01,-3.445771758802197715e-02,4.964453476780174235e+00,3.220244358520766070e+00,1.036997372858481903e+01,4.410667750244716134e-01
9.858399269197635206e-01,-9.630793451254795468e-01,2.301448691885188760e-02,8.589315119303988055e+00,4.172499343195191557e+00,1.740975076896430807e+01,2.311205303563336755e-01
9.872391940054933146e-01,-1.899021910578808925e-01,-1.435105698237453507e-02,7.852840429138710832e+00,3.974517590418661150e+00,1.579679007654736012e+01,9.110921826994101969e-02
9.840515874279187614e-01,-5.906157689364677221e-02,-9.587661158330052988e-03,5.838135965596084276e+00,3.433363724518582405e+00,1.178798646484011137e+01,1.117145336479417883e-01
9.407189220055560686e-01,-1.559412455556029808e+00,1.331266429398255402e-01,7.837363986789550374e+00,4.038995556709411794e+00,1.631348510711837463e+01,6.387571335392735472e-01
9.036619020320164619e-01,-1.425419012164284904e+00,-7.228440902411582131e-03,5.282407292617198102e+00,3.405039693492093011e+00,1.159429531425672621e+01,1.029480729022328456e+00
9.179557518300327512e-01,-1.367081483522315066e+00,1.376060984837436107e-01,8.521221196854932955e+00,4.317283112575768911e+00,1.863893347413192103e+01,1.596491080422055120e+00
8.530391660542955279e-01,-3.324292528300742955e-01,-4.013991665711836437e-02,7.377208947963877606e+00,4.078985460818829623e+00,1.663812238957139655e+01,1.883704493643638012e+00
9.821933046849662396e-01,-4.624971576238100512e-01,-3.087001274665173659e-03,1.115254700208921790e+01,4.759778855405818021e+00,2.265549475236832322e+01,3.504007481898874232e-01
9.798069304360135234e-01,6.275207412406695884e-01,-3.334435251262851674e-02,1.232615782825823025e+01,5.019213680397805355e+00,2.519250596949248333e+01,5.401903129760247113e-01
9.139526611986761306e-01,-6.027886542653237978e-01,-5.380561596954974712e-02,9.887023868836964269e+00,4.624594134008819246e+00,2.138687090430878257e+01,1.612823166634857364e+00
5.588874552907747706e-01,2.484472225236508680e-01,-9.168391729784796523e-03,3.335925177052033508e+00,3.309701755015504343e+00,1.095412570715270917e+01,4.282275353048642152e+00
9.335334733650004768e-01,-2.248231837934961064e+00,1.020059858371833023e-01,1.727348068737578757e+01,6.109433008750957406e+00,3.732517168841577870e+01,2.778210313664208009e+00
9.948026988744461674e-01,1.148836139116873989e+00,2.454403749156551517e-02,6.600140289596269305e+00,3.643375106219690185e+00,1.327418216462134026e+01,7.390158542880287396e-02
2.388629164341082856e-02,4.143137736934698889e-03,-5.035476535777047829e-04,4.267949432066583254e-02,2.221958120747734799e+00,4.937097890356805685e+00,4.851738901715473951e+00
4.038062256134025141e-01,4.627516113048703583e-01,-1.974613931855508445e-02,1.176022590632451958e+00,2.226513590000310572e+00,4.957362766456070879e+00,2.605317585191166518e+00
9.531028763387733305e-01,-6.364978209550504751e-01,1.455166911539134723e-02,9.107647441804644473e+00,4.327045188051876323e+00,1.872332005944289790e+01,5.080251758336087331e-01
1.164269553619975417e-01,-4.702086178367070879e-02,-1.143202141307119585e-02,1.377665241392580509e+00,4.592762391258935928e+00,2.109346638256249662e+01,1.833813589977733471e+01
7.611142632064549218e-01,-6.293161344175041139e-01,-1.036169124723764490e-01,8.011710647626896886e+00,4.562143073275181315e+00,2.081314942103271903e+01,4.789728125778927925e+00
9.535581703680424681e-01,4.579454122708074837e-01,1.333952167687842301e-04,9.030562150631293861e+00,4.301408686071277465e+00,1.850211668460943315e+01,4.409923833468465948e-01
1.403882046558058150e-01,3.975297845336775437e-03,-6.184075426983154378e-03,3.364234306805889974e-01,2.180729336659386508e+00,4.755580439766887046e+00,4.082733578405709274e+00
3.607420485894352602e-03,-8.011812341820467864e-04,-2.478393724518495505e-04,1.770119138053380739e-02,2.750186207739271804e+00,7.563524177239317581e+00,7.528121794478249029e+00
5.937895629173884915e-01,-9.804344349736131559e-01,9.236035914829240001e-04,1.645783529430124181e+00,2.214846033918040913e+00,4.905542953962475750e+00,1.613975895102227831e+00
5.985131257936153748e-01,1.413663178520756791e-01,2.148531170082580797e-03,2.686497034613413160e+00,2.927920015935987053e+00,8.572715619718591640e+00,3.199721550491766209e+00
8.894860303477890584e-01,-2.801317550498471642e-01,-1.455775196675539000e-02,4.057757304996051140e+00,3.022680172499608631e+00,9.136595425222264311e+00,1.021080815230162031e+00
9.684541524281079505e-01,9.838666999399426905e-01,9.217808520813247641e-02,8.058414925098819737e+00,4.070343978172378918e+00,1.656770010064414933e+01,4.508702504465109673e-01
9.272047110479089138e-01,-3.572920949166443760e-01,-1.667097507448475971e-02,6.960603768456563145e+00,3.879507051591530420e+00,1.505057496334841005e+01,1.129367426435283317e+00
8.673496789696575338e-01,2.301717892996918702e-01,5.845985629075094690e-03,4.721141040355393059e+00,3.259442462301421983e+00,1.062396516505355670e+01,1.181683084342770362e+00
8.304923851277041802e-01,-1.158200478155771984e+00,-3.085981861966424072e-02,4.108168605464875611e+00,3.114726252292017161e+00,9.701519626717075795e+00,1.485182415787325239e+00
9.409272291566206370e-01,-1.384435391980962660e-01,-4.380061866884556177e-02,5.548292423322414457e+00,3.421156427620591689e+00,1.170431130224968896e+01,6.077264556048600497e-01
5.210335696109957837e-02,-8.112628978158398230e-03,4.392932372384977780e-04,4.743603935351033141e-02,1.349105683224320229e+00,1.820086144508159753e+00,1.725214065801139007e+00
3.231591028664881904e-03,4.519082220168502140e-04,-1.078602182447510751e-04,1.300803621745875473e-02,2.058249689072091382e+00,4.236391782565360309e+00,4.210375710130443316e+00
6.517710119178949935e-01,-2.325157668282118451e-01,-1.173902983904184794e-02,3.275751591310753774e+00,3.088374869258825317e+00,9.538059333069467627e+00,2.986556150447961411e+00
5.268334492280069004e-02,-7.950625192480464953e-03,4.092353181216264613e-04,4.222320254054914151e-02,1.258734291785467585e+00,1.584412017316662924e+00,1.499965612235564683e+00
2.462808874036381823e-03,1.171012679862526440e-03,3.054524440808813364e-04,1.539574902950800739e-02,3.303499181663609452e+00,1.091310684325213742e+01,1.088231534519312049e+01
8.167029581096876267e-01,-6.169478566218827842e-01,2.671627119202578740e-02,1.977159902438592187e+00,2.087145978500831944e+00,4.356178335572194804e+00,4.018585306950100966e-01
9.926427731023974577e-01,4.756465327750583061e-01,5.158954906978235888e-02,6.595162523677798205e+00,3.640273251922361286e+00,1.325158934866140470e+01,6.126430130580757388e-02
9.944007804157803943e-01,-6.127277744644717139e-02,-1.581197260213277819e-02,8.403891448389536833e+00,4.106294561786032027e+00,1.686165502815354245e+01,5.387213137446274225e-02
9.954795410677689249e-01,-4.215196139667140574e-02,-2.297293768570566729e-03,8.914274459447973697e+00,4.234904037918708397e+00,1.793441221038018085e+01,1.058632914842359135e-01
3.210545555395627471e-02,-1.145209975315267248e-03,-5.412139900947777809e-04,2.569441991829036695e-02,1.324821783086788551e+00,1.755152756941257719e+00,1.703763917104676784e+00
2.611764621080592264e-03,-1.508347101020213188e-05,-3.008941997473687743e-04,1.543440676455447476e-02,3.052440841858652831e+00,9.317395093046760834e+00,9.286526279517651972e+00
8.035282512684285283e-01,-4.880580835006778084e-01,-2.286528375548664994e-03,3.799792452078695426e+00,3.107432833944034023e+00,9.656138817473449265e+00,2.056553913316057525e+00
7.578611795260756789e-01,2.357175108426834143e-01,-2.515906950484681978e-02,2.279228076038069872e+00,2.422839081038492548e+00,5.870149212607446820e+00,1.311693060531307964e+00
9.705513421072224922e-01,3.566074375627431570e-01,-5.442729124504160770e-03,5.559398781822006974e+00,3.381557937073002229e+00,1.143493408178141735e+01,3.161365181374029554e-01
1.357038541429111955e-02,5.097783352496665366e-03,1.388193645907053559e-03,3.080152533723199554e-02,1.892538284570786766e+00,3.581701158566136467e+00,3.520098107891672434e+00
1.935011574159206660e-03,2.245781893053799827e-04,-2.038593054758755529e-04,1.269840621268984206e-02,3.253454579275757208e+00,1.058496669941039414e+01,1.055956988698501497e+01
4.484982208953187666e-01,-7.458597540181961527e-01,-7.121165826478252203e-04,2.331992006132161954e+00,3.327145179372218209e+00,1.106989504461978946e+01,6.405911032355465551e+00
9.896996633433007284e-01,-3.084374263341382871e-01,-3.615041675565199009e-02,7.939410334518503198e+00,4.005371759557973199e+00,1.604300293226453178e+01,1.641822632275263538e-01
7.579508469447480135e-01,-1.635029877801079945e-01,1.499457720474239864e-02,3.560095699536683256e+00,3.124253863570907619e+00,9.760962204037744172e+00,2.640770804964378549e+00
9.958580618085256519e-01,-9.158204630555086267e-02,2.639701810612456873e-03,5.569659278159999616e+00,3.343599987282047881e+00,1.117966087495251060e+01,4.034231863251033084e-02
3.880069358409821145e-02,2.105710935531135419e-03,-2.914096259435954191e-04,2.401603777304817111e-02,9.698610503131215310e-01,9.406304569144712246e-01,8.925983813683748824e-01
2.018715089432410181e-03,1.545106402961682335e-03,7.306451009054947161e-04,2.077092743436946554e-02,4.758879372972318222e+00,2.264693288650140346e+01,2.260539103163266361e+01
8.841760509547436087e-01,-2.738335647499360870e-01,-4.080129360447657533e-02,3.954382303653887210e+00,2.931383835531824023e+00,8.593011191217268419e+00,6.842465839094947766e-01
9.047630023049860748e-01,-6.182812434352491504e-01,-4.149006917201301936e-02,5.683527831800802232e+00,3.563179645448719679e+00,1.269624918574006323e+01,1.329193522138460315e+00
1.869293948289073581e-01,2.470081929679268651e-01,1.710400858194890635e-04,1.550654617898053755e-01,1.213203672943821365e+00,1.471863152044378564e+00,1.161732228464767536e+00
9.645132569087473406e-01,-3.505365825737728480e-01,6.759365088983017300e-02,6.254452382419944279e+00,3.582896603258512780e+00,1.283714806964138866e+01,3.282433048014993804e-01
8.832673751674023910e-01,7.933591154128016854e-02,8.133283184763877294e-02,5.229320386939796172e+00,3.429651616853075957e+00,1.176251021298291732e+01,1.303869439103325201e+00
6.215518084173483615e-01,1.381619016782965892e-01,-7.825223957735166422e-03,1.600250149300566749e+00,2.040011567735579678e+00,4.161647196494977941e+00,9.611468978938439989e-01
9.434338259718676456e-01,8.859005979897877081e-02,2.379422139151913043e-02,4.764889553387826382e+00,3.174803799225327072e+00,1.007937916357557029e+01,5.496000567999180797e-01
1.882857315053942937e-02,2.730625156309396395e-03,-1.687201503858797312e-05,2.935722856869000391e-02,1.460485893754260855e+00,2.133019045855182316e+00,2.074304588717802211e+00
1.962969415346904611e-03,-9.778915362923523702e-04,1.816331559107270106e-04,1.497154417029607394e-02,3.908367590869913144e+00,1.527533722536228922e+01,1.524539413702169810e+01
9.699911998335829511e-01,-1.474833749629839152e-01,-4.257582266823242700e-02,5.415799940373935861e+00,3.327515405238262503e+00,1.107235877209795838e+01,2.407588913500857963e-01
8.120448710404921666e-01,6.898998063408766646e-01,1.999721529974489431e-01,3.701554211362571678e+00,2.955268987718975282e+00,8.733614789773536558e+00,1.330506367048394534e+00
9.734309730243290160e-01,-5.268332119157738136e-01,-7.270773313080662603e-02,1.358564805624381044e+01,5.274278127263112737e+00,2.781800976372609213e+01,6.467136512384702440e-01
1.377075159268493776e-01,-3.369223902765500211e-02,-2.140349135528262295e-02,1.285124530073486815e+00,4.660427325849387792e+00,2.171958285952367973e+01,1.914933379937670566e+01
7.311020910986183452e-01,1.430131321156797308e-01,-5.342583061381532550e-02,2.975055637445727985e+00,2.783081582286973887e+00,7.745543093664965184e+00,1.795431818773509436e+00
9.010113586011038178e-01,1.949104022780170364e-01,-2.156690963664222721e-02,4.662524431431759098e+00,3.134773884709127323e+00,9.826807308254352336e+00,5.017584453908352504e-01
9.892337705858709196e-01,-5.553286563094896877e-01,-8.680495281742274527e-02,1.205215878232870175e+01,4.937945829655889796e+00,2.438330901661599626e+01,2.789914519585955377e-01
1.279429764400157321e-01,9.052478323888628331e-02,-2.052225929557604037e-03,1.698854238687100005e-01,1.432161353665406978e+00,2.051086142932730727e+00,1.711315295195310782e+00
9.969903403912578899e-01,-8.337255035104853551e-01,2.261509520414377306e-02,5.631649958226241814e+00,3.360506099406017633e+00,1.129300124414504580e+01,2.970132769255995689e-02
6.355476650819673612e-01,-9.011137616633819736e-01,-5.413868680520830812e-02,4.063877200045444837e+00,3.631024609769869294e+00,1.318433971675443139e+01,5.056585316663540830e+00
9.702269263330389748e-01,-2.339615226976385354e-01,-5.167100701384327172e-02,7.339651142860296851e+00,3.890914067541457744e+00,1.513921228099201066e+01,4.599099952714176265e-01
8.901887047907669492e-01,-5.170888735847543050e-01,-5.659536508195897597e-02,6.025341762841597060e+00,3.721743676279765545e+00,1.385137599192842472e+01,1.800692466245230827e+00
3.807520874431792324e-01,-1.257035886016931281e+00,2.157222340027864504e-02,1.683699847542506234e+00,2.975874755354457779e+00,8.855830559555954551e+00,5.488430864470942083e+00
9.271671631283270321e-01,6.737123427753617666e-02,-5.722687617054435932e-02,5.639017290750317990e+00,3.497414111745393850e+00,1.223190546903582288e+01,9.538708875351874505e-01
9.325614681192704314e-01,3.272510506220771553e-02,-1.668175846188357445e-02,4.875151260074490622e+00,3.227102800544271233e+00,1.041419248528067776e+01,6.638899651316954031e-01
9.881863602844382921e-01,7.362316976943759084e-01,-4.133591582272536091e-02,8.626385021538144571e+00,4.174347963502430758e+00,1.742518092039689392e+01,1.724108773206070311e-01
8.309683355706375396e-01,-4.404582780307120249e-02,-1.132059554064407912e-02,7.449473659929327418e+00,4.100988019618939440e+00,1.681810273705806935e+01,1.919155417199413849e+00
9.634611253850301482e-01,6.436840723127590369e-01,1.527071762431807950e-02,7.224930136494143618e+00,3.874169324873925735e+00,1.500918795779409010e+01,5.593276848058039707e-01
9.946130369614156752e-01,1.891832781851341405e-01,-1.783480965242232458e-02,7.166740563061368974e+00,3.793081075728856888e+00,1.438746404705238113e+01,5.398292092964453864e-02
6.217143621712482027e-01,-7.944263068153767371e-02,3.270761368596126345e-02,5.749128444345850575e+00,4.086488351177197664e+00,1.669938704430693122e+01,5.201130155615230066e+00
8.949804833455414776e-01,5.122319110168929157e-01,-8.204754159211372078e-02,8.700146472682277476e+00,4.359765549563881848e+00,1.900755564716405743e+01,1.607262701799498039e+00
8.654625689633046459e-01,-1.335815777306620378e-02,-4.645899085972198667e-02,4.642701075986007453e+00,3.234026029152592852e+00,1.045892435723648717e+01,1.173522205264472262e+00
9.094673967757239685e-01,4.570447625499748368e-01,-1.877197676067424159e-02,4.450849969976445664e+00,3.135396700322541808e+00,9.830712468393484116e+00,9.290125284405941208e-01
1.272956086889256433e-01,-1.717680216315992103e-02,-2.279022865158313819e-03,3.288648806531126456e-01,2.101149613108684200e+00,4.414829696666773273e+00,3.757099935360547427e+00
7.703717925794721921e-01,-7.956010597412177532e-02,6.308939498705428903e-03,3.349124344997266078e+00,2.891108886102803144e+00,8.358510591302591664e+00,1.660261901308058174e+00
9.209408056067595050e-01,3.798904624892283644e-01,-2.178691332921665544e-02,6.225251343311641428e+00,3.695371656267366411e+00,1.365577167794421776e+01,1.205268991320935346e+00
5.301729869645728233e-01,-6.749508857597452671e-03,-5.804047900726008215e-03,9.651345697069407814e-01,1.807597555599141925e+00,3.267408923007992794e+00,1.337139783594111009e+00
8.558450850083609840e-01,9.553145686982948692e-02,-4.362940647430523650e-02,3.574142103732992570e+00,2.849597280743930483e+00,8.120204662423201825e+00,9.719204549572181273e-01
9.917575135819544085e-01,3.174348852761788020e-01,-4.530289253414141598e-02,1.204424085121321042e+01,4.926252769431569867e+00,2.426796634833221233e+01,1.794846459057931887e-01
8.061269357091286336e-01,2.543892933808580281e-01,-8.700829924732857157e-02,6.955969133961030337e+00,4.191725741953566065e+00,1.757056469575617186e+01,3.658626427834108963e+00
9.911629472318632672e-01,-6.076245760885937708e-01,-2.111463528753325727e-02,6.537319390704401378e+00,3.628799512099562197e+00,1.316818589901401992e+01,9.354711760521845776e-02
1.143975779286252603e-01,7.353193110013117595e-03,-1.672174248079289546e-04,6.008456752205176138e-02,7.388254415622017568e-01,5.458630330995823954e-01,4.256938980554788587e-01
4.039559695609318268e-03,-1.143214015017351981e-04,-6.009691790298290733e-04,2.561813828694423437e-02,3.486920103394726578e+00,1.215861180745828918e+01,1.210737553088440066e+01
7.853918396180730177e-01,3.008018186468952027e-01,-5.072238964750635376e-02,4.230269982303915377e+00,3.306786012778456740e+00,1.093483373430724370e+01,2.474293769699412948e+00
9.649173237636199385e-01,1.584560237527093296e+00,3.460824254196886302e-02,9.526891755304227161e+00,4.439710691625561090e+00,1.971103102533431795e+01,6.572475147258647343e-01
6.616434404848665629e-01,-6.766582304303223605e-01,2.007054198873617357e-01,4.526030032874464482e+00,3.598504228985046183e+00,1.294923268602326161e+01,3.897172620274332200e+00
8.688942366586729360e-01,-2.790870272556494891e-01,-3.887546375506521074e-02,3.660176483039085049e+00,2.941817835494171085e+00,8.654292177231610594e+00,1.333939211153440496e+00
9.262935452656126945e-01,-4.211778509288027772e-01,6.187095750236472347e-02,8.101510608903778277e+00,4.131313526043269846e+00,1.706775145046807651e+01,8.647302326605214029e-01
9.435952820018931320e-01,-1.129345872584424093e+00,-1.017360118974408867e-01,1.169637046473997799e+01,4.986174280430762273e+00,2.486193395482922952e+01,1.469193025349273762e+00
9.378545395653558048e-01,4.694421005400711833e-02,-1.516440196386059924e-01,1.065900524827016049e+01,4.761888160682405946e+00,2.267557885484726654e+01,1.357568358306947331e+00
9.765994055498805615e-01,-2.727925970325807414e-01,1.022236359867786520e-01,1.470268945805002758e+01,5.482233765080622767e+00,3.005488705499006485e+01,6.495081388900115771e-01
1.251426656123946213e-01,-4.452908857726678091e-03,-4.174160664882130972e-02,1.878045470029103159e+00,5.564099786853708984e+00,3.095920643806549322e+01,2.720311549800728557e+01
6.813309086907703982e-01,8.813325258981649646e-02,-5.604733891068440499e-02,2.849073534236671978e+00,2.810131228221704802e+00,7.896837519826826579e+00,2.198690451353483510e+00
7.737760745606624413e-01,-2.974034589566597608e-01,-2.419929283204021175e-02,3.588736283131316540e+00,2.917063470154905414e+00,8.509259288912177865e+00,1.331786722649544785e+00
9.183694148437024918e-01,2.244612854608381558e-01,-6.451113167890963618e-02,7.396240511337758505e+00,3.959755081415237132e+00,1.567966030479379036e+01,8.871792821182750144e-01
5.939218865751716425e-01,-1.051965540432786284e-01,-4.237626066131917890e-02,2.618553474539826897e+00,2.898081688541670697e+00,8.398877473460540699e+00,3.161770524380886904e+00
6.520856586967919144e-01,-2.605053037057656895e-01,-3.680911402083493923e-03,3.141847242496849102e+00,2.941339874450318082e+00,8.651480257031412435e+00,2.367785772037716452e+00
9.296239375863023513e-01,-6.530692104640094253e-02,-4.852902684601972244e-02,6.311503769150879073e+00,3.625886255831400007e+00,1.314705114022704890e+01,5.240436019252897593e-01
1.202983073218728549e-01,9.877642543588338597e-02,6.186533638466246154e-02,6.636284298032232298e-01,3.076264162296820093e+00,9.463401196231755463e+00,8.136144336625308782e+00
9.739052611871112930e-01,4.572582899565502679e-01,2.066206276131203959e-02,5.406519482490505624e+00,3.344947106762044875e+00,1.118867114703577492e+01,3.756321820547636192e-01
2.905567679276743753e-02,-1.232770401770177937e-02,2.428158155429122403e-03,1.762772076548719258e-01,3.408268927454329855e+00,1.161629708185068743e+01,1.126374266654094214e+01
4.797341543454791690e-03,3.579987793913275151e-04,-4.631637356119202241e-04,2.374556606480546228e-02,2.787689542360587414e+00,7.771212984586582273e+00,7.723721852456971071e+00
8.168831515033450064e-01,-5.763233104511176208e-01,-2.713593898981518648e-02,3.674045143111139389e+00,3.208259182576279400e+00,1.029292698258501737e+01,2.944836696362736816e+00
9.646078809118791009e-01,5.735277477109461675e-01,-4.653521549148012526e-02,9.790070887576254322e+00,4.521404919603276618e+00,2.044310244701271628e+01,8.629606718602027549e-01
7.880156033178241648e-01,-1.357973264042297845e-01,-1.161633927676020486e-02,2.252862200191399378e+00,2.360539006783949567e+00,5.572144402548555142e+00,1.066420002165755054e+00
8.562525268341445450e-01,-1.711022788494873104e-02,-3.167964726549200166e-02,3.795422299112019449e+00,2.884256997251142263e+00,8.318938426192175939e+00,7.280938279681374858e-01
5.476066038014606452e-01,1.224970029759747892e+00,2.933586648226770288e-01,2.817678054974840585e+00,3.146349864087463644e+00,9.899517467243200031e+00,4.264161357293517973e+00
9.812629374983051767e-01,1.171105939793467110e+00,-3.647003229517197138e-03,3.512277032122747666e+00,2.681769158719788493e+00,7.191885820660642636e+00,1.673317564151475534e-01
1.979208985709935975e-01,5.521718424995480934e-02,9.962847760616178050e-03,1.969980066515129025e-01,1.580728581445028258e+00,2.498702848197211335e+00,2.104706834894185974e+00
8.190604443873761298e-03,-8.549489473950455665e-04,-9.425245376904998215e-05,6.165810840862439440e-03,1.560861378719576642e+00,2.436288243578377699e+00,2.423956621896652841e+00
9.600271823072279442e-01,1.185067891987702793e-01,2.173250265511523713e-02,4.816999593979569561e+00,3.170040635019538033e+00,1.004915762767507559e+01,4.151584397159369111e-01
9.420693970189151223e-01,4.011955034914006790e-03,-3.065095562329706383e-02,4.436505367720847026e+00,3.066228707693605227e+00,9.401758487884395166e+00,5.287477524427039999e-01
9.710114365327399133e-01,-4.859099814093321146e-01,6.473885838200829461e-03,3.456465255359047362e+00,2.640413845529788528e+00,6.971785275665405734e+00,5.885476494731144148e-02
9.346648820923647571e-01,-6.266396910675371412e-01,-5.755194645872333675e-02,6.793263269783460956e+00,3.794263232660211926e+00,1.439643347871712109e+01,8.099069391502005111e-01
1.840700090604108219e-02,-2.949431850676809130e-03,9.904220400473505252e-06,1.849718087351504697e-02,1.637175186802896754e+00,2.680342592283099901e+00,2.643348230536069376e+00
2.304046351862987230e-03,-9.373592994590396188e-04,1.605984161783902760e-04,1.546288284192314476e-02,3.329062893716188132e+00,1.108265975031799933e+01,1.105173398463415424e+01
9.560623352994690460e-01,1.406558503304821128e-01,1.654099751125245599e-01,5.989292872682729474e+00,3.516942218354348171e+00,1.236888256724320456e+01,3.902968218777472797e-01
2.284053118583196929e-01,-5.258296803786707829e-02,7.899657260222403554e-03,1.497276998182272556e-01,1.254854738459708408e+00,1.574660414634783123e+00,1.275205014998328501e+00
9.076957139751508086e-01,1.000009424398756730e+00,-3.001805818546728413e-02,4.118638218191897238e+00,2.970563541445698785e+00,8.824247753766412572e+00,5.869713173826185404e-01
9.854311633712721230e-01,-6.188892349652092006e-01,-9.606427049918020086e-03,6.663243038655419781e+00,3.677719431772183523e+00,1.352562021883471211e+01,1.991341415238712109e-01
9.726279475902416261e-01,-2.890918834978556395e-02,4.656694147517256160e-02,8.762300692016291137e+00,4.243844233114698383e+00,1.801021387494088088e+01,4.856124909082996099e-01
9.388358726178227531e-01,8.335521001036385602e-01,-3.036975379646267986e-02,4.506292157826981004e+00,3.053137456292926100e+00,9.321648327018838387e+00,3.090640113648767118e-01
2.802735201899786421e-02,-7.116049966523041448e-03,1.185294442350079240e-03,1.255510141336362018e-01,2.792441172305722752e+00,7.797727700788160021e+00,7.546625672520887562e+00
3.386563664559916198e-03,3.803646355443057736e-04,1.892237624409508971e-05,1.881499961311797198e-02,2.971134664245278501e+00,8.827641193079903914e+00,8.790011193853668914e+00
7.874667263734991263e-01,3.343389859674316122e-01,-2.492123159732922630e-02,2.312026643943257742e+00,2.281528689156788747e+00,5.205373159445495723e+00,5.813198715589801280e-01
1.044196407754544031e-01,-6.276352417549965756e-03,-5.870547426901292359e-03,2.262724479083887408e-01,2.431816242164376085e+00,5.913730235654466760e+00,5.461185339837689945e+00
9.864485064350315691e-01,-2.975036537196125708e-01,-5.041483951728048182e-03,2.772008546160865006e+00,2.360616547223204353e+00,5.572510483024002426e+00,2.849339070227216442e-02
7.752745568326386838e-01,1.477992384964068318e-01,5.460400624013836933e-03,3.623720895184949775e-01,9.360184592796177983e-01,8.761305561121895957e-01,1.513863770751996407e-01
2.087095035436803414e-03,-1.126873286955376585e-03,-4.386576382589994599e-06,4.170572667833073732e-02,6.334052489132416142e+00,4.012022093508455356e+01,4.003680948172789300e+01
2.223704633013801057e-03,-4.857217600963970039e-04,-2.302729188125330088e-04,2.054632916500357190e-02,3.134746683222558339e+00,9.826636767974830988e+00,9.785544109644824573e+00
7.570009326245666914e-01,-2.056749756418071728e-01,4.971414559476991816e-04,1.108859053070488487e+00,1.703435440419142299e+00,2.901692299675957099e+00,6.839741935349801238e-01
6.681052802128404355e-01,-1.041384025972659000e+00,-5.854224044215802086e-02,3.544892545365813774e+00,3.238256078517393277e+00,1.048630243005484708e+01,3.396517339323219531e+00
9.395430989157049773e-01,1.529642136801308450e+00,-6.969358869767647291e-02,8.448112767744973439e+00,4.185685955496623478e+00,1.751996691804168194e+01,6.237413825517362786e-01
3.078971017890511641e-01,-6.455412943263735270e-01,5.147055954626608004e-03,2.409639931681236025e+00,3.905405642523311016e+00,1.525219323265291571e+01,1.043291336929044455e+01
6.475611475869947897e-01,2.105361430756991503e-01,-4.508731698374272671e-03,5.321644028685992289e-01,1.146903269400258107e+00,1.315387109361001006e+00,2.510583036238025478e-01
2.684856020472461413e-01,-7.818286204230868730e-01,-1.720386084446010044e-02,1.204710915161288476e+00,2.628724494190306959e+00,6.910192466356084751e+00,4.500770636033507799e+00
9.906638988850170469e-01,-5.049252226645229991e-01,-1.443119944614618989e-02,4.602028029369054529e+00,3.051681161983778257e+00,9.312757914406661897e+00,1.087018556685529075e-01
9.885839036653565337e-01,2.587660074516556219e-01,-3.064495344375957331e-02,4.181248953679409297e+00,2.906489421084549551e+00,8.447680754876399689e+00,8.518284751758287143e-02
9.948523506574176167e-01,-6.504944161221042354e-01,-1.298513353874145189e-02,8.337941202553510678e+00,4.089951644354486326e+00,1.672770445315796906e+01,5.182204805094645789e-02
9.976656552314299153e-01,-4.962950050925198919e-01,4.732376347023246020e-03,6.415524767386647120e+00,3.584494646493407988e+00,1.284860187073990190e+01,1.755233596660658174e-02
9.975304550157216843e-01,5.334359335208357922e-05,-1.296808026843282967e-02,6.251430056836444038e+00,3.539172111091794193e+00,1.252573923192994876e+01,2.287911825706214972e-02
9.831377547709381215e-01,7.905356673942324219e-01,-5.794684897767200457e-03,6.545880201145895860e+00,3.643574808170424451e+00,1.327563738273414629e+01,1.838769804423558418e-01
9.358309564195825825e-01,-5.408136469166012483e-03,-8.165887704145939618e-03,2.235037270050812985e+00,2.180003915534991066e+00,4.752417071747892408e+00,2.823425316462669921e-01
7.599056997119447709e-01,4.960065472945968112e-01,-1.612673595502807020e-02,1.247321209994188385e+00,1.751462475809085761e+00,3.067620804167292548e+00,5.729783841789163334e-01
8.798831492275114297e-01,8.515287622619434060e-01,-1.308179385561620243e-02,1.799471808586112997e+00,1.999022367634789799e+00,3.996090426304200971e+00,3.971468091319753646e-01
3.890747842602049200e-01,1.089684765174123299e-01,-6.675081519597734657e-04,1.358963671990690292e-01,7.599892958415626065e-01,5.775837297937541637e-01,3.057909953956161053e-01
8.057772178290431020e-01,-4.617801139758467288e-01,-1.188252297498889644e-02,1.572704451237574297e+00,1.934681222816836854e+00,3.742991433920051403e+00,5.975825314449030312e-01
9.728263517265123284e-01,-3.032392269849325250e-02,3.218028555539017427e-02,5.324121680312852156e+00,3.310626127589511469e+00,1.096024535667832467e+01,3.120019960526195235e-01
9.680080892953648597e-01,-2.670741576583390842e-01,-3.736527742435213212e-02,5.936551290304371342e+00,3.516336202939483790e+00,1.236462029210286673e+01,4.915177114941229886e-01
9.389822273843895228e-01,-5.798229536285051111e-01,-1.260123684655372299e-02,5.832154248519096029e+00,3.546943057861506876e+00,1.258080505571193797e+01,9.164965586737439107e-01
9.406806528462090533e-01,-6.997998054497032161e-01,1.472107125848956706e-02,5.031193445748206372e+00,3.271236039082794367e+00,1.070098522339409008e+01,6.385983318976786727e-01
9.863015128887864247e-01,-3.274009530057478412e-01,-1.767540676578080797e-02,6.560994913875036083e+00,3.650285985686921197e+00,1.332458777730233912e+01,2.025979495522688134e-01
9.132892680225230819e-01,3.378638721973982739e-01,-1.343479967456970639e-02,2.327804206540244447e+00,2.220400916039812600e+00,4.930180227950438976e+00,2.745718148699506922e-01
9.457979790277213361e-01,-1.217646128982055709e+00,-6.528666483679596184e-03,5.019419987565463259e+00,3.247171011864326662e+00,1.054411958029199603e+01,5.052796051610711769e-01
9.808343215761596845e-01,2.199531043897467453e-01,2.651721393377370201e-02,4.889960199677952701e+00,3.149820530532868368e+00,9.921369374566360477e+00,1.414489752104551579e-01
8.442798271142553101e-01,1.006287900661938295e+00,-5.910930820958386345e-03,3.473930848508438363e+00,2.839890005424439146e+00,8.064975242909619979e+00,1.117113545892744586e+00
4.441611701295866688e-01,-2.642042303611578657e-01,-1.805571188658076963e-03,2.046368178707073937e-01,1.051303539797423303e+00,1.105239132790592382e+00,6.959654970491775394e-01
8.371799898514393767e-01,-1.799697675304918199e-01,-4.649136420946736129e-04,1.464273435663919321e+00,1.833689738924823009e+00,3.362418058638185325e+00,4.338711873103465178e-01
3.423994747329800470e-01,-3.084396831458963706e-01,-9.292760043533443079e-03,4.091791999146820458e-01,1.656504899638857609e+00,2.744008482527541926e+00,1.925650082698177945e+00
8.149454176650090531e-01,2.034448702393703012e-01,2.386563823897905681e-02,8.010451284190910348e-01,1.413665939430651663e+00,1.998451388306347054e+00,3.963611314681650954e-01
9.535058288848908825e-01,7.102822273901919503e-02,-3.137188888564389211e-02,4.981852682816345634e+00,3.225039349406106481e+00,1.040087880521776320e+01,4.371734395850722099e-01
7.208238652462399809e-01,3.968328236526023067e-01,-3.998480753264793859e-03,5.367849994381436174e-01,1.232953668726668450e+00,1.520174749226551159e+00,4.466047503502640903e-01
1.427162316566403799e-01,4.543488855183352992e-03,-6.665937998812238030e-04,6.849408082721213098e-02,7.286429763767233725e-01,5.309205870231302749e-01,3.939324253687060406e-01
2.438934710919737903e-02,-3.972216389847987861e-03,5.167319954100032132e-04,1.469479652461449376e-02,1.319893886928724225e+00,1.742119872751815679e+00,1.712730279702586511e+00
9.666964813758072150e-01,4.201695148687470405e-01,5.351635549836290806e-02,6.174406119239941759e+00,3.567169372606637801e+00,1.272469733286283322e+01,3.758850943829482594e-01
7.967366369516765134e-01,-2.708319459723915190e-02,-4.357505029209787079e-02,4.332918939166408911e+00,3.205054069918652715e+00,1.027237159110211984e+01,1.606533712769301125e+00
6.402754311471999804e-01,-3.771848882850492579e-01,2.786318582207737982e-01,8.618281873509790358e+00,5.073887865609203018e+00,2.574433807277631203e+01,8.507774325756729539e+00
3.089163380193334918e-01,-6.424751937668656820e-01,-3.730343574420474928e-02,1.818520865041108436e+00,3.396861483659083802e+00,1.153866793916659184e+01,7.901626209084374075e+00
5.122474509142315169e-01,-2.195669698549658488e-02,-1.027198328676402067e-02,1.239984305229590023e+00,2.016274302151313425e+00,4.065362061515766179e+00,1.585393451056585912e+00
9.824476231957873784e-01,-6.634671852633854394e-01,2.377894020665806754e-02,1.951920636255768837e+00,1.990497619037969956e+00,3.962080771395827039e+00,5.823949888428998911e-02
1.757818956433691016e-01,1.894532198614618801e-01,-1.027152231110343809e-02,7.514295568283694271e-01,2.575640659844444791e+00,6.633924808643927307e+00,5.131065694987189119e+00
3.080531661245674568e-01,-4.187106743171411516e-01,4.270612436007136664e-03,1.317295053914621317e+00,2.619544402094662328e+00,6.862012874545482255e+00,4.227422766716239622e+00
4.981839446735120136e-01,-7.276168413332845253e-02,6.634702632217383614e-03,2.008869683930905481e+00,2.517335792489062918e+00,6.336979492146538995e+00,2.319240124284728033e+00
7.544227770098781427e-01,-3.371771239181964308e-02,-3.635068201152344414e-02,3.126068758808313142e+00,2.844533069033051920e+00,8.091368380822594020e+00,1.839230863205967070e+00
9.051997333756992559e-01,-1.496613786633306520e-01,-5.902227324012804255e-02,6.082702844101310014e+00,3.568230574448927328e+00,1.273226943243212261e+01,5.668637442295029194e-01
7.282156229309288964e-02,-5.302846945611672247e-03,-9.005629785810270174e-04,9.271165563663545661e-02,1.374348170109680467e+00,1.888832892683826925e+00,1.703409581410556095e+00
9.691854293622742533e-01,-4.811988197944876977e-01,-2.708967257745778165e-02,4.383154260785428136e+00,2.993364309439553228e+00,8.960229889026534167e+00,1.939213674556778122e-01
9.978658529395751930e-01,-1.976418357542853582e-03,-5.050882682374968624e-03,7.189180013755938070e+00,3.796006738298410621e+00,1.440966715720693969e+01,3.130712969506529303e-02
9.501856672974282603e-01,7.596817636548733876e-01,-2.835421228858892723e-02,9.418715644984027691e+00,4.414836886957274942e+00,1.949078473843860593e+01,6.533534484705471046e-01
9.760183198396817916e-01,-5.339629525436322133e-02,1.454718926209966519e-02,4.478640814947196347e+00,3.037970589826866075e+00,9.229265304652995994e+00,2.719836747586031889e-01
8.856894442436973325e-01,-1.941357653107469217e+00,-1.117324995764610862e-01,1.050096896050848372e+01,4.716983701949576613e+00,2.224993524445793014e+01,1.247997323440966921e+00
9.714515826895915307e-01,-9.921863684523272164e-01,8.608214719889050598e-03,4.424958211809028263e+00,3.000920836133925906e+00,9.005525864742741859e+00,1.556094411246875808e-01
9.894489391603376038e-01,-3.378437176698037003e-01,-3.158662343269629750e-03,1.758532342303703588e+00,1.885809992789969414e+00,3.556279328906504666e+00,3.921464429909747584e-02
9.423971606678184232e-01,2.158131237939012737e-01,-4.087293587242702558e-02,6.450158495654565449e+00,3.666293066045412274e+00,1.344170484613267114e+01,5.413878548235396826e-01
9.202445970985904111e-01,-3.173592246545466899e-01,-2.881759498249808829e-02,7.231962518343580726e+00,3.966276745469621279e+00,1.573135122165309241e+01,1.267426184965931402e+00
9.375956720368132657e-01,-6.761335727227174575e-02,-3.728956050268104894e-02,3.802873718550837001e+00,2.831389602801452465e+00,8.016767082852165771e+00,4.110196457504916578e-01
8.500703570513269414e-01,5.903280455318844488e-01,2.618429980517899755e-02,1.986472999848897691e+00,2.125828485130731860e+00,4.519146748193222152e+00,5.462007484954271019e-01
7.735463971482999801e-01,-4.632362459710707980e-03,-2.387873424529948774e-02,2.829499714394099641e+00,2.609946331710759626e+00,6.811819854410451569e+00,1.152820425622252287e+00
9.824096938161361869e-01,-7.059398342364697765e-02,6.130959325240305929e-02,7.013220175191608341e+00,3.778706388329836852e+00,1.427862196920471938e+01,2.521816188215029175e-01
7.717089781165942242e-01,-1.626197468133928181e+00,7.019358573846952443e-03,3.881721586478898089e+00,3.165660771533924223e+00,1.002140812042875950e+01,2.257964947470963324e+00
9.441482526574719314e-01,-3.959186162175383772e-01,-1.808940924899274556e-03,4.760049301224085205e+00,3.192424347593787015e+00,1.019157321510961545e+01,6.714746126614461463e-01
9.574574056336813133e-01,-4.979317525684264778e-01,-1.440133457365660140e-02,2.157959489377383910e+00,2.132906512173793345e+00,4.549290189673375728e+00,2.333712109186077965e-01
6.702526402451871590e-01,-1.274456411587661098e+00,2.350818259277897421e-02,2.013965516655345400e+00,2.156740822913256750e+00,4.651530977220552643e+00,6.235999439098607322e-01
9.853838358380320184e-01,-5.005472958664729521e-01,5.787842537105866020e-02,8.946461014207717000e+00,4.257863398210768757e+00,1.812940071782295703e+01,2.364786894075253110e-01
9.326005747899185350e-01,-2.946931056912102109e-01,-4.156107857625639113e-02,3.746905259928322796e+00,2.813512502400696835e+00,7.915852601165029867e+00,4.220420813083846090e-01
8.129900429486530689e-01,7.236854557127050391e-01,9.172737765327854120e-02,2.645286722884287123e+00,2.521945795721701078e+00,6.360210596558363072e+00,1.069637150789789715e+00
9.392195133504991356e-01,3.088903099878917424e-01,6.624031152615604892e-03,1.986873556382939388e+00,2.070435336824623995e+00,4.286702483972094413e+00,3.129553712062160264e-01
1.185024730542383331e-02,-2.754030044795630072e-03,2.971945786832363675e-05,4.110844627513911970e-02,2.160075811109821942e+00,4.665927509741754520e+00,4.583710617191476544e+00
2.282776618720894213e-03,-2.019244417484911125e-04,-3.590551173598643367e-04,2.284030981775572386e-02,4.005298154634544083e+00,1.604241330751888128e+01,1.599673268788336955e+01
8.939196441294062767e-01,5.253194246054947447e-01,-2.748524775182156418e-02,4.585815162921661248e+00,3.178059209896514137e+00,1.010006034160805477e+01,9.284300157647321639e-01
1.372242174085039901e-01,-6.966488631885082994e-02,-9.695339418618842365e-04,6.315080506949716233e-02,1.005218436356311251e+00,1.010464104790627538e+00,8.841624946516333239e-01
9.321192590186219151e-01,2.373748489714790771e-02,-1.334857472787381004e-02,1.762766461870290513e+00,1.915745128199874525e+00,3.670079396221554102e+00,1.445464724809732704e-01
9.814891410885895340e-01,2.740355481409841309e-01,4.376380132946926065e-03,3.900801306089634490e+00,2.813762704559719552e+00,7.917260557571228041e+00,1.156579453919598516e-01
4.209116941437199833e-01,4.631281554606725415e-01,-2.207260615347208035e-03,6.683505143721498731e-01,1.636642529018709435e+00,2.678598767792756963e+00,1.341897739048457661e+00
2.882196157677194837e-01,-6.465780111166899435e-03,-1.176304852201845962e-02,5.230115400742395559e-01,1.899480980238551497e+00,3.608027994288008244e+00,2.562004914139528911e+00
2.539283911371252866e-01,-1.348310282023063023e-02,-4.443433516691872552e-03,2.057719287131229979e-01,1.453693949131888985e+00,2.113226097742667342e+00,1.701682240316421346e+00
1.774577975507453109e-01,2.034521269884880801e-01,-6.155364444681976112e-03,4.305462909330593502e-01,1.997466257782223975e+00,3.989871450978522027e+00,3.128778869112403438e+00
7.997074733917504119e-01,-5.897077687061454965e-01,2.112227660845127433e-02,1.711203778142028176e+00,2.009949613672574742e+00,4.039897449502532822e+00,6.174898932184762490e-01
9.871063684397696214e-01,-9.062615434610520326e-01,3.297085433379898234e-02,7.128515143461109815e+00,3.804976121467070094e+00,1.447784328493458617e+01,2.208129980123674507e-01
9.555069878516964099e-01,-1.546738329870074313e-01,-3.415661637455127964e-02,4.958452702643894483e+00,3.206611610578303573e+00,1.028235802109558250e+01,3.654526158077944786e-01
7.764339350256764805e-01,-7.801961471944035553e-01,1.192747373457009596e-01,4.385926355457889336e+00,3.260245486391370573e+00,1.062920063153530492e+01,1.857347920619524917e+00
9.940947131543054205e-01,1.474512359391323413e-01,1.920704827922000216e-02,4.453668941362217026e+00,2.990352689044194268e+00,8.942209204873842410e+00,3.487132214940912717e-02
9.945596455159904092e-01,5.964911823557903503e-01,2.201768159595795041e-02,8.692514544744046390e+00,4.183656938273834669e+00,1.750298537716679803e+01,1.179562876787050713e-01
7.979584974305011791e-01,8.589930167103504433e-01,-1.675731349453525240e-02,3.522075978619736425e+00,2.927057144973067349e+00,8.567663529937883382e+00,1.523511572698411642e+00
8.793610014993475943e-01,-2.238404933826875221e-01,7.393087330514673539e-02,3.339607338793102453e+00,2.714371904073185071e+00,7.367814833621888049e+00,6.886001560356841411e-01
9.313738756847778077e-01,-1.363427591106458336e-01,1.707472980882653729e-02,7.807350829943279891e+00,4.022807771906729890e+00,1.618298236971318715e+01,5.682807098266270396e-01
9.698778268799695956e-01,-2.341934620187126059e-01,3.147440443709947355e-01,1.236939236776028217e+01,5.045507314073683247e+00,2.545714405637103539e+01,7.183593208504742700e-01
7.783936142207030784e-01,4.465557175688315561e-01,-1.649067791390909643e-02,3.098979617645771345e+00,2.949546266397373717e+00,8.699823177618686287e+00,2.501863942327144485e+00
8.499533032304311675e-01,3.144091358742999720e-01,-3.175772432365907283e-02,4.514305801664791673e+00,3.168191205172262492e+00,1.003743551253087318e+01,1.008823909201288949e+00
8.837530807624671692e-01,4.190752030673965123e-02,-2.492487167874746809e-04,3.341377301914604914e+00,2.745762866753056031e+00,7.539213720439959410e+00,8.564591166107492493e-01
7.659983174749405155e-01,3.088290462566177230e-01,2.148372375694831277e-02,3.801293120510192747e+00,3.068446995835188318e+00,9.415366966249992586e+00,1.812780725229608203e+00
9.885729575807010727e-01,-5.174394084667706117e-01,-2.282577578416872949e-02,8.245949217791009644e+00,4.081651602716631189e+00,1.665987980595924611e+01,1.679813703772281008e-01
9.226412066672038392e-01,1.608693841536165348e+00,5.705644906212530704e-02,1.254739241190751997e+01,5.216920588805294301e+00,2.721626042990057570e+01,2.121475606085536647e+00
6.989912109559395237e-01,1.176501460117242770e+00,2.942856854071916606e-02,3.934231143993313307e+00,3.209963183130791542e+00,1.030386363705516395e+01,2.435401349068537780e+00
4.093067010829528618e-01,-2.183786928426537932e-01,-2.540774960645749564e-02,2.129638581094730032e+00,3.389291810500479674e+00,1.148729897672562039e+01,7.228021814536161216e+00
9.345289103376230866e-01,-1.599781567120712455e-01,-2.157697645264268146e-02,4.609407747889584961e+00,3.139497301852100630e+00,9.856443308336618969e+00,6.376278125574491584e-01
9.938857955344613249e-01,1.520796551226709092e-01,5.720461844491651210e-02,9.971868989686212714e+00,4.474753698653628931e+00,2.002342066361433126e+01,7.968268424190610988e-02
4.958206873899313472e-01,-1.916586792897282399e-01,7.136958214610428057e-03,2.276461847735627320e+00,2.888228180226669384e+00,8.341862021055458598e+00,3.788938325584203959e+00
7.047758251701459198e-01,-8.985034608806935497e-02,-1.592943516778898977e-02,4.327432918320583966e+00,3.413874135864086057e+00,1.165453661552176001e+01,2.999670778880592081e+00
5.202599291597942432e-02,4.289353380562022089e-03,-1.517243104106542114e-03,2.144289669627325590e-01,2.536680454500265025e+00,6.434747728243672249e+00,6.005889794318206576e+00
4.374040864235984039e-03,-1.235256382824748145e-04,-2.897716753845938197e-04,1.239085416115339247e-02,2.074093200544556481e+00,4.301862604545161339e+00,4.277080896222853923e+00
9.461112170506421615e-01,1.092189623870096771e+00,-3.620238172126308968e-02,5.676275868218166210e+00,3.429038264983454098e+00,1.175830342272073636e+01,4.057516862844043337e-01
9.807854948687252383e-01,-2.874346427323980491e-01,-1.101639758421218366e-03,4.728924630707404653e+00,3.105996450424262978e+00,9.647213950048120878e+00,1.893646886333131829e-01
9.864245395155865070e-01,8.902138496018119351e-01,4.255075167355358567e-02,1.218389254536168664e+01,4.966718016874647645e+00,2.466828785914723099e+01,3.005027684238583685e-01
9.427536412548780387e-01,5.326534995675438200e-01,-2.700683007406399355e-02,9.423268475783629583e+00,4.461758238623682260e+00,1.990728657992630701e+01,1.060749628359047847e+00
8.486689305907946235e-01,-4.948579038910004835e-01,5.693832287001817510e-03,3.881679938671880770e+00,2.960014093735777951e+00,8.761683435114440144e+00,9.983235577706790487e-01
2.889095427648199488e-01,-1.615662532516552452e-01,2.367851593837634746e-04,1.570479832336200143e+00,3.230107104973828580e+00,1.043359190960240923e+01,7.292632244930008056e+00
9.888022209637569171e-01,-2.381407351243636783e-01,-1.120425287832423024e-03,1.297065339139919793e+01,5.121511516944760700e+00,2.622988021819782745e+01,2.885734353994308110e-01
9.932263556893534684e-01,3.074478096204247279e-01,-4.979894370638705608e-04,2.318216235659528834e+00,2.157651544463466298e+00,4.655460187325580534e+00,1.902771600652263320e-02
9.254064905685986941e-01,-9.834674874271433220e-02,9.302732247197622803e-03,3.837575152384039789e+00,2.866407283435391307e+00,8.216290714531460537e+00,5.411404097633802923e-01
3.267174272796911083e-01,-4.669334357356158538e-02,-1.800434438812517982e-02,1.208230079212985197e+00,2.584738667650091415e+00,6.680873980045570093e+00,4.264413821619600142e+00
7.974218352441001523e-01,-1.275792883698096958e-01,-6.175763680809905759e-02,3.805440884220759212e+00,3.157166469664997699e+00,9.967700117176946151e+00,2.356818348735427282e+00
9.306981521892760956e-01,-1.721211567958512711e-01,2.089282293410233554e-02,3.973326293107864782e+00,2.886877351730087415e+00,8.334060843932123319e+00,3.874082577163936447e-01
9.935522074873848197e-01,1.687875029695540263e+00,-1.075396701726397640e-02,6.486336611160051113e+00,3.611535835164458419e+00,1.304319108867704280e+01,7.051786635694098915e-02
8.269040937578575612e-01,6.863040029645475215e-01,-4.950287878409262432e-02,3.167041118249133813e+00,2.671129666929958901e+00,7.134933697553353049e+00,8.008514610550855339e-01
8.387127374070426633e-01,1.699326668169010013e-02,-2.110286141524009632e-02,3.146641980172284025e+00,2.670289303397088698e+00,7.130444963836908734e+00,8.371610034923414601e-01
8.985348610563215210e-01,-2.574042548244203088e-01,8.079346705284695673e-02,4.391982171718079364e+00,3.099216211988789382e+00,9.605141128654139493e+00,8.211767852179818750e-01
9.836028940623573469e-01,-7.762065068939459911e-01,-1.726234228406349838e-02,9.526790438327301658e+00,4.397614422351283636e+00,1.933901260767201435e+01,2.854317310174090405e-01
3.264178592778638199e-01,-3.767541340453636201e-01,1.665965794084335941e-02,2.602267692723295167e-01,1.306522570830537244e+00,1.707001228089636280e+00,1.186547689544976913e+00
9.554542301714853414e-01,-8.775517271908113426e-02,-2.408267854939599023e-02,3.939434816929469729e+00,2.872494793945962854e+00,8.251226341246658436e+00,3.723567073877180889e-01
9.812607096242841331e-01,7.510826304210157511e-01,3.185865300702947489e-02,6.692416814290438332e+00,3.682287884240525777e+00,1.355924406242456826e+01,1.744104338436914814e-01
9.452157218930982152e-01,1.306478387152849030e-01,1.509241623500262863e-01,7.503358102037102739e+00,3.971338846833958769e+00,1.577153223637247770e+01,7.648160322982727743e-01
9.235076620987047180e-01,-3.057079587023470157e-01,-5.517706283961682119e-03,9.058645521485912511e+00,4.377389346532818415e+00,1.916153749113901483e+01,1.044246448167188035e+00
9.215396024628831340e-01,-1.294577179247272003e+00,1.497425378121741979e-01,1.112434663018733261e+01,4.995383666986963789e+00,2.495385798040012659e+01,2.705164720025460934e+00
9.169677161404630183e-01,3.048707941481779704e-01,-9.652882339750266938e-02,7.819076758462108145e+00,4.153543457034172270e+00,1.725192324947138189e+01,1.613769732547165159e+00
8.458357285125388536e-01,1.069577083045807342e-01,-1.263519338745758454e-02,8.573664620930664171e+00,4.352803600830232433e+00,1.894689918740063561e+01,1.799569945539310378e+00
8.385042524845783829e-01,6.347059897460027855e-01,-6.307547496338664766e-03,6.903980783082974249e+00,4.015341632542458683e+00,1.612296842602873426e+01,2.315006859862783983e+00
9.438430960579682338e-01,-9.601136332243763727e-01,3.758400397979809460e-02,6.238811817176648233e+00,3.655480785350642581e+00,1.336253977206775012e+01,8.849161377144530993e-01
9.258104072046300370e-01,-3.062653249194761673e-01,7.221378734883188155e-02,5.494465529782293522e+00,3.400246270650753910e+00,1.156167470107435946e+01,5.727436415097714173e-01
9.751538341431934542e-01,3.537305815372528972e-01,-4.496342655088258339e-03,9.837006776458562030e+00,4.482274921805970536e+00,2.009078847465071860e+01,4.167749217335933731e-01
6.762079027337903891e-01,7.081175340349670222e-01,4.110552703089434545e-02,1.351265021663134647e+01,6.371030895729725252e+00,4.059003467434270362e+01,1.356473424108001424e+01
9.521122706151067261e-01,-1.208733096519174072e-01,-6.096235391166456713e-02,5.339900963096234854e+00,3.336281394747920181e+00,1.113077354494112647e+01,4.509716187486567107e-01
8.816876539721661965e-01,-3.776620197205362572e-01,3.777212427188045979e-02,4.785452482805887087e+00,3.182440103979069068e+00,1.012792501541430923e+01,5.570200498025366098e-01
9.107465669625796068e-01,-9.404156786152592096e-01,9.138205217773485989e-02,8.803141022378312641e+00,4.354035505788057314e+00,1.895762518566306554e+01,1.351343140906439144e+00
7.123508368337865271e-01,8.242553692821502631e-02,-5.045919952477891796e-02,3.119102314580133317e+00,3.136519921025029856e+00,9.837757214986858401e+00,3.599552585826592210e+00
9.396828692290536411e-01,-2.768623009843397265e-01,-1.447433580327409618e-02,6.961059534738169852e+00,3.824756625161676471e+00,1.462876324171813813e+01,7.066441722418014271e-01
9.925009436341631908e-01,4.180073899464155640e-01,-1.205505788130247988e-02,9.573813616217439204e+00,4.385298566733573544e+00,1.923084351939553116e+01,8.321628696065104525e-02
8.759314158066864309e-01,-6.038412918989184419e-01,2.541097752365120352e-02,8.001698145511527471e+00,4.229275200278856950e+00,1.788676871969376592e+01,1.883372428670712528e+00
9.739849434447781507e-01,-1.700435167979382767e-01,3.163015854449677949e-02,7.531729183251644422e+00,3.915695348401606157e+00,1.533267006149397638e+01,2.692116949906886991e-01
9.883306697009545116e-01,4.849434245318239300e-01,-4.730585598095332633e-02,1.674571856359554189e+01,5.817646983432918972e+00,3.384501642384614684e+01,3.535792966550685978e-01
9.917549849564651909e-01,8.932253710194826279e-01,1.001943484924861377e-01,1.502177925224723154e+01,5.509926505855885281e+00,3.035929009993324712e+01,3.157315954387875379e-01
9.856628322248489615e-01,1.229262014682808379e+00,1.632228823204397985e-03,9.323941200855879075e+00,4.338081468214856073e+00,1.881895082486915882e+01,1.710684231574036984e-01
9.815379844903191486e-01,-5.570347094072811700e-01,8.754298210289975304e-03,5.643226363068812645e+00,3.397725158767052278e+00,1.154453625451859011e+01,2.580835283809657099e-01
8.513139454585426646e-01,-9.482888979176931632e-02,-3.496128617708147562e-02,5.376384014457141092e+00,3.386606546110520810e+00,1.146910389815863063e+01,7.163358692443483333e-01
9.781565919251707930e-01,1.300386023058648144e+00,-7.905737702629643537e-02,1.131457119442700332e+01,4.802936025053119451e+00,2.306819446075306246e+01,4.390520718990561511e-01
8.581508350727450329e-01,9.318908276506273625e-01,-2.201944432089501802e-02,3.393949580834614288e+00,2.832017513777404627e+00,8.020323198341952065e+00,1.232424036672723044e+00
7.544892147031398988e-01,4.649851472045943290e-01,-1.255567171295970605e-02,3.099905778207483031e+00,2.813154183724753565e+00,7.913836461408084055e+00,1.714024904993119325e+00
9.701792295809101851e-01,4.555003937495504807e-01,3.188029613873109847e-02,4.102352416522315970e+00,2.889559413741365823e+00,8.349553605541345291e+00,1.448487724967120749e-01
9.837017192052456283e-01,-1.121733087118023331e+00,4.685111093009028393e-02,4.675787213897200090e+00,3.081052732093342517e+00,9.492885937939851360e+00,1.413115101454511247e-01
1.220265245728999748e-01,-1.391830359435483611e-02,-3.622208287572160988e-03,1.798150089528830209e-01,2.076143412012529499e+00,4.310371467243027332e+00,3.950741449337261901e+00
9.119065777055800348e-01,-7.200568594388345733e-01,-2.772140892430786929e-02,3.564068278423717651e+00,2.764083670090604183e+00,7.640158535261544870e+00,5.120219784141090136e-01
2.599796770761255704e-01,-8.917072626553368409e-02,2.418186196064375793e-02,5.890308817375213835e-01,2.096931198337402602e+00,4.397120450560734639e+00,3.219058687085692316e+00
5.395561868637077652e-02,4.947300150577045585e-03,-3.486930902415428472e-03,1.859200096909196520e-01,2.713598127281751093e+00,7.363614796387027539e+00,6.991774777005188568e+00
9.391396725688196945e-01,-1.035961495082238643e-01,-1.983676098117527833e-02,1.485508556278026360e+00,1.768803718640616474e+00,3.128666595076873502e+00,1.576494825208215322e-01
8.343060525229246682e-01,-6.504440513130338442e-01,-8.090741894017140085e-03,3.095267552449203929e+00,2.640500252051086960e+00,6.972241581081854100e+00,7.817064761834470188e-01
9.377764698759524231e-01,1.802968720386569079e-01,-4.793165679425717349e-03,5.359092866795283960e+00,3.344851257542823753e+00,1.118802993508580990e+01,4.698442014952431411e-01
9.890312129550271614e-01,-1.554113886901319352e+00,-2.792004850282951006e-02,8.482453221326856863e+00,4.140250824509733363e+00,1.714167688985352811e+01,1.767704471998156057e-01
8.131101585674272991e-01,-1.660489213830229072e-01,-1.226883635694266464e-02,3.508478196685098638e+00,2.868992465692500993e+00,8.231117768200336471e+00,1.214161374830139639e+00
8.464049601660504907e-01,-1.410022626353459874e-01,-8.971172491932920962e-03,2.945289033334991036e+00,2.643800309712988739e+00,6.989680077638494637e+00,1.099102010968511456e+00
9.893616840660339751e-01,2.931493686050894998e-01,7.570940436929811390e-02,6.904538316300006251e+00,3.740382805239421238e+00,1.399046352973072160e+01,1.813868971307097400e-01
7.544966953237290941e-01,7.513062504370909833e-02,-4.365644663816413418e-02,3.664459416510490897e+00,3.109081408059917173e+00,9.666387201943837937e+00,2.337468368922856143e+00
2.561590645720024373e-02,-2.772944113623762585e-03,-2.073343314403887101e-03,1.170558044531234548e-01,3.373820665118553830e+00,1.138266588038100124e+01,1.114855427147475453e+01
8.089020509290841821e-01,1.087223756144465037e-01,1.674032307339705025e-02,7.040602125492793073e-01,1.304559601306007899e+00,1.701875753359690213e+00,2.937553282611318761e-01
6.542603321509299352e-01,4.607308625554376591e-01,-1.537395406642775610e-02,3.069283816273625121e+00,3.186701791455024857e+00,1.015506830766266333e+01,4.016500675115413976e+00
8.350557565575664754e-01,-7.578398194147586420e-01,1.204184366904150622e-01,3.595299252877083518e+00,2.941715714800081205e+00,8.653691346701753773e+00,1.463092840947585627e+00
9.471941488815739385e-01,-4.590637357788385220e-02,-4.765469862008231416e-02,5.037325696883866222e+00,3.231834278176886954e+00,1.044475280159912067e+01,3.701014078313874522e-01
9.168555849944791669e-01,-2.208456905003990112e-01,2.445669687519776148e-02,6.573669600320899420e+00,3.685877163425204550e+00,1.358569046385943224e+01,4.383512632176326251e-01
9.878212964877425284e-01,7.377399360526040173e-01,-3.582467566866238268e-02,1.277932282755388549e+01,5.086687039894717266e+00,2.587438504183288046e+01,3.157393867251093167e-01
2.655656669674925086e-01,-1.011669979919899293e-01,-1.028249605608221734e-02,5.716039267367524213e-01,1.961114633525313788e+00,3.845970605827126132e+00,2.702762752353621512e+00
8.794624019867339770e-01,5.362970335431706259e-02,-6.593247275862151695e-03,2.420963431395263488e+00,2.303286831614184571e+00,5.305130228687309213e+00,4.632033658967819045e-01
9.746787681555508787e-01,1.341936168333468293e+00,-1.046405890135167389e-02,7.676815863337080437e+00,3.951654702745444059e+00,1.561557488973018337e+01,2.619431630560244972e-01
9.673728598920593447e-01,3.507481969024634494e-01,-3.448843997735918238e-02,5.728375539437003283e+00,3.434518184926302453e+00,1.179591516258946271e+01,3.391640837154561439e-01
7.605666143869935780e-01,2.927051786764030550e-01,-5.021881133334019087e-02,5.161414260775297969e+00,3.645316767256550072e+00,1.328833433364174432e+01,2.965505812091148385e+00
5.368324985278698502e-01,4.795052340255440693e-01,1.401399873027230764e-02,2.111642421607659692e+00,2.730220150767348919e+00,7.454102071656085293e+00,3.230817228440765021e+00
9.923990645835605307e-01,-2.194818965551920686e-01,1.194235517684698474e-04,6.014249865750209700e+00,3.478586084329363448e+00,1.210056114608989297e+01,7.206141458947289136e-02
9.497699535576652474e-01,2.441422230130829707e-02,3.344310195846019601e-03,4.932145347839276717e+00,3.205002152808088312e+00,1.027203879950448062e+01,4.077481038259274659e-01
6.601023007262192266e-01,3.930986093117582181e-01,-3.648810934312640697e-02,2.845395660833904383e+00,2.792531565548031836e+00,7.798232544582142545e+00,2.107441222914334666e+00
8.781789440591145635e-01,-6.319704726781504300e-01,-3.736840201144479845e-02,5.341527973977749255e+00,3.381206898255253446e+00,1.143256008880891095e+01,7.495041408534125482e-01
9.809428107756833493e-01,-9.790091329277453847e-01,2.455595809837180649e-02,1.261527020728705217e+01,5.061981649075690370e+00,2.562365821557904866e+01,3.931178010049456995e-01
9.033352468980139216e-01,-6.423704214713747973e-01,-7.750853875283929793e-03,7.525823154307738072e+00,4.122190875306565694e+00,1.699245761246070785e+01,1.940811303845231928e+00
9.018954356919280935e-01,1.314585924228897751e+00,-1.127668207900293408e-02,7.955747764391511545e+00,4.182945248167156294e+00,1.749703094916419133e+01,1.585535420381170457e+00
7.733697310954792403e-01,-1.601897381129321341e-01,-1.364604072189874685e-03,6.483367326033484090e+00,4.038909685432652275e+00,1.631279144708168616e+01,3.346056795014718421e+00
4.221570682340620717e-01,3.230359575446992704e-01,-2.604839702281176728e-02,2.281181930978413597e+00,3.077282837987457498e+00,9.469669664972139245e+00,4.907305803015312939e+00
8.902310739202800027e-01,-5.886798905717323116e-01,1.315125709350634629e-02,8.896088838591014181e+00,4.453806857584084788e+00,1.983639552466302192e+01,2.044217847480994887e+00
9.078870771645188853e-01,2.516338643116980411e-02,-3.229604438017071033e-02,7.657342684324276227e+00,4.064392596745870279e+00,1.651928718048263534e+01,1.204601811834083991e+00
9.504935988988000295e-01,1.822074452043056292e+00,8.492882550432824529e-02,1.240102422048041753e+01,5.130591825289529062e+00,2.632297247772773829e+01,1.520924036766900134e+00
1.117628765535484403e-01,-1.404263902622193694e-02,-2.695527994169884603e-02,1.582577073328822248e+00,5.322721820623533162e+00,2.833136757974189734e+01,2.516621343308425551e+01
5.878724270295264676e-01,-1.208339452599965780e-01,-6.444506482020243010e-02,2.803897510227248535e+00,2.939522612282096325e+00,8.640793188117759982e+00,3.032998167663262912e+00
7.781435086951153934e-01,-3.213567936559870719e-01,2.430858572790604508e-02,3.342832559264295345e+00,2.798258453878276875e+00,7.830250374701244631e+00,1.144585256172652832e+00
7.217058865593553030e-01,2.304687406901755331e-01,2.303584611044504418e-02,2.494086771027763660e+00,2.608923331022958703e+00,6.806480947155931105e+00,1.818307405100404228e+00
9.158664426989232554e-01,-1.008340930370797750e+00,-5.683180134606453937e-03,4.887911354804583830e+00,3.223917318776025720e+00,1.039364287830399824e+01,6.178201686948311400e-01
9.499464587008324967e-01,3.779792096672899282e-01,1.453446380125801574e-01,9.943950215347889809e+00,4.531809926019469081e+00,2.053730120556858196e+01,6.494007748728015672e-01
4.248455998023774605e-01,-7.889986139827298572e-02,-2.163487512692980133e-02,1.729533245060556945e+00,3.076880132257561407e+00,9.467191348281307484e+00,6.008124858160193149e+00
8.895262604282548891e-01,-3.843921741248388924e-01,2.106847292474732167e-02,4.911739179790392207e+00,3.301107470494676566e+00,1.089731053175576214e+01,1.073832172174977728e+00
9.779516911341684660e-01,-1.044248117416432392e-01,-7.786853517319081153e-02,9.608175818148684044e+00,4.431573486153866703e+00,1.963884356318193625e+01,4.224919268845701570e-01
9.091006436734317964e-01,-6.456079411802979617e-01,-3.313802428648229999e-03,5.363386425985475547e+00,3.423325439733907238e+00,1.171915706632935006e+01,9.923842143583989639e-01
8.710862218374173516e-01,4.974018475899796843e-01,-3.401199141998575981e-02,4.655128159284299905e+00,3.204236459934763914e+00,1.026713129117526790e+01,9.568749726066670958e-01
8.108257486223720001e-01,-5.589053177990167542e-01,2.210591126440869872e-02,4.060957504640605897e+00,3.215663927359480923e+00,1.034049449372100149e+01,2.218579484439790139e+00
9.920613901389931932e-01,-3.935889053391281728e-02,1.902981134187288134e-02,5.430970524620619244e+00,3.304902153348110883e+00,1.092237824320497985e+01,6.043719396374281488e-02
9.823495998657360007e-01,-3.129498096748001834e-01,2.025000524872024870e-05,4.318603001375084460e+00,2.966983754460346567e+00,8.802992599231613369e+00,1.657865964814448645e-01
9.903608606424407768e-01,-5.869185241776874173e-01,-3.390163330118136622e-05,5.273889137571124763e+00,3.254136877801936834e+00,1.058940681947053797e+01,4.162854432828941992e-02
8.801098146331164385e-01,2.818838319557030736e-02,-3.274056333098598198e-02,4.149357204581615832e+00,3.014786918626784828e+00,9.088940164723183557e+00,7.902257555599520034e-01
6.636158845440052190e-01,-7.546358779198205635e-01,-3.864995566488542422e-02,3.468144376991246336e+00,3.141868944625784810e+00,9.871340465203942927e+00,2.935051711221449811e+00
8.028280660008959568e-01,1.057162433122127709e-01,-6.779613155725172646e-04,4.567488562463813295e+00,3.264331941552446548e+00,1.065586302463956514e+01,1.520885899711940770e+00
9.237011097505405388e-01,9.867335846478706429e-01,4.701555878789291654e-02,5.459930163490867905e+00,3.396977882538076532e+00,1.153945873445287340e+01,6.195984074711382572e-01
6.416254117858884998e-01,4.536509241841513718e-01,-1.132920556474162517e-02,1.562693677341912224e+00,1.987211096227998297e+00,3.949007940971682284e+00,8.236205862878576145e-01
7.887158860776899427e-02,2.057228788309672929e-02,5.152538546154505862e-04,2.037413902284687661e-01,2.462344376488256881e+00,6.063139828423341982e+00,5.655657047966403894e+00
2.102567191678128555e-02,4.728175175692850285e-03,-1.069183027632197988e-03,8.722039088529670581e-02,3.118000063897063523e+00,9.721924398462091332e+00,9.547483616691497588e+00
9.380738052450076081e-01,-1.353259916139764873e-01,1.070424268997249503e-02,4.497257594790538882e+00,3.059297880108986956e+00,9.359303519239341895e+00,3.647883296582637436e-01
7.908467404579224702e-01,4.236593526075719818e-01,5.012742733464326667e-02,3.584176839567807082e+00,3.000092468882055385e+00,9.000554821842825959e+00,1.832201142707212460e+00
9.187357264015155733e-01,5.315608274303547098e-01,-6.538224163261006916e-02,1.160588351387571926e+01,5.035279693813693669e+00,2.535404159493252507e+01,2.142274567181086997e+00
5.722591706813766610e-01,-8.970933013964380032e-02,-3.214567729935854934e-02,1.308544503964705674e+00,1.988252707414980947e+00,3.953148828543001425e+00,1.336059820613590299e+00
9.010846114273746155e-01,-8.832823228580233277e-01,8.348674197763538557e-03,2.087637562960749982e+00,2.149408007088127182e+00,4.619954780934554250e+00,4.446796550130536207e-01
9.939502002763976884e-01,-5.374604082470878230e-02,4.346182579637191193e-03,3.572967498137727738e+00,2.680920287654082745e+00,7.187333588755248748e+00,4.139859247979251616e-02
9.978929654441657249e-01,-5.086238665823010763e-01,-7.275505950247066833e-04,5.322974256351646005e+00,3.265726529287490632e+00,1.066496976409212039e+01,1.902125138882909336e-02
6.923002294298423731e-01,-1.237138478020465282e-01,-4.689361183315814141e-02,2.291300014149749043e+00,2.636420214543202079e+00,6.950711547652023370e+00,2.368111519352525285e+00
7.935330827844102597e-01,-3.283369788161722980e-01,3.352682261523699889e-03,3.728226464330728351e+00,3.118892612477082160e+00,9.727491128164119871e+00,2.271038199502664945e+00
9.418348453637086504e-01,5.117109400178527778e-01,6.951869270122507972e-03,7.033551694450352443e+00,3.838469031253208374e+00,1.473384450388994438e+01,6.667411149892394917e-01
2.536131453544878678e-01,-4.728389293956344885e-02,4.243549251668372879e-03,3.854837180494337101e-01,1.514464484254034016e+00,2.293602674066837377e+00,1.522635237967970179e+00
9.693947637939497319e-01,1.342594860115213784e-01,4.398323366289416669e-02,4.622340176401350753e+00,3.088302286822707465e+00,9.537611014794363129e+00,2.929306619916624554e-01
9.872931929449074717e-01,-8.897924044175427316e-02,-1.568880253698864621e-02,5.508478347865991331e+00,3.336337327161138511e+00,1.113114676060873087e+01,1.141900648767490423e-01
9.296541113963300296e-01,4.676265135227723468e-01,-2.114187903337706037e-02,4.776270874860084170e+00,3.227479577374582576e+00,1.041662442237001329e+01,8.640826726498442856e-01
9.952559981053999971e-01,7.068408844913831590e-01,-4.667881424223091144e-03,5.493307542131243615e+00,3.319588191089041906e+00,1.101966575841781726e+01,3.305067415532934177e-02
9.024413603013289320e-01,5.365981706698705889e-01,3.152117858016367791e-02,4.919374946920135550e+00,3.289705990274582881e+00,1.082216550244847397e+01,9.834156086082026516e-01
8.076841830166009428e-01,5.609457327461251364e-01,-8.705423124570446647e-02,4.265209799448812511e+00,3.162817056471919575e+00,1.000341173270969897e+01,1.472992133812075055e+00
9.003233273102988488e-01,1.762832336217617091e-01,-1.370748844143311260e-02,3.930119635088412888e+00,2.876028712727281000e+00,8.271541156431741371e+00,4.113018862549159826e-01
9.933410692661175379e-01,-6.166620195621690809e-02,-3.230104525122766412e-02,6.718568367625113780e+00,3.675892487609794923e+00,1.351218558046612550e+01,7.504884521589942625e-02
4.758100828668879734e-01,-1.441573956033229686e-01,-4.006672639977292005e-02,2.791129517326674137e+00,3.574893440266179390e+00,1.277986310925816049e+01,7.197604074604813107e+00
9.597028920409332864e-01,7.949046744696003364e-01,-8.882523597519125999e-03,5.113289557332636015e+00,3.234625185204605735e+00,1.046280008875993062e+01,2.362209740946589198e-01
7.084090971223621080e-01,3.919726667978226109e-01,4.716979601903099895e-03,5.361795188625287700e+00,3.887389244252434928e+00,1.511179513632951554e+01,4.388204759078941031e+00
9.692978950673178939e-01,-2.565021793696112828e-01,-4.363207860390149601e-02,7.881482960323690001e+00,4.044927076169206437e+00,1.636143505152676170e+01,5.984691308793842479e-01
8.845332295723722371e-01,4.936440856464680005e-01,5.237854082663758598e-02,4.383134570672291730e+00,3.176712966017056772e+00,1.009150526846088702e+01,1.325236127116304674e+00
8.684179217896627057e-01,-4.431076311754457708e-01,-3.828204133709422335e-02,4.185560614063568607e+00,3.067316667979889999e+00,9.408431541667255260e+00,1.037310313540118045e+00
9.018433558017745488e-01,9.264864974436516354e-01,-2.909662870360683537e-02,1.003684368303067487e+01,4.702335896043535968e+00,2.211196287921956483e+01,2.038275513158219532e+00
5.006008124334196951e-01,-9.560860273620092054e-02,-3.668865826607414782e-02,2.124519820687662541e+00,2.856115445827569488e+00,8.157395439894816747e+00,3.908355798519492552e+00
9.949434929359849411e-01,6.413413262548420812e-01,2.187938188367212836e-03,5.049119542709757269e+00,3.184481962003481215e+00,1.014092536632554165e+01,4.268628090602837044e-02
9.944926642647967663e-01,-1.177147496220302791e+00,1.372915357835052634e-02,5.643108607750732197e+00,3.366445952881922832e+00,1.133295835367507642e+01,4.674113817361386092e-02
9.972956922328608531e-01,2.398497115411843961e-01,7.282510672410090133e-03,5.607046391399828522e+00,3.353121565092346934e+00,1.124342423028734927e+01,2.933144748769135959e-02
6.697564694014168651e-01,1.863880780953743599e-01,4.206298500105074348e-03,1.057471496977960612e+00,1.862306985823874994e+00,3.468187309448406808e+00,1.353244315492485361e+00
9.948086671359015476e-01,-5.838127286749169587e-01,-2.453830890148840302e-02,5.990312166402177674e+00,3.467435026260856645e+00,1.202310566134062775e+01,4.248132853627495376e-02
9.977465652913892757e-01,-9.649113722666080584e-01,1.216195288810993300e-02,6.837748066521864843e+00,3.703274623561236378e+00,1.371424293751261558e+01,3.874680446888720958e-02
8.781776052370636743e-01,1.226136918915864404e-01,-7.218250009900166464e-02,6.053695931677204989e+00,3.671453873223514464e+00,1.347957354320794465e+01,1.372181679853532899e+00
8.244600343084483862e-01,-3.730359805273552598e-01,-8.194335640715713631e-03,3.232733321901411383e+00,2.799969978656001501e+00,7.839831881374888845e+00,1.374365237572065634e+00
8.977303372121259173e-01,3.460030900633009887e-02,-4.226112271950136640e-02,6.001279927770282185e+00,3.599673513300924999e+00,1.295764940236022511e+01,9.550895468196600735e-01
6.945283815927938420e-02,-6.065900727937986736e-03,-3.803747057652872503e-04,5.454697517455980166e-02,1.074283591084236544e+00,1.154085234072843136e+00,1.044991283723723408e+00
8.556578796322766856e-03,4.762315652119888942e-05,-4.208499043168589674e-05,2.129941489396554744e-03,8.286616695350162987e-01,6.866801625565605027e-01,6.824202795777674080e-01
9.297523453128064830e-01,3.781630266807479712e-01,4.183578267785281052e-02,5.464227170883749984e+00,3.388511359546199309e+00,1.148200923377363303e+01,5.535548920061358347e-01
7.004501074725573151e-01,1.259928671592997207e-01,-2.885479130872648651e-02,2.167204006294587426e+00,2.420494080181725405e+00,5.858791592194776854e+00,1.524383579605601780e+00
9.479818273820699304e-01,3.086357066395488680e-01,9.173296609345283107e-05,1.786862753012846028e+00,1.934139286853756134e+00,3.740894780951156573e+00,1.671692749254648780e-01
9.937603835699237997e-01,-2.092891605541106204e-01,-5.510870009307761337e-03,4.389177016431595746e+00,2.974815784378884054e+00,8.849528950989755671e+00,7.117491812656444317e-02
9.920099445071630662e-01,3.431969213156119691e-01,-7.540808984755373139e-03,6.182934252581940626e+00,3.527128247926672788e+00,1.244063367732228187e+01,7.476517215839968700e-02
2.621420335087701892e-01,2.435968864066697381e-01,-7.696763719930284353e-03,4.452463842838621511e-01,1.610842087143494528e+00,2.594812229712809781e+00,1.704319461145085812e+00
8.529940399049645849e-01,1.257766355870025832e-01,6.067526323428172608e-02,2.033087673645558535e+00,2.115361051208372700e+00,4.474752376969391321e+00,4.085770296782749167e-01
7.556451712006316823e-01,-4.736247765032659818e-02,-2.167896263726062228e-02,2.074816554728368345e+00,2.249676679553542336e+00,5.061045162527051389e+00,9.114120530703149203e-01
6.230123847038244733e-01,-7.344458142210367191e-01,-5.613972435364397717e-02,3.777744275316772704e+00,3.508071165262819591e+00,1.230656330054843828e+01,4.751074749914893758e+00
9.130413211290522302e-01,7.498165950804571711e-01,-5.343597126098725142e-02,6.329807206783001128e+00,3.732638561515547515e+00,1.393259063091285554e+01,1.272976217346852845e+00
9.275386155937104249e-01,-3.955743069546563406e-01,1.728014171975118113e-02,7.884053676661034515e+00,4.136104910217543562e+00,1.710736382832567770e+01,1.339256475003610891e+00
8.776030879768940141e-01,-4.869934404104248049e-01,3.227128524845050001e-02,5.075089003321691550e+00,3.394193227792010159e+00,1.152054766758914539e+01,1.370369660945762957e+00
8.985249381492097509e-01,-4.170352676752001608e-01,1.061534111534705865e-01,3.935902306421835917e+00,2.941747438687893901e+00,8.653877993026783955e+00,7.820733801831126764e-01
9.816175964378736074e-01,5.187382237067602597e-01,1.378992918626914012e-02,6.240659453842583915e+00,3.556066742404941028e+00,1.264561067643848880e+01,1.642917687533217708e-01
9.852326290866687541e-01,-3.348890019880582103e-02,-1.282950984071084752e-02,7.458933818816332995e+00,3.902479174971703380e+00,1.522934371108782692e+01,3.114760734551587640e-01
9.715760668599118244e-01,-3.024614174855518312e-01,-1.526032539794489919e-02,6.583880790396509752e+00,3.686072883480249196e+00,1.358713330232839844e+01,4.193717215353798267e-01
9.068638279027102511e-01,1.365231905361586617e-01,7.726835206667253229e-03,4.400695686331880907e+00,3.080764314565539674e+00,9.491108761900479251e+00,6.897173892367183257e-01
9.220223276485991493e-01,-8.228057975221982900e-01,-4.548216127721174673e-02,4.438887311881011044e+00,3.132901622745138059e+00,9.815072577799119458e+00,9.372979540370975915e-01
9.857760733356464300e-01,9.384559432820500646e-01,3.630034139924499803e-02,6.657172419330971813e+00,3.678875229694562154e+00,1.353412295566021761e+01,2.197781169982739868e-01
9.166068906860433962e-01,1.698479369080072021e-01,-4.882449194237934581e-02,4.887680724909142072e+00,3.274611724476331087e+00,1.072308194607784948e+01,9.477204962595644488e-01
6.907392328336006138e-01,5.576939359291167575e-01,1.094091016695751262e-01,5.925487248862237877e+00,4.066159549286706643e+00,1.653365348025547377e+01,4.682678982531001566e+00
9.660661095503141338e-01,-9.046790665554299560e-01,5.869982083634511100e-02,1.082750705510676070e+01,4.717392184149665546e+00,2.225378901907635054e+01,5.987749088628300242e-01
7.460025958873197638e-01,-9.323696240188573681e-01,-6.137223519674922523e-02,4.409552590865932764e+00,3.524560901182756112e+00,1.242252954614620108e+01,3.603424364414333780e+00
7.933691589211757655e-01,-4.157840772942400509e-02,-2.163065368316816409e-02,4.232079923289364665e+00,3.234245210867054521e+00,1.046034208401647803e+01,1.996182237437747364e+00
9.960879562931282960e-01,-6.084163516931447024e-02,-5.640213978314052856e-03,8.828466412221903425e+00,4.208191022116364088e+00,1.770887167862076694e+01,5.193885417696036261e-02
9.399986044133761265e-01,2.233258388523442495e-01,-5.998417075694865985e-02,6.847826202202499601e+00,3.810805326005446858e+00,1.452223723271148081e+01,8.265848283064830548e-01
4.269568777805874404e-01,-1.887706238094399858e-02,-1.897955362454794084e-02,2.832510422039248077e+00,3.392347300126068887e+00,1.150802020467262743e+01,5.842999360594131275e+00
9.374101946780932781e-01,3.850424487787149630e-01,-5.248011626792669498e-02,9.234470389329159090e+00,4.393959371860537644e+00,1.930687896156104699e+01,8.379381829027289230e-01
7.881295030763751930e-01,-1.143960378967543434e+00,1.256478886920747162e-01,6.549024255867245792e+00,4.114112924717653996e+00,1.692592515732885161e+01,3.827876645594360916e+00
9.392529993746984163e-01,1.902164386822365605e-01,-7.872012478399643964e-02,6.664554167549311181e+00,3.746404250153082316e+00,1.403554480556507755e+01,7.064364704664551908e-01
9.163292714830475472e-01,-5.587180833445119787e-02,-6.885441471780953671e-02,9.860358462395105050e+00,4.577119472505563280e+00,2.095002266558960713e+01,1.229305740799395030e+00
9.925439795751747063e-01,-1.327197954313675821e+00,-4.193519946868419501e-02,1.138140578529346669e+01,4.790010220215678238e+00,2.294419790977064721e+01,1.813863391837129690e-01
5.894462217393092729e-02,1.637679718640372428e-03,-7.636673362184246208e-04,7.958989722338723205e-02,1.187744326720724164e+00,1.410736585657266229e+00,1.251556791210491681e+00
1.125975236208487384e-02,-2.418288356729969557e-03,-6.700398490004778440e-05,2.237030794573295622e-02,2.310831713793410014e+00,5.339943209473388741e+00,5.295202593581922912e+00
9.392715825819270004e-01,8.907390089730516936e-01,3.970951761198520530e-02,5.721632032853076311e+00,3.461744181924798269e+00,1.198367278109019018e+01,5.404087153840358981e-01
7.899413547984290851e-03,2.790166381401448792e-04,-6.872932048067317487e-04,4.027140739146470305e-02,2.446263606834208737e+00,5.984205634121511963e+00,5.903662819338582501e+00
8.971144081405979520e-03,7.959686123938936042e-04,-1.286269840583589537e-04,8.107190286305247101e-03,1.491025538997122535e+00,2.223157157941659801e+00,2.206942777369049757e+00
9.260190482068731965e-01,-4.133004380813017076e-02,-1.664307450587273335e-02,2.225856246797669247e+00,2.152645848079186131e+00,4.633884147252557817e+00,1.821716536572196288e-01
9.147764646517698717e-01,1.773881274343393766e-01,-5.795474877293566029e-02,7.047207469375363686e+00,3.844359673968786861e+00,1.477910130283739853e+01,6.846863640866709400e-01
9.595092640159827990e-01,2.496917963352864311e-01,5.417394283697610398e-03,5.652084817720544940e+00,3.399315925998118715e+00,1.155534876474444594e+01,2.511791293033563965e-01
9.417739806774264588e-01,2.607857505875312842e-01,4.915162748250050812e-02,6.247561360087324545e+00,3.585995418926973155e+00,1.285936314456523810e+01,3.642404243905892902e-01
9.326409178479503348e-01,-5.141646163030344496e-01,-6.321486085800863408e-02,6.430580434108748911e+00,3.784882134779520069e+00,1.432533277417317841e+01,1.464171905955681918e+00
8.929220828697519430e-01,5.308347296760562717e-01,-4.818163516265799862e-02,1.161000828904939475e+01,4.934129867390690372e+00,2.434563754827687276e+01,1.125620970178085489e+00
9.527146444325187424e-01,-2.174322237142260583e+00,1.069094414412314203e-01,1.065678143039528258e+01,4.738803100490961207e+00,2.245625482522274297e+01,1.142691964432178242e+00
1.629330531952594141e-01,-1.919052992240588909e-02,-2.355376153025918551e-04,1.348196910206016508e-01,1.433639561439621346e+00,2.055322392124789843e+00,1.785683010083586542e+00
9.930225227096352025e-01,3.934340439897364150e-01,-9.222751594970116096e-03,4.742981579170940876e+00,3.093831226538934054e+00,9.571791658307404305e+00,8.582849996552154026e-02
9.979962981210935835e-01,6.212057447620884798e-02,-1.316322619968314858e-02,7.512768501698690038e+00,3.880046190497262071e+00,1.505475844039231426e+01,2.922143699493643873e-02
2.986850522986326251e-01,-2.315363055442011542e-02,-5.833198223121308264e-03,6.804089794199310592e-01,2.146803543411081705e+00,4.608765454002375250e+00,3.247947495162513132e+00
9.980757711337107096e-03,-7.975816174788374902e-04,-3.311157930152360419e-04,1.918422128795891496e-02,1.299658178080826065e+00,1.689111379852372252e+00,1.650742937276454603e+00
8.672241725428628811e-01,-1.306943781694510157e-02,-4.118197887026855269e-02,3.860516953222405956e+00,3.009490529242246915e+00,9.057033245598779203e+00,1.335999339153968402e+00
9.797698333755593403e-01,4.639399080793790153e-01,2.283920597459716817e-02,1.023750653261847177e+01,4.561192454261438378e+00,2.080447660481148020e+01,3.294635395745316719e-01
6.095561965295013263e-01,1.131364460237920033e+00,-2.952209502943502206e-02,1.659620704495363253e+00,2.174759442460693304e+00,4.729578632571945995e+00,1.410337223581219712e+00
9.032601189083426796e-01,-8.337348621077892430e-01,-4.895335472120822956e-02,4.884014432211437828e+00,3.264343067814814869e+00,1.065593566439063800e+01,8.879067999677610068e-01
9.975971678456178049e-01,-1.202615264222323122e-02,4.995776653572533282e-03,6.841674304444707921e+00,3.702992297404494426e+00,1.371215195463701697e+01,2.880334574760099256e-02
5.088570113416568397e-02,1.378651619039455989e-02,7.513641110920547426e-04,1.463788784672224730e-01,2.465439390558524124e+00,6.078391388517586869e+00,5.785633631583141145e+00
7.719428673575778888e-03,2.825235215235775976e-04,-9.105705664892619440e-04,4.952965496132657325e-02,3.282264632510223823e+00,1.077326111782747375e+01,1.067420180790482043e+01
6.497579161429223316e-01,1.109417601254927277e-01,-1.378623736752601983e-02,1.030699223703469114e+00,1.688465327414249373e+00,2.850915161880108517e+00,7.895167144731706221e-01
9.723227619391391352e-01,1.390943588078780602e+00,3.948977996728463002e-02,5.008343686289389751e+00,3.212883950908685282e+00,1.032262328200660306e+01,3.059359094278241153e-01
9.973003153739079529e-01,3.735592068075675454e-01,-7.919704947156193386e-03,5.355625538321181267e+00,3.277970106485914581e+00,1.074508801901527733e+01,3.383694237291640095e-02
4.227858449689081421e-02,2.641204307264168397e-03,2.461634792816148106e-04,1.777502244181002750e-02,7.171816898912665161e-01,5.143495763152927669e-01,4.787995314316726980e-01
7.551915165206257718e-03,2.303892224269701861e-03,-7.618316662051640917e-04,6.505783504055542843e-02,3.217979961975321324e+00,1.035539503567468955e+01,1.022527936559357897e+01
5.658933723832068052e-01,-5.066599378739514159e-02,-2.057120935346854265e-02,7.437977927784741317e-01,1.842861238630996823e+00,3.396137544848571554e+00,1.908541959291623069e+00
9.481650099367622264e-01,-2.551156243261024636e-01,-9.225143563658555479e-03,4.223122737702279750e+00,2.969518356376342538e+00,8.818039268856054491e+00,3.717937934514947140e-01
9.800446344958094747e-01,-7.809677214688719449e-01,-4.691217347174344958e-03,4.512387090940200629e+00,3.031564385949248486e+00,9.190382626155843226e+00,1.656084442754427177e-01
9.551831004550057624e-01,2.902407304279556177e-01,4.049735167178367817e-02,2.699297804075754925e+00,2.368829509456209959e+00,5.611353244870548984e+00,2.127576367190395223e-01
9.422920747918197559e-01,-1.189372224642994968e+00,-3.621131855339152026e-03,3.867473542598570901e+00,2.826294097202570743e+00,7.987938323882094238e+00,2.529912386849534900e-01
9.761176631289648631e-01,-4.798885546717494843e-02,1.360524318560733976e-02,4.595377993304711417e+00,3.054710063669581643e+00,9.331253573084218544e+00,1.404975864747945447e-01
1.421970012818984941e-02,1.066841224183281978e-03,-2.140295526960731085e-03,9.478890349158300421e-02,3.540831529698794444e+00,1.253748792170910420e+01,1.234791011472593780e+01
1.164137710004919946e-02,8.543702722855761600e-04,3.311637367783640544e-04,4.173756518238443125e-02,2.168187224213103281e+00,4.701035839240922165e+00,4.617560708876152553e+00
5.156024256452602650e-01,8.066497356494270465e-02,-2.535732181058284254e-02,1.046612344675154738e+00,2.037142176546229422e+00,4.149948247463509432e+00,2.056723558113199513e+00
9.809395508218963222e-01,-2.262322080915130096e-01,-3.974302115943120772e-02,4.664564106144523770e+00,3.081797955470686023e+00,9.497478638343300972e+00,1.683504260542535436e-01
9.973323373479415777e-01,8.582386174355817188e-01,-5.886479796266480720e-03,5.023166461497829083e+00,3.174504419263400656e+00,1.007747830792286159e+01,3.114538492720422824e-02
8.537885894280421439e-01,1.165420074943457757e-01,1.614141400605510280e-03,2.833540495668089298e-01,8.122726020248309808e-01,6.597867800001895322e-01,9.307868086657167250e-02
9.954085875519729232e-01,1.352071696179787175e+00,1.983803098024133210e-02,5.249709674746862120e+00,3.245528372197485023e+00,1.053345441473885735e+01,3.403506524513288251e-02
9.981572849825162130e-01,4.133581867351556194e-01,-9.402667905002706425e-03,5.746738177493199373e+00,3.392327580031015977e+00,1.150788641023908987e+01,1.441005525269462191e-02
9.217142508763699338e-01,2.547518851567474596e-01,-3.131878692108361339e-02,5.389653329378554680e+00,3.413914437344430564e+00,1.165481178550873942e+01,8.755051267516293922e-01
8.919585429745348071e-01,-3.747464595320432190e-01,-2.565490155005691747e-02,4.910279874991548610e+00,3.313626594838544381e+00,1.098012121002128616e+01,1.159561460038189162e+00
8.997553274172509497e-03,1.008445667370572174e-03,-2.062512806817534076e-04,2.656912638911924224e-02,2.042257975170561846e+00,4.170817637147762547e+00,4.117679384369523632e+00
6.729916974203775659e-03,-1.065471752612887069e-03,-9.408804287110689819e-04,5.020855021784938893e-02,4.260756854028516116e+00,1.815404896915098121e+01,1.805363186871528214e+01
8.773124984581295305e-01,-4.859234603495646287e-01,2.304822309834330535e-02,5.393456000865358924e+00,3.486351874784141103e+00,1.215464939481089601e+01,1.367737393080179720e+00
9.146726897802833767e-01,1.631925368470248106e-01,-5.875338215978111872e-02,8.741748017743477206e+00,4.328124112660042044e+00,1.873265833458927787e+01,1.249162299102325013e+00
9.889565785969020029e-01,-5.827287582351429185e-01,6.614828849405363087e-02,1.371401382342209452e+01,5.263696322597755106e+00,2.770649897652913296e+01,2.784713296849467556e-01
6.571635598189835559e-01,3.431839064129757477e-02,-1.751281622295692286e-01,9.161248170506908650e+00,4.914381225865700031e+00,2.415114283314125743e+01,5.828646492127443679e+00
6.256766692841799760e-01,1.834829071186986627e-01,-1.748868270028885660e-02,2.232738257251001723e+00,2.350648406461056439e+00,5.525547930797904961e+00,1.060071416295901736e+00
6.893023473273868218e-01,2.291249726782073615e-01,-4.880383220927531768e-02,3.752354978210151071e+00,3.089670183411827864e+00,9.546061842264078834e+00,2.041351885843778025e+00
9.753693546216427590e-01,7.415056927852274882e-01,4.483209711489184041e-02,6.359990164968622572e+00,3.608654197842305233e+00,1.302238511960489120e+01,3.024047896676453351e-01
8.029611873150552803e-01,4.629810708190812418e-02,-1.495555157083530429e-01,7.875790244291700049e+00,4.514804452685439173e+00,2.038345924598826997e+01,4.631878757404871649e+00
8.009902382045160918e-01,3.412400787505892041e-01,1.421269724745178762e-03,4.320674584898440251e+00,3.340430844749732398e+00,1.115847822855541160e+01,2.517129058758530213e+00
7.416168194330023944e-01,8.317697153735512106e-02,-4.063575089059484440e-03,1.891532340758324660e+00,2.105039434343176197e+00,4.431191020139838344e+00,6.481263386231890244e-01
9.721836823271949868e-01,3.309042168147257601e-01,7.081425637525110006e-02,4.121284382391380063e+00,2.902296942979586625e+00,8.423327545228653790e+00,1.807587804458939962e-01
9.976513707604377501e-01,-4.176952149294598238e-01,-3.964186857657060574e-03,5.122456366462361466e+00,3.204603405456158960e+00,1.026948298626121137e+01,2.457025333648892029e-02
9.797275559133787892e-01,-6.123827753005215424e-01,1.531908378340489374e-01,9.200354301335107010e+00,4.328939843495002826e+00,1.873972016859854151e+01,3.390115659283281513e-01
9.831931564949546454e-01,-1.516597769015155528e+00,-7.340558310549428686e-03,1.039840591875501374e+01,4.605026271617011169e+00,2.120626696228286789e+01,4.094551247728440146e-01
9.300170563382590405e-01,2.696730807038656419e-01,-3.858748311246024999e-03,5.180655563264877195e+00,3.378446670685459452e+00,1.141390190666566440e+01,1.052590780135908899e+00
5.082379377330126236e-02,-5.386215263174847986e-04,-8.845167310151946793e-03,3.721937369419676678e-01,4.258008974508461719e+00,1.813064042699460288e+01,1.738625295311067021e+01
9.761788315025524687e-01,-6.918974040180970730e-01,4.333352296289511713e-02,4.887695015125133047e+00,3.172392197421062487e+00,1.006407225425803809e+01,2.886822240077742130e-01
8.062211280309947714e-01,7.730770159837979660e-02,9.507884771446140125e-04,3.703227665580602679e+00,3.091337935956941063e+00,9.556370234286520216e+00,2.149914903125312637e+00
7.751094893893757387e-01,2.636611523099104959e-01,-2.972614507097641814e-02,3.986969597851233171e+00,3.137224604281313667e+00,9.842178217708044130e+00,1.868239022005578454e+00
9.547849037712232700e-01,-3.708922932835221342e-01,-4.358123392461148854e-02,5.855568361785797649e+00,3.490830577221527342e+00,1.218589811886478103e+01,4.747613952931873937e-01
2.396055287472897977e-01,1.181212461089229532e-02,-2.541593762587542136e-03,1.893974466866106265e-01,1.169023555017351335e+00,1.366616072185406372e+00,9.878211788121848969e-01
1.690778097711365113e-02,1.472391253494603758e-03,-5.522584431145082179e-04,3.708587209914753630e-02,2.026860298810652328e+00,4.108162670894806467e+00,4.033990926696511714e+00
9.673368050849040500e-01,-4.010718502287210496e-01,-2.419187395225607176e-02,5.003888205650634191e+00,3.211848924604790323e+00,1.031597351448494670e+01,3.081971031836803210e-01
9.780145073168077241e-01,-1.442445456362000167e+00,-9.166693113276049021e-02,1.143865958004698058e+01,4.813307504828305383e+00,2.316792913603648429e+01,2.906099759425210816e-01
9.680298476994103618e-01,-6.647503109855602554e-01,-5.435217411036187551e-02,7.518803400068170717e+00,3.914100916633934002e+00,1.532018598559460187e+01,2.825791854582612173e-01
8.529410401371426698e-01,4.107886379385062431e-02,-5.081687162692394809e-03,1.724671083902484359e+00,1.994037629314179716e+00,3.976186067120913936e+00,5.268438993159454409e-01
8.831139449511860029e-03,-4.549534613701444741e-04,-1.794784245437746305e-03,1.049142766755055411e-01,4.365928383807371027e+00,1.906133065253484205e+01,1.885150209918382913e+01
6.399846360193750527e-03,-2.338169607474238632e-04,-4.305434783747109115e-04,1.868583974499518977e-02,2.629919348185639105e+00,6.916475777961177407e+00,6.879104098471185758e+00
5.223901568719728772e-01,1.033573631603532661e+00,1.795708158484050562e-02,2.303351391054715869e+00,2.930225685620305498e+00,8.586222568668990363e+00,3.979519786559559069e+00
9.886288955356407060e-01,1.422047051644895477e-01,4.340080096980344915e-02,5.803706513195305838e+00,3.425883001953743623e+00,1.173667434307559532e+01,1.292613166849849449e-01
9.874409757727858894e-01,1.473050498451858314e-01,-5.679882796658950600e-02,1.043904671609597479e+01,4.587684011433618814e+00,2.104684458876366193e+01,1.687511565717076389e-01
8.628148063869678364e-02,8.429607369524437510e-04,-9.578095292472061772e-04,6.035296985479268739e-02,1.008084954422904023e+00,1.016235275333828403e+00,8.955293356242430836e-01
5.327238663122146889e-02,-1.255790224123598184e-02,6.016329316658168168e-04,2.682093614686564820e-01,3.458024693368752622e+00,1.195793477994805620e+01,1.142151605701074146e+01
9.312252825396666323e-01,2.791348742107204739e-01,-1.426724479327473420e-02,5.062104104438194696e+00,3.259126868922608722e+00,1.062190794773328584e+01,4.976997388568977221e-01
9.268312179094112535e-01,8.644131078331687701e-02,-1.028580147656769396e-02,5.379374514044986455e+00,3.334541094849603926e+00,1.111916431324079646e+01,3.604152851508258815e-01
9.905856731206332810e-01,8.464505338818196778e-01,6.084807466077649801e-03,1.225115554142703012e+01,4.967071442956627614e+00,2.467179871943523395e+01,1.694876365811741614e-01
9.076369219257515164e-01,-4.754760538745629872e-01,-3.849181048656704490e-02,7.562385431936641034e+00,4.065592043539373535e+00,1.652903866449065973e+01,1.404267800617378548e+00
9.768589041123649785e-01,5.829055721922695721e-01,1.002351212392416438e-02,4.584665019364858374e+00,3.046063315917979075e+00,9.278501724581234456e+00,1.091716858515167227e-01
9.976227933580283924e-01,2.742950291143405050e-01,-2.278399938158564252e-03,1.807340441779721862e+00,1.902770827056026848e+00,3.620536820295476854e+00,5.855936736033386103e-03
9.803280652215887736e-01,4.592160832464118325e-01,2.497583419491244267e-02,5.307632940246895359e+00,3.280226103215729161e+00,1.075988328821784634e+01,1.446174077240554856e-01
9.664478061368932948e-01,-3.465368822863745812e-03,1.431091622687846905e-02,4.551376369637766928e+00,3.074754794539709124e+00,9.454117046544928016e+00,3.513643072693960479e-01
9.969757149030812338e-01,-6.283031010447333031e-01,1.333621002530191793e-02,4.684163195703595406e+00,3.063212650838895268e+00,9.383271744259451097e+00,1.494535285226087501e-02
9.977687153417236221e-01,8.486722169369174951e-02,1.437253776702603590e-02,5.750191002706185550e+00,3.393856051792960127e+00,1.151825890029170019e+01,1.787689487932717092e-02
9.813714943467498619e-01,2.353584165156970276e-01,-3.550738867610702537e-02,6.121073192757034320e+00,3.518958388273639937e+00,1.238306813840141274e+01,1.409217528873411562e-01
9.749306357309933668e-01,-3.062334940894336777e-01,2.977384466827632040e-02,5.578701988754086294e+00,3.366920724173699586e+00,1.133615516287034986e+01,1.787511853621792934e-01
9.522865344132661614e-01,8.598007401672753680e-01,-6.778919070564042026e-03,5.114178507266326612e+00,3.254132554583441195e+00,1.058937868279975270e+01,3.610216682670998600e-01
9.878235978897415004e-01,-2.053837647244718956e-03,9.397323336128015139e-03,5.089382053271604534e+00,3.207031869210617891e+00,1.028505341013254970e+01,1.062893035893398841e-01
9.596642632819414320e-01,2.878843770436932958e-01,2.804285522369255948e-02,4.768010244216031701e+00,3.152266047805677207e+00,9.936781236148425123e+00,4.007607477163638299e-01
9.934746335447127707e-01,-9.559637685174193766e-02,-1.189912553489901048e-02,5.477100946297315254e+00,3.317270749366580507e+00,1.100428522460311598e+01,5.008333200848649747e-02
2.650718555383690944e-02,2.128318212471377868e-03,2.147405904389593830e-04,1.824801836336276822e-02,8.687371363215711240e-01,7.547042120242041241e-01,7.182081752974784905e-01
8.233306126733591634e-01,4.141605305858920838e-01,1.781108980006001000e-02,2.625293898976432061e+00,2.428609239877732140e+00,5.898142840019495736e+00,6.475550420666315032e-01
9.914352166186326532e-01,-1.534394624324567413e+00,1.351922503956915975e-02,4.688062908931252437e+00,3.076600010918163708e+00,9.465467627181643806e+00,8.934180931913866808e-02
3.536338863979334723e-01,1.269267957689317883e-01,1.807601232755481555e-02,1.140740302228537395e+00,2.455557438436965612e+00,6.029762333463112967e+00,3.748281729006037732e+00
1.242771479922840649e-01,3.035904394140509499e-02,2.682322642166404692e-03,3.896108162215118909e-01,2.224008350962367153e+00,4.946213145150347046e+00,4.166991512707322265e+00
3.446654672652482709e-03,-4.861197369121494916e-05,-4.121114654665550552e-04,2.339308015797365511e-02,3.067148242364297062e+00,9.407398340638396306e+00,9.360612180322448239e+00
5.114157771657819040e-01,-4.163629029083745769e-02,-6.517716712726923708e-04,2.184974407121450524e-01,8.474565013857833229e-01,7.181825217410322537e-01,2.811876403167422045e-01
9.973258160428694064e-01,2.218182260216096324e+00,-1.267927542200051813e-02,5.894082517474410032e+00,3.437184658795837233e+00,1.181423837866145554e+01,2.607334371263523090e-02
1.316098296730801032e-01,4.174968197262166059e-03,-6.725130857441756656e-03,4.421863817500223948e-01,2.392049429710618291e+00,5.721900474178894136e+00,4.837527710678849679e+00
1.819280142941415157e-02,-1.781086542064658218e-03,-8.423282988046133660e-05,2.826118619658379849e-02,1.365606931618212672e+00,1.864882291683709781e+00,1.808359919290542184e+00
2.747821404161632231e-03,-4.482174901841162740e-04,-6.588354809257876681e-04,3.188267085062342771e-02,5.235421049439232810e+00,2.740963356491139891e+01,2.734586822321015021e+01
9.121033096062468593e-01,1.526570132721624118e-01,-5.987621209596815514e-02,4.960015181461079337e+00,3.335357476879448058e+00,1.112460949857563897e+01,1.204579135653479405e+00
9.089681729647827169e-01,6.740614442165977493e-01,-3.966386600189047290e-02,5.446351109093949816e+00,3.408596160548568843e+00,1.161852778570644418e+01,7.258255675185438793e-01
9.820159470480064323e-01,-1.938348269863784251e-02,-1.934698846205659250e-03,4.385772988417128815e+00,2.986701720708497820e+00,8.920387168483102869e+00,1.488411916488457665e-01
9.971635473227040691e-01,-3.455219972141780893e-01,8.599350524802174336e-03,4.839347675225684320e+00,3.114831135292708275e+00,9.702173001388862517e+00,2.347765093749475118e-02
9.705467062969849179e-01,-4.014133690850386627e-01,-1.416493769032980618e-02,5.275874594030783626e+00,3.288598881738282742e+00,1.081488260497028442e+01,2.631334169087186092e-01
8.172755322268723255e-01,1.610770302855432101e-01,-5.601033460777896100e-02,3.922658875973537906e+00,3.098231139057882721e+00,9.599036191027904508e+00,1.753718439080829583e+00
9.581167168320634531e-01,-2.269837389099295666e-01,4.014197676813507920e-02,4.994058060177793301e+00,3.194556872604937148e+00,1.020519361230743627e+01,2.170774919518487778e-01
9.745207260894168666e-01,-5.268162995369807255e-01,-1.860746627284763297e-02,4.474060554439263093e+00,3.035702002369409680e+00,9.215486647189644387e+00,2.673655383111169237e-01
9.974400593140961835e-01,7.230852064491524178e-01,5.515057618506289880e-03,6.309218412766701256e+00,3.555724052671631163e+00,1.264317353874756833e+01,2.473671321416713587e-02
5.453342769990930927e-01,8.425356708792508531e-02,-1.103563870879669707e-02,1.780637515159246842e+00,2.455484181195527249e+00,6.029402564101467910e+00,2.468127533782974670e+00
2.390191174195033241e-03,1.353186559433283698e-03,1.426047181474640276e-04,2.646390930537596831e-02,4.565092515113993166e+00,2.084006967154980217e+01,2.078714185293905103e+01
9.506289031698734737e-01,-7.479020499756834639e-02,-2.013535100216848339e-02,4.528256018350425016e+00,3.081564035202276397e+00,9.496036903052136324e+00,4.395248663512877907e-01
9.698271494969623596e-01,-3.446168370630486866e-01,-2.085025637642549251e-02,5.150811170953065954e+00,3.263952433587719248e+00,1.065338548872319535e+01,3.517631468170627773e-01
6.026072573101854957e-01,1.242970030017086225e-01,-7.416897791067872218e-03,1.282606851486443489e+00,2.123362482175988664e+00,4.508668230712575387e+00,1.943454527739688631e+00
2.652039582776155591e-03,-2.196510902811033006e-03,1.370047646515543246e-03,2.525614389811021293e-02,4.008990022813577525e+00,1.607200100301880852e+01,1.602148871522258489e+01
1.471024324664949035e-03,-4.748585422695850156e-04,-3.910979039879004045e-04,2.797691898257632578e-02,5.636946191810814355e+00,3.177516236937044170e+01,3.171920853140528607e+01
9.751741259854033173e-01,-1.995990087165809557e-02,7.395834296004486982e-03,4.584032542266244903e+00,3.056400429727655688e+00,9.341583586839398379e+00,1.735185023069094890e-01
9.531040953406715310e-01,-2.680951216891021005e-01,4.824051096694913221e-02,4.166260216578028697e+00,2.936671901858320055e+00,8.624041859164163881e+00,2.915214260081078201e-01
5.544826630624768438e-01,8.498758996495638096e-03,-3.384578299544183360e-03,7.518916847159869965e-01,1.474320193281399849e+00,2.173620032317304052e+00,6.698366628853302807e-01
7.485546809802845480e-03,4.141404031563600263e-03,1.262787772998371283e-03,4.298011528880086446e-02,3.071237481565090466e+00,9.432499668170278184e+00,9.346539437592674915e+00
9.433806531263531081e-01,-3.328253297103200836e-01,-3.049081269785151524e-02,4.780480738269623053e+00,3.168028568428444380e+00,1.003640501037877897e+01,4.754435338395349708e-01
9.322542945096764511e-01,-3.860938647020204506e-01,-1.100203686595572182e-02,4.258414011378357067e+00,3.006228122968920502e+00,9.037407527329239798e+00,5.205795045725287729e-01
9.982325308475648029e-01,6.831098573858654932e-01,6.554716263064335434e-03,7.360356409521984666e+00,3.839405930834674852e+00,1.474103790172847717e+01,2.032508268450785444e-02
9.569807158779677358e-01,2.259243764174286295e-01,-5.027642332518436098e-03,1.893485811752343206e+00,1.984359512727788655e+00,3.937682675753266803e+00,1.507110522485802240e-01
1.396339562399462331e-02,-9.812615042651962050e-04,-2.101258230236296065e-04,1.246890814880533341e-02,1.033874240486280405e+00,1.068895945141083326e+00,1.043958128843472721e+00
9.698943063306040280e-01,3.621490550708122980e-01,7.494246198857419661e-03,6.685307913284698422e+00,3.685757165927570522e+00,1.358480588618643559e+01,2.141900596170386306e-01
3.717463031746168767e-01,-2.221465296126921840e-02,-7.627453703770961831e-03,9.969339339487358620e-01,1.899042006131061333e+00,3.606360541050285917e+00,1.612492673152814415e+00
9.292396068187140923e-01,5.144722570354200997e-01,-6.323202703633770162e-03,4.249604925697079594e+00,2.999495678617916550e+00,8.996974326047556758e+00,4.977644746533980147e-01
9.701277963414558503e-01,-6.327637636948647559e-01,1.884444765340554384e-01,7.074572007037819077e+00,3.796659828545696502e+00,1.441462585369263749e+01,2.654818396170012251e-01
1.463053604388592221e-01,1.438644753047264135e+00,-4.059994885533482409e-03,1.403482885241945421e+00,3.921709862070380748e+00,1.537980824226008458e+01,1.257284247177619285e+01
7.020941188039110381e-01,3.083586339919857505e-02,-3.189925970879047869e-03,2.866846496604434358e-01,9.115056198123424602e-01,8.308424949494825906e-01,2.574731956285957191e-01
8.749922062501302999e-02,-1.296142702902094657e+00,3.060212600917077037e-03,6.792412830582782446e-01,3.270620239036509780e+00,1.069695674799523744e+01,9.338474181878682501e+00
9.830943555818956181e-01,1.065490257802521601e+00,-2.524813547564389981e-04,5.523765893068437016e+00,3.352252140345151510e+00,1.123759441244864909e+01,1.900626263117763393e-01
9.824942444040798417e-01,1.371121289028208734e-01,-1.547402338695870114e-02,4.882657049172345332e+00,3.157929686176783601e+00,9.972519902836598504e+00,2.072058044919068420e-01
9.623755978124116650e-01,-7.563883690326742015e-02,-6.829425848131728122e-03,1.788382706919992460e+00,1.923404464281398107e+00,3.699484733217611954e+00,1.227193193776268954e-01
8.977326594319225972e-01,-1.866938950585050327e-01,-2.898762306281697093e-02,4.204188674992781038e+00,3.029873787585957157e+00,9.180135168700473969e+00,7.717578187149122249e-01
9.823828916271252210e-01,2.176596221347639304e+00,-2.882990256093328346e-02,1.076276550985259561e+01,4.690346655056297109e+00,2.199935174459779574e+01,4.738207248926046833e-01
8.640131799006727231e-01,3.480799771262338416e-01,-2.050579070347400504e-03,1.414993300775543972e+00,1.769977213986920761e+00,3.132819338032902134e+00,3.028327364818141909e-01
9.887708554397985905e-01,5.609483755011065442e-01,-1.163435194905909457e-02,4.626514901170767580e+00,3.060582061463921644e+00,9.367162554954747478e+00,1.141327526132133868e-01
9.429260783894519715e-01,-7.503607968709987697e-01,7.348734123090833181e-02,3.249542035084037828e+00,2.592019587559046823e+00,6.718565542289772097e+00,2.194814721216966635e-01
3.301420616919573670e-01,-2.673422571748181320e-01,-3.621095338805455869e-03,5.105023697934816251e-01,1.693598719307169764e+00,2.868276622038885559e+00,1.847271882451922309e+00
9.826410295073679801e-01,7.861975563144639467e-02,9.627533505428409466e-02,6.449257058024157274e+00,3.637415184634508414e+00,1.323078922540969415e+01,3.322751093613796058e-01
8.708946030549788997e-01,5.743435939513047428e-01,4.925145250092545501e-02,2.805616792332859877e+00,2.502938122321619829e+00,6.264699244170874870e+00,6.534656595051558936e-01
7.780645564378858570e-01,3.139252733552450048e-01,-1.071004689275162954e-03,1.673710243664414676e+00,2.032504216817924814e+00,4.131073391382645177e+00,7.836529040538160462e-01
7.829173306435402990e-01,1.569770916327096755e+00,-1.561521660230538039e-02,2.221575269271100161e+00,2.267962394279785965e+00,5.143653421867298903e+00,7.005028833250988018e-01
9.402682934914228241e-01,3.676754851274366964e-01,2.756083945144188405e-02,4.137440425600148686e+00,2.945068203773934190e+00,8.673426724880227923e+00,3.985458736799310508e-01
6.857061611253243427e-01,3.781179833698544712e-01,-4.551670324486624050e-03,8.895961161648781035e-01,1.487265971254152719e+00,2.211960069250558547e+00,4.327678369208025622e-01
6.596366098226300601e-01,-4.005213012350631457e-02,-8.216729848712894108e-03,9.617210848416627433e-01,1.577790938325174697e+00,2.489424245061035545e+00,5.659820753777100588e-01
2.312457742868745392e-02,-4.183237859787691804e-03,3.274266546789936531e-04,2.022368326434620736e-02,1.473821165388747634e+00,2.172148827547846217e+00,2.131701461019154031e+00
8.913497309731930329e-01,-7.129608158324334255e-01,-2.897104578299682185e-03,3.635853787796624825e+00,2.863806001209044272e+00,8.201384812560936766e+00,9.296772369676865599e-01
6.684327190011745135e-01,-1.929755625293436139e-02,-1.262294653909879633e-02,3.320165377572890542e+00,3.079081643390311651e+00,9.480743766663183081e+00,2.840413011517402442e+00
9.256662482218580568e-01,-4.975333968806687768e-01,2.303591975829526878e-02,3.976367261531784880e+00,2.883672123496816120e+00,8.315564915832636572e+00,3.628303927690686437e-01
9.939000887898564729e-01,5.902116666174157811e-02,2.139414822887098291e-02,6.500143359435013757e+00,3.615987450106977974e+00,1.307536523933116435e+01,7.507852046113651368e-02
9.497495252351254580e-01,4.201721991020090918e-02,9.613443206707535799e-03,4.456183621001494899e+00,3.033658507044519670e+00,9.203083937363585321e+00,2.907166953605948012e-01
9.791973094682500101e-01,-5.821601328802522568e-02,-1.042088497271490520e-02,2.074444866619172601e+00,2.066278295923627439e+00,4.269505996205049669e+00,1.206162629667041630e-01
3.243864591066136782e-02,-1.298519185581226143e-02,3.757940674816194655e-03,7.570441292451843274e-02,2.255266577184134036e+00,5.086227334163839764e+00,4.934818508314803509e+00
9.299569254952619879e-01,-6.391675515074594083e-01,-2.112728650051542457e-03,4.674137707549695264e+00,3.153492256403648497e+00,9.944513411197773323e+00,5.962379960983826832e-01
6.996613793720291019e-01,-2.599842367923309028e-01,4.177146619372627129e-02,3.039193862860335660e+00,2.875975848909915200e+00,8.271237083513108601e+00,2.192849357792437281e+00
9.943600377396647483e-01,6.088831922597147395e-02,-1.891599120648327845e-02,4.658387888686492673e+00,3.059822873452157754e+00,9.362516016901018645e+00,4.574023952803288329e-02
9.979400376820266594e-01,-7.756393886223751366e-01,1.455167912553872490e-02,5.721051428282740048e+00,3.386911191142300215e+00,1.147116741668495443e+01,2.906456011947693846e-02
9.957026525142149698e-01,5.379553399271543856e-01,-1.149467549402296077e-02,4.849181489118115529e+00,3.119238662302113774e+00,9.729649832400280474e+00,3.128685416404774350e-02
1.583301251801227938e-02,1.334250573834898368e-04,-5.958522891231147589e-05,3.263228942953699026e-03,5.109931614019411761e-01,2.611140109995503389e-01,2.545875531136428949e-01
8.737148931408138530e-01,-2.660729680685336440e-02,-3.617396827048327979e-03,3.387718976840400575e+00,2.864171007823199222e+00,8.203475562054959980e+00,1.428037608374159495e+00
5.004031336280327924e-01,2.368054487833620714e-01,2.729508282874858888e-02,2.545018423819798592e+00,3.149662532604233345e+00,9.920374069290913255e+00,4.830337221651315183e+00
9.336157595394931619e-01,-3.857414436460750995e-01,-1.913526714836542506e-02,5.551720569019229501e+00,3.428272892740041655e+00,1.175305502709617400e+01,6.496138890577175529e-01
9.315462665831957256e-01,-4.674811411755065704e-02,-4.400539910050605373e-03,4.964722023004408236e+00,3.255964340658599188e+00,1.060130378764038639e+01,6.718597416315685855e-01
9.794045305719925043e-01,1.082313226088138736e+00,2.170045728736865603e-02,9.711693479200619095e+00,4.447257940406664112e+00,1.977810318851012639e+01,3.547162301088875314e-01
8.564927139204525641e-02,-5.534407085825254757e-03,-4.781162008558585848e-04,3.639133538517507621e-02,1.022267868554605830e+00,1.045031595079176867e+00,9.722489243088269228e-01
8.039433270885836258e-01,-2.602655450957951366e-01,-4.803965306058982643e-02,3.694672998616398640e+00,2.869749068592503782e+00,8.235459716687543619e+00,8.461137194547467821e-01
9.815855015325636312e-01,-4.825150319305308022e-01,-2.069874941034672428e-02,9.486212814631775458e+00,4.388393306246460845e+00,1.925799581030874208e+01,2.855701810451936051e-01
8.543340003325202714e-01,-3.891304865023828552e-01,3.605680038132711568e-02,3.895496108343032837e+00,3.016576986549526662e+00,9.099736715780222696e+00,1.308744499094156577e+00
9.566647980296415499e-01,1.520933076967838193e+00,2.311892202428507403e-02,8.423749595333246631e+00,4.156494996753110627e+00,1.727645065803363877e+01,4.289514673671435685e-01
9.704589366933737971e-01,-1.199317013427368128e-01,1.705417570996739518e-02,4.352714181424305551e+00,2.971187672784640910e+00,8.827956186907410796e+00,1.225278240588014295e-01
9.784460455653306576e-01,4.311285409607182317e-02,6.398078365731706130e-02,8.319916121795182917e+00,4.102622797828606949e+00,1.683151382126303020e+01,1.916815776726655540e-01
4.944478543211333621e-01,9.090080763546441733e-03,-3.666880111343670361e-03,4.221859358467453527e-01,1.244364365275369311e+00,1.548442673567172578e+00,7.040708018736817619e-01
1.790648474738865126e-02,2.076768421285957178e-03,-1.048289078959550044e-03,5.445637928023189939e-02,2.942074721473475485e+00,8.655803666733227431e+00,8.546890908172763091e+00
8.681018708311845078e-01,4.666768409596203093e-02,2.715239741924510564e-02,6.322416189424143518e+00,3.783123144434295426e+00,1.431202072595442942e+01,1.667188347106143498e+00
9.879335863087794767e-01,1.390449949297570542e-01,2.124723277329534227e-02,4.694758909631215893e+00,3.081948162325049978e+00,9.498404475258752200e+00,1.088866559963201780e-01
9.040065980632467912e-01,-5.208725905801356859e-01,-3.193827181955070926e-02,3.798692860096139157e+00,2.926097733415824020e+00,8.562047945501221946e+00,9.646622253089450760e-01
9.788115679296558458e-01,-5.207099528576095704e-01,6.503769334255550538e-02,5.984427697602717977e+00,3.494263809626851902e+00,1.220987957126796175e+01,2.410241760625253804e-01
8.705463058182379976e-01,-3.883836459476640024e-01,-2.756054440242150169e-02,4.472846610053184513e+00,3.227877499351167412e+00,1.041919315081754682e+01,1.473499930711177575e+00
1.236962348469197170e-01,2.926776539144537725e-02,2.658651501915397421e-03,2.002487555777636152e-01,1.545393097382476322e+00,2.388239825437403763e+00,1.987742314281876865e+00
1.700635982248810407e-02,-2.918194236195131852e-04,-5.311782927367429973e-05,3.742083949864338441e-03,5.705008155601105635e-01,3.254711805547513270e-01,3.179870126550226050e-01
7.271727970314013634e-01,2.474283597081020636e-01,6.658860998175181178e-02,3.668551999138791597e+00,3.172869536110156208e+00,1.006710109317587687e+01,2.729997094898293675e+00
8.921274850758804664e-01,2.655922887726306358e-01,-1.973247538215418956e-02,3.533941393435939382e+00,2.809616211388844320e+00,7.893943255299003425e+00,8.260604684271244391e-01
6.413968261027447326e-02,-1.775005631781545468e-02,6.464196704614464176e-04,2.507548425814475901e-01,2.685841657753636813e+00,7.213745410524804669e+00,6.712235725361908933e+00
2.441618112067434065e-02,3.045875904847204080e-04,-2.286174306079161015e-04,8.219860809118009412e-03,1.068247242184507728e+00,1.141152170434806434e+00,1.124712448816570287e+00
9.559899686860158230e-01,-4.772346543484293768e-01,4.075095386685679416e-02,5.530628816792168223e+00,3.384811955316896270e+00,1.145695197285619038e+01,3.956943392718530461e-01
8.585856840492536168e-01,-3.611392829214025157e-01,-4.976911009621717147e-02,4.041773715647364540e+00,3.060861863010285067e+00,9.368875344430792396e+00,1.285327913136064426e+00
8.385897709613163720e-01,-3.783742112179189210e-01,1.410238541385497868e-01,4.023823057440372608e+00,3.085511757465121629e+00,9.520382805455504638e+00,1.472736690574760088e+00
9.408987668229288337e-01,3.484384396578291909e+00,5.132788861590349000e-02,9.650380122917049164e+00,4.466708200867160805e+00,1.995148215169394490e+01,6.507219058598490147e-01
9.375882542946681886e-01,6.414427235797573457e-02,7.675784338392104000e-03,5.631054982895895122e+00,3.450845231554080073e+00,1.190833281213953221e+01,6.462228463477430740e-01
8.470468429902748841e-01,3.367496900600389087e-02,-3.267423490745958309e-02,3.249744228550459191e+00,2.724932073356829854e+00,7.425254804408752740e+00,9.257663473078339145e-01
9.755938225389093610e-01,1.463653520655713025e-01,-5.324317349748199438e-03,5.772913092599658569e+00,3.423358118973488740e+00,1.171938081074170412e+01,1.735546255423855433e-01
9.885808477206651235e-01,5.566951033944422811e-01,1.480231145897502234e-03,6.784848100735426435e+00,3.694727362825240835e+00,1.365101028560956031e+01,8.131408413870618024e-02
9.887246620753264992e-01,-1.402191963490493132e+00,-1.349954976905534112e-03,5.737855982853646175e+00,3.410346905819432894e+00,1.163046601803217861e+01,1.547540523248874256e-01
9.979717826668409453e-01,3.950831061120595455e-01,-1.511291302898008435e-02,5.866204572592615740e+00,3.429048536090281818e+00,1.175837386286290354e+01,2.596471767767195502e-02
1.310341214614463290e-02,3.602596931185531037e-03,-1.691724895182770494e-03,1.371987959063357687e-01,4.735640272613946600e+00,2.242628879160309197e+01,2.215189119979041976e+01
1.522012940235240031e-03,7.185463440595452056e-04,2.086983025008057560e-05,1.632758167962898924e-02,4.202693677602789002e+00,1.766263414776245355e+01,1.762997898440319133e+01
9.502025039743206003e-01,4.470498802854785403e-01,-5.482198955555194625e-02,5.066362306641951641e+00,3.258058002901536909e+00,1.061494195027075094e+01,4.822173369868485437e-01
8.924434846843278812e-01,3.334547882251429063e-02,6.722192790905927307e-02,4.729729919505023084e+00,3.269384996149043321e+00,1.068887825304448036e+01,1.229418414034433082e+00
4.827102362364377175e-02,3.265486391902383545e-04,-4.895498983623461191e-03,3.113899729576131148e-01,3.540388913069467236e+00,1.253435365578520511e+01,1.191157370986997854e+01
5.561636009942749759e-03,-8.892423832390083938e-04,8.420878960691708661e-05,2.020026426095643951e-02,2.495641489391405621e+00,6.228226443571753812e+00,6.187825915049841363e+00
5.185369966261124119e-01,7.175895975577856190e-02,-2.225355790665171571e-02,1.717084720843840229e+00,2.527990505624163831e+00,6.390735996525916285e+00,2.956566554838236272e+00
8.815916131406855705e-01,3.601245620659351832e-01,5.927091208289302256e-03,3.253565581767818404e+00,2.709482548169499072e+00,7.341295678835081162e+00,8.341645152994449086e-01
6.969561359389786492e-02,8.989045952668334172e-03,-2.255409107845238268e-03,2.072771669849475251e-01,2.341943620064086851e+00,5.484699919558880588e+00,5.070145585588986314e+00
5.389752835425503097e-01,7.411804608352258461e-02,-1.524630964916890742e-02,1.582471227406652137e+00,2.156175727331452130e+00,4.649093767133316568e+00,1.484151312320012295e+00
9.813114269448801608e-01,8.577421178439528227e-01,4.280776843135082610e-02,1.010069235418108491e+01,4.542901257517400815e+00,2.063795183555317792e+01,4.365671271910066542e-01
8.243053141869927103e-01,-1.474802870582140102e+00,-6.282232829585544798e-02,8.098627821963686912e+00,4.437936310042989163e+00,1.969527869199798076e+01,3.498023048070606933e+00
3.883204807040396833e-02,3.685233575076467538e-01,2.620886573717627122e-04,1.912765993194489797e-02,6.272751019905419279e-01,3.934740535772447423e-01,3.552187337133548839e-01
9.956583932713756191e-01,3.786920692093128094e-01,-1.488749557578913744e-03,5.229198287532529577e+00,3.242837662088611683e+00,1.051599610266033302e+01,5.759952759527679073e-02
6.024417478892359901e-01,3.496316379751820969e-01,-3.931386366305514302e-02,4.139394640474256981e+00,4.088468422514086598e+00,1.671557404189482199e+01,8.436784760946306250e+00
9.488733414341581351e-01,-2.448592256960981373e-01,2.179226083190067068e-02,4.832905821129804380e+00,3.172738744987209980e+00,1.006627114394301614e+01,4.004595016834084364e-01
9.478111961186939105e-01,-2.044276994596404828e-01,-3.691604175598534737e-02,4.266652269092275240e+00,2.974987873949427097e+00,8.850552850146133466e+00,3.172483119615827074e-01
9.624559253712439144e-01,5.637498510705278576e-02,-2.850213781658366211e-02,3.686772498816631494e+00,2.749123379657248734e+00,7.557679356578092644e+00,1.841343589448303786e-01
9.857989958143469345e-01,-4.916703626587189402e-01,-1.306980866532601870e-02,4.913223320072771294e+00,3.159393735399430359e+00,9.981768775281166128e+00,1.553221351356246505e-01
9.592821010803429527e-01,1.066366206555368956e+00,1.636197282257267627e-01,1.117908011757419473e+01,4.861756349791543919e+00,2.363667480473839788e+01,1.278514569590007310e+00
9.411213481637847877e-01,-5.292747260643906326e-01,1.193867081060050600e-01,6.229869043358326586e+00,3.628367711715029920e+00,1.316505225141616187e+01,7.053141646995089165e-01
5.843246893035267675e-01,1.421594599298706130e-01,-6.339577526883947989e-02,3.500655692874698577e+00,3.205853801031602224e+00,1.027749859358877060e+01,3.276187207839374782e+00
9.584511588677389060e-01,-8.221347055908955204e-01,2.152503080806311350e-02,6.069396326512022988e+00,3.556674576740224136e+00,1.264993404483025330e+01,5.111413918062072126e-01
9.613683280726974534e-01,7.057200799382128409e-01,-6.542330687851134752e-02,1.126148659843902600e+01,4.824622241021660152e+00,2.327697976856086726e+01,7.540065716828150411e-01
8.167234987572027372e-01,1.413188841343796298e+00,6.808254366173167871e-03,7.571568235403256963e+00,4.258338511856897490e+00,1.813344688156361428e+01,2.990310410757099913e+00
9.911524266246247716e-01,-4.680222992053442721e-01,4.022942670700617451e-02,5.045966652732165159e+00,3.187025944601961758e+00,1.015713437156602694e+01,6.520106610169748573e-02
9.800885415306276327e-01,-2.009401353558729342e-01,-3.205663150359829711e-02,7.214908987527630657e+00,3.829681338843228033e+00,1.466645915708406100e+01,2.366411820287994960e-01
2.731355683901703912e-02,-5.887973684860547952e-03,-3.202244316660252631e-03,2.311542559095790261e-01,4.256365688389452728e+00,1.811664887329902029e+01,1.765434036147986419e+01
1.062400812392638727e-02,-4.977368468274789848e-03,1.223761330259641109e-03,6.601965606561860378e-02,3.197969698587588283e+00,1.022701019308438930e+01,1.009497088095315220e+01
9.217726407572890412e-01,-1.334343963467965910e+00,1.270639631585589735e-01,6.019584424191280370e+00,3.584927755381072334e+00,1.285170701130157411e+01,8.125381629190139288e-01
9.293354972382745771e-01,-1.447040224512344375e+00,1.480903512944242162e-01,5.082595742906823588e+00,3.277883025455299748e+00,1.074451712856799013e+01,5.793256427543429510e-01
9.427844987682308942e-01,7.598165321596261901e-01,-5.504420103368291156e-02,1.013101122178931668e+01,4.630602092649035662e+00,2.144247574044563009e+01,1.180453296866995405e+00
9.691828867456983021e-01,-1.853120175321436025e-01,4.018337734109881515e-02,1.080226870985793575e+01,4.719610246500311135e+00,2.227472087887073116e+01,6.701834591548568865e-01
8.979225123786243046e-01,-4.599562640598731794e-02,-1.308236615110222904e-03,5.379116893260063925e+00,3.430348508600999935e+00,1.176729089046110488e+01,1.009057103940977695e+00
9.875614880961655073e-01,1.892377515118356945e-01,-3.356386611015699240e-02,9.807005083603005602e+00,4.452315905441899702e+00,1.982311692185092511e+01,2.091067546449181525e-01
9.780549469511529148e-01,-1.229730613332547406e+00,2.440174620216875936e-02,1.157283490470893561e+01,4.856979680494420748e+00,2.359025161673568149e+01,4.445818073178101626e-01
9.627103843188318244e-01,-7.218702002397565654e-01,-2.225044394057806504e-02,1.106872077751253158e+01,4.780695350609804883e+00,2.285504803534220386e+01,7.176064803171412487e-01
9.766367836451470552e-01,-7.069968070881624822e-01,-2.303878053494759839e-02,6.658767094218353222e+00,3.687328995001625476e+00,1.359639511737969819e+01,2.788609289429920812e-01
4.191913745745179387e-01,1.171750160419987030e-01,-2.071340726107181660e-02,2.200156565705241096e+00,3.345768212724038904e+00,1.119416493327461026e+01,6.793851801864129847e+00
9.113184139590496669e-01,-9.220336012690211192e-01,-2.949906765594133631e-02,5.404620821164637157e+00,3.405426817860349509e+00,1.159693181180246491e+01,7.876901694731899273e-01
2.337884981648363780e-02,-3.020737068821222060e-04,-5.516919557413254779e-03,2.369953586353864272e-01,4.874151323168951500e+00,2.375735112114963954e+01,2.328336040387886641e+01
2.586146090514662710e-03,-1.838593717587766463e-03,8.424860146104300911e-04,2.268220812055768074e-02,3.245231528973707480e+00,1.053152767664502854e+01,1.048616326040391300e+01
6.476911936212390586e-01,-9.404009202362700881e-04,-1.735978794963380020e-02,1.596086737116404697e+00,2.055045297381683955e+00,4.223211174290574021e+00,1.031037700057764406e+00
9.810354503350869892e-01,1.536061071008530954e+00,2.641332982854491945e-02,7.899985431475910147e+00,3.996751333513336668e+00,1.597402122194063345e+01,1.740503589888109659e-01
1.509603625762878654e-02,1.304911805820774262e-02,7.624883293609462966e-03,2.070590064727888258e-01,5.218954978368157249e+00,2.723749106623377259e+01,2.682337305328819355e+01
3.077077158998520190e-03,-2.054225338951887192e-04,7.923615641387692532e-05,2.389097769122465464e-02,3.572569059211422537e+00,1.276324968283478967e+01,1.271546772745234044e+01
9.482932057879083221e-01,1.627835467578529205e-01,7.834233945065724458e-02,6.825929812793355644e+00,3.755018135584616612e+00,1.410016119856937067e+01,4.483015729826592133e-01
6.962263737481002579e-01,4.612954584111478296e-02,-4.069174626854350080e-02,3.153936074654601907e+00,2.868376441310166669e+00,8.227583409063177200e+00,1.919711259753973165e+00
8.527774163854421330e-01,-1.291567715032863051e+00,1.272236699590303943e-01,6.067125903722644154e+00,3.795301273365637496e+00,1.440431175561083066e+01,2.270059948165543240e+00
9.760587366521310537e-01,1.711707406147239707e+00,3.273134974059835334e-02,1.030313553880027300e+01,4.608579934438252756e+00,2.123900901210688730e+01,6.327379345063456340e-01
8.667129816251513130e-01,4.919307715711422890e-01,-4.594805642852460570e-02,5.494947415842316829e+00,3.475647969751272548e+00,1.208012880963614144e+01,1.090233977951510003e+00
9.207058723862335814e-01,3.012589624548207556e-01,-2.586578823420059015e-02,1.025703679259226497e+01,4.755721226125133150e+00,2.261688438061714379e+01,2.102810795432618285e+00
9.531505501242385492e-01,-9.879488496286581434e-01,6.840200251830544538e-03,5.356785694406152487e+00,3.360680728524705341e+00,1.129417495907734370e+01,5.806035702650398367e-01
9.782429072239721135e-01,-5.487171931981318362e-01,1.128412406458578071e-02,8.209522830657490999e+00,4.099786553980717230e+00,1.680824978820108484e+01,3.892041268861007874e-01
9.784202423067542842e-01,1.261026958007935017e-01,-4.720878872253002866e-03,6.244951145578467866e+00,3.566341829630400362e+00,1.271879404577151185e+01,2.288917546145733672e-01
7.345497256947597364e-01,1.207080380769009809e+00,1.689502426321190867e-02,3.016570111285568956e+00,2.686445115403901518e+00,7.216987358077481929e+00,1.183847135506344239e+00
9.596348202275836181e-01,-1.403364287335740368e+00,3.886718577137602409e-02,6.127451972867310914e+00,3.549403582864163909e+00,1.259826579404896307e+01,3.433618483143432432e-01
9.729310687804179070e-01,-4.205590671721770590e-02,5.867607319226618434e-02,7.827094896742442742e+00,4.007621241430700643e+00,1.606102801476654918e+01,4.068382212816624155e-01
9.250024528488648423e-01,6.666814908944567186e-01,1.516500561349727431e-02,1.132587620127658568e+01,4.972439042301823875e+00,2.472515002940747664e+01,2.073397626854305731e+00
9.776377053808993356e-01,1.167778332634467203e-01,-4.911386552353896179e-02,7.048530666694095004e+00,3.799295657331811071e+00,1.443464749182035689e+01,3.375861584321692699e-01
9.403922940044535661e-01,2.096437277294440071e-01,2.719590385596235005e-02,8.440767379957412331e+00,4.234593854093061438e+00,1.793178510912272827e+01,1.050250349207902945e+00
9.456675392567936989e-01,4.819126768224622770e-02,6.247376883093492400e-02,6.030539102148164687e+00,3.582962698121693990e+00,1.283762169613149062e+01,7.765434918351623583e-01
9.895332833094045988e-01,6.339806824203829683e-01,-5.114139032644076646e-04,5.048543894207552896e+00,3.193891886802810554e+00,1.020094538458481637e+01,1.038575961697096595e-01
9.857990886842145084e-01,-7.121981509351414663e-02,-1.234608335812401383e-02,5.952025474554103468e+00,3.464310060238079636e+00,1.200144419346676550e+01,9.739324435855939432e-02
9.044037374357394299e-01,2.359395623433674649e-01,1.208778464317292536e-02,3.885759103538343417e+00,2.920134711926531512e+00,8.527186735798247597e+00,7.556685287215605396e-01
9.718287879940236129e-01,6.933440730315333367e-01,-1.808221425340876065e-03,4.893682517671882337e+00,3.154506709190174174e+00,9.950912578325823432e+00,1.635475429820589521e-01
8.503047433125952015e-01,1.350244197542350422e-01,-3.981974531860107969e-02,4.943731858703758419e+00,3.340471957421939919e+00,1.115875289832236739e+01,1.271289180914850769e+00
9.833288483652274925e-01,-9.501298007296124504e-02,4.713197749474524328e-02,1.163450660825545313e+01,4.849388713987027089e+00,2.351657089934475309e+01,2.475576828338473256e-01
9.878678582558129140e-01,8.977743136601767926e-02,-8.323755247733573628e-03,8.219984641826425076e+00,4.075423574695745010e+00,1.660907731318584624e+01,1.691080295329988603e-01
7.670088941770768498e-01,4.960627232289199218e-01,2.403618469799376905e-02,3.276780994191141883e+00,2.911723252249270644e+00,8.478132297689068508e+00,1.924570309306786076e+00
9.203066660814472888e-01,-1.295865325626285314e-01,1.322779698234254411e-02,4.933993532670736037e+00,3.311205557398680721e+00,1.096408224334790660e+01,1.096095178006435411e+00
9.874659799995728626e-01,5.209425179973065090e-01,-2.940103453263408217e-02,1.034545736629193335e+01,4.572086929929352728e+00,2.090397889483081073e+01,2.130641622469452989e-01
7.663406059930901737e-01,1.979615010689817822e+00,8.294135139512760491e-01,7.997500666403500880e+00,4.910785029147966441e+00,2.411580960250379135e+01,8.120808269696787818e+00
9.538129753847336412e-01,-1.053471740396289547e-01,-1.015746298404366331e-02,5.249172088588058394e+00,3.291107647510880252e+00,1.083138954750460137e+01,3.330453703284860789e-01
8.210366642069104604e-01,1.014939233766896987e+00,9.327160504324277790e-02,3.450728406139926818e+00,2.948344746003017658e+00,8.692736741283599855e+00,1.791279929003747551e+00
9.522726818756738210e-01,7.421770842914357513e-02,1.159465246546659972e-01,5.747388851778582719e+00,3.488425578173242947e+00,1.216911301445332505e+01,6.743353108961605002e-01
8.321470377787985040e-01,-3.411312158005912198e-02,-4.244978988282124832e-02,3.428204548408127383e+00,2.913581954381899042e+00,8.488959804899847583e+00,1.632550708083594371e+00
8.987643269365231946e-01,-6.625780849881675039e-01,6.157596928970852056e-03,4.479908916155015852e+00,3.135146018092507703e+00,9.829140554761305992e+00,8.693227224512736218e-01
9.783368841455849507e-01,-5.082614138020140615e-01,5.291535845048601222e-02,4.811810701373774535e+00,3.119588219071377733e+00,9.731830656568931204e+00,1.082092538213815930e-01
9.772163401671194460e-01,5.247942608804878617e-01,5.682445695506494789e-03,1.232211767834560590e+01,5.020289529831499564e+00,2.520330696333578047e+01,5.590716066445649002e-01
9.719930156587661685e-01,-2.642248052331294783e+00,-6.063220524154736002e-02,1.470255240358519089e+01,5.496140012461705027e+00,3.020755503658255492e+01,8.024502294121730328e-01
1.050964762901366312e-01,5.534605155056593340e-02,-1.357503973125326162e-02,1.810302104141444879e+00,5.950384874287772519e+00,3.540708015215270876e+01,3.178647594386982078e+01
5.380974911053715282e-03,-1.269584731385164922e-03,-2.998101126356900181e-04,4.591956592721313513e-02,3.719245518408845541e+00,1.383278722620428347e+01,1.374094809434985720e+01
9.655644012066759707e-01,1.693180637741714012e+00,-7.788023471558271071e-02,1.153008166707883930e+01,4.863135117121163198e+00,2.365008316737706906e+01,5.899198332193913430e-01
9.295010314281711983e-01,-2.091366002545290148e-01,-3.166982111848175990e-02,4.872546638835198785e+00,3.211064104431703203e+00,1.031093268276977604e+01,5.658394050993778013e-01
8.153759116920977768e-01,1.404328872459921218e+00,-3.337271295291292100e-02,4.564661115232857114e+00,3.199166807513800226e+00,1.023466826229804028e+01,1.105346031832326048e+00
1.028802432024145119e-01,8.851262558614375608e-03,-1.563957918962108329e-04,6.508920830465211860e-02,9.710979121942348025e-01,9.430311550680018362e-01,8.128527384586975435e-01
2.615714452737005757e-03,-2.348307408451960621e-04,-2.918182034048961201e-04,2.393622998702098909e-02,4.507160121693903676e+00,2.031449236258780289e+01,2.026661990261376189e+01
9.596620166316612854e-01,-3.663853797520112698e-02,2.927018877629714022e-02,1.090176144864000207e+01,4.726707921466421602e+00,2.234176777485341958e+01,5.382448775734178792e-01
3.756306606993131680e-01,-8.177976668446967912e-02,-7.504895705980479080e-03,3.373970277024669895e-01,1.124409714054269926e+00,1.264297205059605300e+00,5.895031496546714322e-01
9.441033073630048511e-01,1.674644027946998459e-01,-9.349617418150614132e-03,3.370213885291689415e+00,2.635035493152951602e+00,6.943412050175819417e+00,2.029842795924403920e-01
9.934625870585828133e-01,3.853766919082068365e-01,4.737775704055002292e-03,4.616746729093555324e+00,3.050472641682846930e+00,9.305383337655527498e+00,7.188987946841786381e-02
9.075782231937842282e-01,-7.851098583367575046e-01,9.870946224951268611e-02,5.159967858671595131e+00,3.359254853135788199e+00,1.128459316831634673e+01,9.646574509731565827e-01
7.000767474003262159e-01,-2.006067289277546628e-02,4.622500381007596526e-02,2.572258838584636109e+00,2.618863601261121499e+00,6.858446562010370506e+00,1.713928884841098288e+00
6.378782014360162567e-01,-8.542307592090389590e-02,-7.439842544016105931e-03,1.118677333086306458e+00,1.701329778682009630e+00,2.894523015830176238e+00,6.571683496575634331e-01
9.806095937180799860e-01,1.818810457225447097e-01,-7.258376162491637917e-02,7.253023426237494853e+00,3.834198385115762164e+00,1.470107725642431795e+01,1.950304039493271913e-01
6.677679655351325128e-01,1.368929181545047058e+00,2.642951896730098005e-01,4.602699622743906538e+00,3.710051283860851257e+00,1.376448052887755047e+01,4.559081283389737393e+00
6.384970421391424900e-01,3.447688643240333084e-01,5.307576820432531595e-02,2.663375485181255886e+00,2.819434274330937740e+00,7.949209627272020739e+00,2.622458656909508967e+00
8.566160785104834918e-01,-1.244061668615902561e-01,-1.498286572933229394e-02,3.169101384916453323e+00,2.605851190493996050e+00,6.790460426998977006e+00,4.522576571660704148e-01
8.595064485329291237e-01,4.256409213422275850e-01,1.544259624597791036e-01,6.163053817094537479e+00,3.729926468398528261e+00,1.391235145965991649e+01,1.586243825470841529e+00
9.785282085346594938e-01,1.858878861988203068e+00,1.152972638118298226e-01,1.488764970961208434e+01,5.510179788363860354e+00,3.036208130009359607e+01,5.867818808694310606e-01
9.547923995455490642e-01,-3.830314703128678278e-01,-4.842719577273587456e-02,8.844746863075439336e+00,4.277226998863994822e+00,1.829467079981109734e+01,6.051770736602201106e-01
1.195998751804679960e-01,-1.320836229183555742e-03,-5.618798504270415724e-03,3.084514357657908712e-01,2.282489628063525622e+00,5.209758902217572540e+00,4.592856030685990909e+00
9.927344438233627333e-01,1.653217338828431859e-01,5.671519396187781059e-02,5.020720126286977170e+00,3.178491963512694252e+00,1.010281116211478292e+01,6.137090954083072869e-02
3.882754250757858294e-02,1.074638480200607038e-02,-3.582678220636256825e-03,3.238085862276398608e-01,4.115642666721099019e+00,1.693851456013516099e+01,1.629089738767988038e+01
5.034790999883465012e-03,-1.753003989724111200e-03,-1.915122169635773586e-04,4.550666388033387799e-02,4.088031177680096384e+00,1.671199890968451740e+01,1.662098558192384701e+01
5.842897553921461151e-01,5.537288783298244255e-02,1.688712110932293758e-02,2.501928146521708918e+00,2.916669974969311241e+00,8.506963742887482027e+00,3.503107449844063748e+00
1.041576119157161529e-02,2.019055406674435948e-03,-1.054859719798807802e-03,8.351312174274962141e-02,3.590899803186228922e+00,1.289456139652289757e+01,1.272753515303739924e+01
2.681047374254896809e-03,-7.420188010827111214e-04,4.918120177984187718e-04,2.995924534923826224e-02,4.819318577459536179e+00,2.322583155104660335e+01,2.316591306034812803e+01
6.714613849229837950e-01,2.522779982304586624e-02,-2.425325900588274144e-02,1.189970570312748332e+00,1.754672423521644653e+00,3.078875313867321939e+00,6.989341732418253850e-01
8.604446699289003408e-01,-3.716659770684029307e-01,-4.349794899338325915e-02,4.446824650972783566e+00,3.162751638522088182e+00,1.000299792697415491e+01,1.109348625028588442e+00
5.158030220925036158e-01,8.173034098858794616e-02,2.947133359366034978e-03,2.819986770905916762e-01,9.703570096806407586e-01,9.415927262363551487e-01,3.775953720551717407e-01
8.337992839331409556e-01,-4.717110555228140045e-01,5.479025501288033173e-02,4.707619040202338567e+00,3.366181544452590657e+00,1.133117819021322781e+01,1.915940109808550673e+00
9.047229304246378057e-01,-4.525786514538563954e-01,-5.524329848852271851e-02,9.619361482982077050e+00,4.568103019056919400e+00,2.086756519271693833e+01,1.628842226752783784e+00
9.600376561077643700e-01,7.899608189835526373e-01,3.050690606035088431e-02,9.257926603218278316e+00,4.373768149214521728e+00,1.912984782308342346e+01,6.139946166468671640e-01
7.856147083969250433e-01,-1.685174202265335430e-01,-5.068992059442499476e-02,4.296403960916999054e+00,3.231276943391031331e+00,1.044115068489048603e+01,1.848342763056488369e+00
6.939363605444446303e-01,-3.496564410092029007e-02,5.709453120758718053e-02,3.776574953438329718e+00,3.028999095643306383e+00,9.174835521407969097e+00,1.621685614531310549e+00
8.859978210608354665e-01,3.149714964833422171e-01,-4.451424538773566392e-02,7.515024279422029885e+00,4.084636214754373107e+00,1.668425300688292978e+01,1.654204448038866904e+00
6.084009875027283076e-01,2.581104644742166290e-02,-6.582079370660391671e-02,4.552335958618287215e+00,3.536707396901075384e+00,1.250829921129478173e+01,3.403627294058205965e+00
9.606972299192837461e-01,-5.043211474705046049e-01,-4.179501415928457003e-02,9.233365499966321721e+00,4.407388028577696737e+00,1.942506923444999956e+01,9.583382345173561134e-01
9.905430445118771354e-01,4.381239669895017341e-01,6.802755073709312872e-02,1.144258348945017900e+01,4.801349144922256507e+00,2.305295361144568744e+01,1.677866325453256924e-01
9.593960516407218364e-01,-5.004446277472943683e-01,-6.241486817464184100e-02,8.737676532458108269e+00,4.314298145258256945e+00,1.861316848617883224e+01,1.137815421262618587e+00
5.669665023553520644e-01,1.839176462062380724e-01,2.364186674239797739e-02,1.550274313095072465e+00,2.224156329440335700e+00,4.946871377789507918e+00,1.846322751599362544e+00
8.624595694496730580e-01,4.831728728348154700e-01,1.494720600302758828e-01,1.715210218544512344e+01,6.230179324671165197e+00,3.881513441756005278e+01,4.510930046669806792e+00
3.103264046033883394e-01,1.154677206533283318e-03,-2.803806464873324911e-02,2.222177965696079838e+00,4.168195194314439966e+00,1.737385117790599054e+01,1.292949524651382909e+01
4.329952058716779462e-03,1.062389091829651910e-03,-6.896697284875895470e-04,4.301138738716612370e-02,4.087613777226297707e+00,1.670858639177024330e+01,1.662256361699590812e+01
6.912694989469949647e-01,5.066048677018950563e-01,8.214344396083050198e-03,1.170054786817509074e+00,1.880322257096609828e+00,3.535611790532889653e+00,1.195502216897871506e+00
9.711953559182617823e-01,-8.138796645702092158e-01,-8.813671759918446230e-03,5.050167334487622561e+00,3.213244170248829246e+00,1.032493809763808734e+01,2.246034286628402765e-01
2.319677024616416672e-01,-3.848864612630537030e-02,-3.646865201225626962e-02,1.754456189929704646e+00,4.067197055363914515e+00,1.654209188716089685e+01,1.303317950730148844e+01
7.808800726281067695e-01,3.876665229406969226e-01,1.719990215729785554e-01,6.688382817945918823e+00,4.295683107166762937e+00,1.845289335719789747e+01,5.076127721306058938e+00
6.790534111465884592e-01,-1.312541026082169604e-01,-3.949020865366505845e-02,3.961850314144844898e+00,3.480839337216431684e+00,1.211624249151332755e+01,4.192541863223636867e+00
8.988601007670052878e-01,7.041791256706066982e-01,-1.720593750501309832e-02,4.580202960114501565e+00,3.196472750310376920e+00,1.021743804347678619e+01,1.057032123247784172e+00
8.298376298727349054e-01,4.453892404018346962e-01,1.924305447252779369e-02,6.726264913348691366e+00,4.067961852483452212e+00,1.654831363326060156e+01,3.095783806563218832e+00
6.831657484208256692e-01,3.345371002725256449e-01,5.044583249591068352e-02,1.733602966658378985e+00,2.257246801484507071e+00,5.095163122812037315e+00,1.627957189495279344e+00
7.014081597388005518e-01,-2.799320708225468968e-01,8.815348939293856864e-03,3.182106300132757859e+00,2.918133011408239330e+00,8.515500272270518423e+00,2.151287672005002705e+00
9.276522855665035872e-01,1.931774393563668313e-01,4.162095762531741600e-02,9.736911949821783097e+00,4.567568538327429373e+00,2.086268235231857204e+01,1.388858452675004296e+00
