trH,D,Q,V,sigma,W,C
9.964202349055658603e-01,-2.180323331405770171e-02,-1.111722735796534371e-04,7.042881723290707677e-03,8.035707670338864128e-01,6.457259776314284716e-01,6.316402141848469487e-01
9.920853216967456811e-01,1.808113233283414889e-02,5.716422546626917858e-04,3.245910823096218034e-02,2.931100527827284807e+00,8.591350304229388612e+00,8.526432087767462420e+00
9.886885721278587669e-01,-4.645108765069030921e-02,1.241157037937547312e-03,3.542284942179745044e-02,2.402478824375967825e+00,5.771904501574931956e+00,5.701058802731336250e+00
9.964199366919702650e-01,-8.170819149293852626e-03,-5.417002471765400127e-05,1.584690198230644456e-02,1.598291945369302303e+00,2.554537142632388846e+00,2.522843338667775992e+00
9.982701625645272747e-01,-5.196850300369360021e-02,3.356067654273603407e-04,4.116652599302435267e-02,2.070763067353205145e+00,4.288059681114055444e+00,4.205726629128006877e+00
9.703930893916431488e-01,-6.639273110057741789e-03,2.453839238900777826e-04,4.549278817913336714e-02,1.785053034938869798e+00,3.186414337544469788e+00,3.095428761186203026e+00
9.608228381889392100e-01,5.205163453287893829e-03,5.081608683302760773e-04,1.817432865815116205e-02,1.412192147261820185e+00,1.994286660787950138e+00,1.957938003471647814e+00
9.827553964801586384e-01,-8.491262195330595564e-02,2.477441540617708084e-03,2.034163488121063651e-02,1.713468311200940120e+00,2.935973653489801549e+00,2.895290383727380235e+00
9.749425115172619671e-01,-1.196906144525612392e-01,3.710012176882722824e-04,4.279825777943704196e-02,2.517888058370784332e+00,6.339760274486197389e+00,6.254163758927323791e+00
8.977381584131971515e-03,-2.453926871409475297e-01,1.829474452388203220e-04,6.563782353770229901e-04,1.214435487851130091e+01,1.474853554152212496e+02,1.474840426587505249e+02
9.286779853159061737e-01,-1.346979950126723224e-01,1.451132588667025658e-03,3.044934067531279709e-02,2.755813921115641829e+00,7.594510367814769403e+00,7.533611686464143808e+00
1.613154411796580145e-02,-6.428416472206208709e-01,3.022180052798170420e-04,1.730716326883632557e-03,1.438170081819561830e+01,2.068333184240885032e+02,2.068298569914347809e+02
9.749246065721156596e-01,-5.934896410357212021e-03,-3.963899083709145955e-04,3.309692028357262561e-02,2.680316593435595252e+00,7.184097041046193510e+00,7.117903200479048564e+00
9.075722013623499507e-02,9.019625071368941871e-03,7.585901438397392319e-04,4.748925099265925535e-03,2.035291009091984904e+00,4.142409491690669299e+00,4.132911641492137633e+00
1.123490512232150351e-02,4.623871745323970828e-04,2.010966403547468829e-05,4.001435376038232146e-04,5.800951935879093746e+00,3.365104336237940430e+01,3.365024307530419634e+01
8.266779768404552975e-02,-2.049545116341562334e-01,5.526304073218431647e-04,2.642616612701985043e-03,2.601924862956054962e+00,6.770012992468886104e+00,6.764727759243482019e+00
8.566543983429162346e-01,2.958793161917960823e-02,4.356795796121635633e-04,8.286274565886314961e-03,1.285884494408356504e+00,1.653498932959834855e+00,1.636926383828062104e+00
9.938092389764605628e-01,1.144085090594881837e-01,1.366411283429857810e-03,2.292622168806800545e-02,2.085374055199555432e+00,4.348784950099439328e+00,4.302932506723303518e+00
9.694871914234177712e-01,-1.381103189646554208e-02,2.345001884039961881e-04,3.076228517767397655e-02,1.815372882811649102e+00,3.295578703647877195e+00,3.234054133292529443e+00
9.747093860177533653e-01,-1.172110088908071973e-01,8.542275404022592290e-04,5.084902002660091763e-02,1.847484171905728445e+00,3.413197765442194775e+00,3.311499725388992843e+00
9.557780314459154436e-01,-2.488801171020693648e-02,4.201488966013971690e-03,1.684191920447269258e-02,1.941538702456046206e+00,3.769572533134707193e+00,3.735888694725761905e+00
7.258556599952945554e-01,-5.925664068077945990e-02,3.320199369263847605e-03,2.910152311474147394e-02,3.079726517552963561e+00,9.484715422918903016e+00,9.426512376689419881e+00
9.116211894453791764e-01,-6.607046532497506952e-02,6.550049141225431151e-04,2.755456723513025064e-02,2.818297652753549709e+00,7.942801659516168122e+00,7.887692525045907566e+00
9.665467387091927209e-01,-1.243166648590044582e-01,3.114989271271369816e-03,4.771879566725604344e-02,2.034876709688894447e+00,4.140723223634301675e+00,4.045285632299790102e+00
9.014362221011830156e-01,-6.463521038027109089e-02,2.011724699155555823e-03,1.197812227275274824e-02,1.262544210101684827e+00,1.594017882461287394e+00,1.570061637915781905e+00
8.406141873068521120e-01,3.227262989091815581e-02,1.419523573223013336e-03,1.014569406956193978e-02,1.571811886718609275e+00,2.470592607229914250e+00,2.450301219090790461e+00
8.223909585402809919e-01,-5.055757502690327865e-03,5.802056945193634395e-04,1.017934892567303774e-02,1.593943695836223196e+00,2.540656505496038164e+00,2.520297807644692245e+00
9.327242695153948882e-01,-2.191902894495426080e-02,9.322437768079335418e-04,1.621792050548938671e-02,1.526030635577808825e+00,2.328769500722011276e+00,2.296333659711032649e+00
9.921747751122288461e-01,-9.684552364831122695e-02,1.872315750434367689e-03,2.635350734603256195e-02,2.368559368123353881e+00,5.610073480324901496e+00,5.557366465632836317e+00
8.560810093083487393e-01,-1.370860997755531940e-01,-2.799866500735961961e-05,3.870379914850774483e-02,1.933796274204499399e+00,3.739568030127203180e+00,3.662160431830187690e+00
9.975523484030521804e-01,-2.501369273366349510e-02,8.836946401907403445e-04,3.465543622081616870e-02,1.714158413526387426e+00,2.938339066663301580e+00,2.869028194221669104e+00
9.976022547804059837e-01,-2.091949981103661260e-01,9.245928382862504333e-03,4.966720527933879414e-02,2.559872039713952940e+00,6.552944859709273651e+00,6.453610449150596118e+00
9.887968391025085957e-01,-2.495441749605964432e-01,1.517149205079085413e-03,4.404958452009308245e-02,3.807767436769905256e+00,1.449909285252525315e+01,1.441099368348506715e+01
6.776505144812010606e-01,2.935849120793932940e-02,-2.101963675893392077e-04,4.625658222292682725e-02,2.171090968231029095e+00,4.713635992334347158e+00,4.621122827888493489e+00
5.401427955708012485e-01,-3.148598100919164366e-02,2.423979534424869093e-03,2.598972676576104604e-02,2.301800874743569203e+00,5.298287266970259424e+00,5.246307813438737533e+00
9.211303682484783817e-01,-2.209285249269232754e-02,1.529392471309105103e-04,1.379800120802496949e-02,1.763286569876474363e+00,3.109179527506742868e+00,3.081583525090692888e+00
9.922441955487995013e-01,1.226732156780283578e-01,1.349873180473519290e-03,2.077732000006605323e-02,1.836397120279621875e+00,3.372354383371288122e+00,3.330799743371156030e+00
7.829562871449390338e-01,-9.485729898257022619e-04,4.165545357364131007e-04,1.878313775622864057e-02,2.069003786392394684e+00,4.280776668106066829e+00,4.243210392593609548e+00
9.809805652054877090e-01,-1.615218244254168142e-02,1.301768789459522516e-03,1.454944673669612484e-02,2.184148834288536900e+00,4.770506130323974858e+00,4.741407236850582407e+00
9.965262284495144396e-01,-1.310791871514838114e-02,3.151263946779791461e-04,1.799633584817264889e-02,1.661860257076490432e+00,2.761779514050338946e+00,2.725786842353993933e+00
9.434030312603089996e-01,-1.712728226398537723e-01,7.297702478173383363e-03,6.298458387747843390e-02,2.616289942393952295e+00,6.844973062671750874e+00,6.719003894916793840e+00
9.763957228768330721e-01,5.744115130441596051e-02,3.618498626903321729e-03,2.913296857659765024e-02,1.919452467079952429e+00,3.684297773379315633e+00,3.626031836226120131e+00
8.203994677075822084e-01,-1.571820242067456519e-02,5.208341321760949060e-04,8.414638641699646870e-03,1.664317200104338035e+00,2.769951742563143249e+00,2.753122465279743913e+00
8.256415272129890015e-01,-8.120750114680497234e-02,7.657419589637998745e-04,6.385883467831571410e-03,1.588361993420130736e+00,2.522893822141571096e+00,2.510122055205908254e+00
8.866564765539075577e-01,-3.711465227500082564e-02,5.275836569279796591e-04,1.571989518703595726e-02,1.469019217358574547e+00,2.158017460968799206e+00,2.126577670594727465e+00
9.057110324362152021e-01,9.544910798516892392e-02,3.483920003950767065e-04,1.232194955892304371e-02,1.739557069109109122e+00,3.026058796687474128e+00,3.001414897569628426e+00
2.141264684868507961e-01,6.320292089094348142e-03,1.361567622240045239e-04,5.765454307063322403e-03,3.319012147718651828e+00,1.101584163670397665e+01,1.100431072808985000e+01
8.404236968064809910e-01,2.317218979605994295e-02,1.324430441001694936e-03,1.057440731002104624e-02,1.426660556189115692e+00,2.035360342585836868e+00,2.014211527965794613e+00
9.880926653670908388e-01,-1.537833963391441183e-02,1.128907473289803140e-03,2.132316372628013240e-02,1.895600949108376954e+00,3.593302958260579771e+00,3.550656630808019631e+00
2.154133765812504819e-02,2.036707016737082654e-03,2.039347147994352886e-04,6.344231538818145789e-04,1.948388739535434011e+00,3.796218680348477204e+00,3.794949834040713732e+00
5.015708219931520606e-01,8.846669110777694023e-03,-2.128326522813254422e-06,9.116906856555542782e-03,3.201983962155831698e+00,1.025270129390315965e+01,1.023446748019004993e+01
8.077377471740838644e-01,-1.332087440899206582e-02,1.286278784240911977e-04,9.640841034960391173e-03,1.822427463932864367e+00,3.321241861296771347e+00,3.301960179226850478e+00
9.750818712621706075e-01,-5.146505164941445054e-02,3.940104948323921064e-04,1.895878845733340451e-02,1.654649251458709003e+00,2.737864145352866263e+00,2.699946568438199801e+00
9.136021685360777855e-01,1.419131754272773271e-03,-3.523464566838088426e-04,4.303702180236580049e-02,3.036371149410161507e+00,9.219549756970385701e+00,9.133475713365655224e+00
9.547621219526128966e-01,-1.068054385280122753e-01,8.429878272107382874e-04,4.693402548322885698e-02,1.690329629097966579e+00,2.857214255006469195e+00,2.763346204040010967e+00
9.480525635390373296e-01,-8.577145504061500780e-02,5.372584461334574185e-04,2.324692530092835677e-02,1.848610545977593000e+00,3.417360950699574129e+00,3.370867100097717284e+00
3.426539696415378256e-01,8.276682500402254838e-03,9.083165748251824303e-05,1.350245385647148334e-02,2.242797134225671840e+00,5.030138985290886211e+00,5.003134077577942485e+00
9.895667222905223381e-01,4.395357318503637437e-03,3.734867201856368430e-04,1.162468609428460656e-02,1.657915951264788079e+00,2.748685301458227315e+00,2.725435929269657720e+00
9.933198589212138829e-01,4.552206162791450073e-02,4.050636536010956035e-04,2.503753959462135664e-02,1.647899337136649711e+00,2.715572225335409318e+00,2.665497146146166951e+00
8.221971205799493143e-01,1.173202901044323454e-02,2.264337740697983093e-04,9.728280494429234274e-03,1.574010786466506495e+00,2.477509955912910566e+00,2.458053394924052171e+00
9.649381176707817476e-01,-4.862550703879398029e-02,3.403189390727002876e-04,1.685651434448366681e-02,1.400334596336765269e+00,1.960936981697651404e+00,1.927223953008684099e+00
8.662582720594446117e-01,-1.133411129022932062e-02,9.149232637247654365e-04,1.260485520183286454e-02,1.640614643941661122e+00,2.691616409915823738e+00,2.666406699512157807e+00
9.710712777692597220e-01,-5.133870243766047725e-02,9.562208331014538472e-04,1.538732446949717461e-02,1.371157452940844568e+00,1.880072760755224559e+00,1.849298111816230161e+00
5.434267884947143745e-01,1.732172748847182753e-02,-1.462654584528333098e-04,8.651629751778988978e-03,1.751185786846037207e+00,3.066651660051574524e+00,3.049348400548016702e+00
9.328488285554108472e-01,-3.989791712080398289e-02,1.448717924805362201e-04,2.731393307204025428e-02,1.508617639894284101e+00,2.275927183400199727e+00,2.221299317256118844e+00
8.789872717722125861e-01,4.009788224561500192e-02,6.108779089002998710e-05,1.366436891460715529e-02,1.482469474201247861e+00,2.197715741938524037e+00,2.170387004109309181e+00
6.757048205000032448e-01,-1.025165652737300426e-02,4.136494772393911634e-04,8.846559595066345524e-03,1.513146382627072128e+00,2.289611975257393794e+00,2.271918856067261405e+00
9.943273731026263107e-01,5.546686084381591275e-02,5.262335721654525780e-04,2.214392866586552613e-02,1.803059913877621545e+00,3.251025053032376100e+00,3.206737195700644527e+00
9.345967168566056138e-01,-1.233393680418869431e-01,1.501196263872633810e-03,4.226266150041695785e-02,2.258341283689291767e+00,5.100105353615397519e+00,5.015580030614563256e+00
7.805655490508560668e-01,-1.757292385052300343e-02,1.898964679652000642e-04,2.346930599321227565e-02,2.102851686184849633e+00,4.421985214090464744e+00,4.375046602104040616e+00
5.112303087999228168e-01,-3.295456438926364084e-02,5.200482758986234516e-04,5.395769216049403974e-03,1.498208478695304491e+00,2.244628645634498376e+00,2.233837107202399697e+00
8.518021791937336884e-01,-1.682719415640245020e-02,6.576701099805784198e-04,6.795212917874938509e-03,1.695231505119920712e+00,2.873809855951151793e+00,2.860219430115401362e+00
8.990317896590622748e-01,-2.176367241591792290e-02,3.269966988139749731e-05,1.049032143972428166e-02,1.768071844187104391e+00,3.126078046207187988e+00,3.105097403327739425e+00
5.753858788049341921e-01,2.367877723327138639e-04,-3.392221612784736750e-04,1.851789263104776026e-02,3.680306467669717030e+00,1.354465569597155117e+01,1.350761991070945633e+01
5.393370880504453346e-01,4.862180927014914111e-02,1.930526081412778545e-03,2.492467179204558084e-02,3.083523247944909951e+00,9.508115620616727881e+00,9.458266277032636893e+00
8.974501389193361156e-01,-1.474378006063084001e-01,4.074558508535152182e-03,6.663179282210980603e-02,2.454331639301286838e+00,6.023743795675342128e+00,5.890480210031123320e+00
5.616933893526044885e-01,-1.128229814099346306e-02,-2.193323633869750315e-04,1.372099748298346959e-02,3.579954900068075041e+00,1.281607708652142108e+01,1.278863509155545231e+01
5.095441550823995858e-01,1.283359530499561529e-02,6.617534907644860749e-04,7.425662409196827872e-03,2.912034240450294131e+00,8.479943417554922647e+00,8.465092092736529850e+00
7.818372810872922241e-01,4.101679778895195305e-02,1.798258723026381232e-03,2.883953832719235791e-02,2.114326764955829496e+00,4.470377669008582799e+00,4.412698592354198368e+00
8.636887055918140987e-02,1.264512964557762409e-03,-7.412000100966019856e-05,3.737571584942990608e-03,2.513969446780704775e+00,6.320042379346882733e+00,6.312567236176996666e+00
7.056166090235342914e-01,4.685204896657940710e-02,1.376535463413781761e-04,9.611349532615052690e-03,2.030271245098527633e+00,4.122001328673925435e+00,4.102778629608695660e+00
9.963990405139894202e-01,4.904974654236182730e-02,1.760823446275293803e-04,2.951933057062160193e-02,1.731441280562753038e+00,2.997888908036786315e+00,2.938850246895543084e+00
9.977935494160882213e-01,-9.208941944564058568e-02,1.559086564964032317e-04,2.105686319269994139e-02,1.873805701440714788e+00,3.511147806751729217e+00,3.469034080366329320e+00
9.958250649960298517e-01,2.955699479871563007e-01,2.229261402433531120e-03,5.367333496935098452e-02,2.123750138854177294e+00,4.510314652283136994e+00,4.402967982344434539e+00
1.627826421226918896e-02,1.205991618804524990e-03,8.197219890031382905e-05,5.095783816941438539e-04,6.534362673977829772e+00,4.269789555507469458e+01,4.269687639831130355e+01
9.169335538640320804e-01,-3.207497004928372419e-02,6.115618577848384342e-04,2.135236136945332930e-02,4.835077927754213079e+00,2.337797856745597258e+01,2.333527384471706512e+01
8.473088733534411832e-01,8.296994957018472006e-02,3.250143375999248706e-03,1.247882910003752371e-02,2.519093756121430605e+00,6.345833352129978344e+00,6.320875693929903782e+00
8.127993165224163263e-01,-2.244740358972777128e-02,-2.924171025326696401e-04,2.472730285107880080e-02,1.826410987226030125e+00,3.335777094259961828e+00,3.286322488557804622e+00
8.544104101367787640e-01,-3.452762040415141565e-02,9.362271482198262574e-04,9.558215901928856367e-03,1.401852859317074484e+00,1.965191439175457688e+00,1.946075007371599774e+00
9.187916412400519706e-01,1.637990022998658812e-02,9.823104908112578661e-04,1.987394836023776909e-02,1.964920587100284610e+00,3.860912913610527575e+00,3.821165016890052168e+00
7.071730102494993009e-01,2.480580471171944801e-03,3.862783837510665045e-04,8.961662690804100134e-03,1.929710362842758320e+00,3.723782084462729625e+00,3.705858759081121612e+00
4.266804172930749317e-02,1.792791352150935325e-03,5.718907097344626083e-05,1.720658768251742080e-03,2.852846569435049773e+00,8.138733548737333123e+00,8.135292231200828894e+00
2.469717509699265179e-03,1.389124030826138778e-04,9.006920035495391503e-06,6.454263703678788321e-05,9.695689744068046068e+00,9.400639961322629290e+01,9.400627052795222482e+01
7.688141143763811414e-01,1.463316165913841616e-02,7.935809236299966920e-06,2.280313588542404526e-02,2.804208887368841996e+00,7.863587483998398575e+00,7.817981212227549825e+00
8.221158522836208293e-01,1.068953302334588046e-01,3.309189347288329745e-03,1.839212320181068949e-02,1.810057235358348171e+00,3.276307195273106654e+00,3.239522948869484775e+00
9.019986800232394630e-01,3.171503609426817860e-02,3.912323613068709616e-04,2.996576858095891666e-02,1.613079879535123329e+00,2.602026697761048002e+00,2.542095160599130210e+00
5.789119468681751535e-01,4.083939684943671544e-02,4.324689287906674978e-05,6.265255311695506167e-03,2.386791003548061063e+00,5.696771294617959391e+00,5.684240783994568780e+00
9.475251429085175259e-01,-5.944847039130030097e-02,8.166463922918778835e-04,1.259754581265567185e-02,1.930353089637220076e+00,3.726263050671961174e+00,3.701067959046649314e+00
9.855625941666507073e-01,7.940707552387515911e-03,9.208510006897263622e-04,1.238172271566773119e-02,1.127186812504404445e+00,1.270550110283839240e+00,1.245786664852504000e+00
9.962215062176478231e-01,5.768878354447237733e-02,1.473126053281941742e-04,1.722037089434080154e-02,1.513371643631255870e+00,2.290293731747169215e+00,2.255852989958487154e+00
9.980692897912838424e-01,4.022424931848513074e-02,1.771284991253372059e-03,4.182051032195007595e-02,2.051175439810418943e+00,4.207320684881466377e+00,4.123679664237566378e+00
7.840410366299732647e-01,2.772807502290763892e-02,1.203468999235355339e-03,2.348273678441497106e-02,1.899512472279538233e+00,3.608147632345523714e+00,3.561182158776693640e+00
9.926520329474926019e-01,5.571672733714728293e-02,2.837408460616325820e-04,3.168950819457207191e-02,1.796374845755524863e+00,3.226962586463185456e+00,3.163583570074041340e+00
7.084058463880598122e-01,4.430386768124117136e-02,2.552408394479211383e-03,2.254417315729553145e-02,2.110445924995203004e+00,4.453982002328857881e+00,4.408893656014267748e+00
9.482907885672776649e-01,-9.078816528016209197e-02,1.635072847689041575e-03,1.929148310801087965e-02,2.180154203126367207e+00,4.753072349409564801e+00,4.714489383193543048e+00
9.916150699148549297e-01,-8.049564877502909943e-02,1.272440299442691245e-03,2.281477846242456475e-02,1.773867592433423734e+00,3.146606235485551295e+00,3.100976678560702027e+00
9.107420594062828334e-01,-1.454209287526254668e-01,5.522219671549694411e-03,4.000070609299228447e-02,2.061984564566866851e+00,4.251780344512011922e+00,4.171778932326026812e+00
9.968543443236598245e-01,-5.101970398389538142e-02,1.159453667532103337e-03,3.354510941828527104e-02,1.716646907184764537e+00,2.946876603947017337e+00,2.879786385110446822e+00
9.347666335681595884e-01,-9.747677506230933986e-02,2.082628422284041499e-03,3.408208194054748730e-02,2.106637344729808348e+00,4.437920902210257701e+00,4.369756738329162893e+00
9.234929107449402208e-01,-2.460540014331380476e-03,1.461740760863307689e-03,2.389371158937774950e-02,1.596196306884033023e+00,2.547842650110226259e+00,2.500055226931470642e+00
8.923153611981269329e-01,-2.944147381912354255e-02,4.704374867331189607e-04,2.150795581224187666e-02,1.911512070513923689e+00,3.653878395720427275e+00,3.610862484095943792e+00
9.957608801082991068e-01,-7.043581671730081428e-03,-5.679806899365757999e-04,5.432369602715469981e-02,1.496510121622117939e+00,2.239542544117446354e+00,2.130895152063136955e+00
3.058185326426888784e-01,1.284637487569932623e-02,4.373238428480460635e-04,8.156119665220075074e-03,1.910227048156496243e+00,3.648967375508680888e+00,3.632655136178240873e+00
9.596975213412684003e-01,5.659818179605680122e-02,2.987050723933993256e-03,1.918592550926703083e-02,1.399933388909841314e+00,1.959813493384592986e+00,1.921441642366058744e+00
9.323702032950247354e-01,-8.117204096704683236e-02,6.527642703010406132e-03,3.800051274042428456e-02,2.250098044259238872e+00,5.062941208779251134e+00,4.986940183298402829e+00
9.628725189227028691e-01,1.091652419237157390e-03,6.990563621300041348e-04,4.551711764957751261e-02,1.431570020001970756e+00,2.049392722168442926e+00,1.958358486869287818e+00
9.474841451003467308e-01,9.417507011978920595e-02,2.587847151307643388e-03,6.099333565760713810e-02,3.230022233565265743e+00,1.043304362932594920e+01,1.031105695801073630e+01
9.691217223078869569e-01,4.581752601440358674e-02,6.044028439105080756e-04,2.722209948987041467e-02,2.919743541174061097e+00,8.524902346227646532e+00,8.470458147247905245e+00
9.045153070099283266e-01,-3.632098222984347924e-02,1.528119731499656242e-04,1.047926201717210015e-02,1.392626671060217536e+00,1.939409044948263494e+00,1.918450520913919322e+00
5.830078314221215363e-01,7.261856250363260545e-02,1.087461089417302490e-04,5.466383731349118424e-03,2.189811705574634892e+00,4.795275305871690819e+00,4.784342538408992596e+00
9.947662133395663853e-01,-1.344166357556311753e-02,1.419526058114805830e-04,9.678918132545876948e-03,1.680566008776364972e+00,2.824302109854520904e+00,2.804944273589429660e+00
9.941812499483689836e-01,6.047396391563375495e-03,3.353591082044159936e-04,1.197846615144910511e-02,1.701577821451656369e+00,2.895367082456165253e+00,2.871410150153267171e+00
9.960108088634634926e-01,-1.017987158989144270e-01,-5.853762641647432762e-05,1.787615198284906240e-02,1.701987724242084665e+00,2.896762213470750691e+00,2.861009909505052295e+00
7.189075611384168063e-01,6.208159200005169964e-04,5.225397767352273851e-04,1.093001537402193274e-02,2.610179966672844021e+00,6.813039458420249161e+00,6.791179427672205726e+00
9.943214117677621200e-01,2.971931660518845053e-03,7.234486135126826220e-05,7.915887605488171677e-03,1.650475844108097556e+00,2.724070511984337362e+00,2.708238736773360689e+00
9.980383378304947817e-01,-4.770639456904701703e-04,1.479567719377674554e-04,1.467302859928135313e-02,1.661834026326103109e+00,2.761692331055227267e+00,2.732346273856664620e+00
8.827440134148637485e-01,-4.296016396288115935e-02,1.524699267435069118e-03,6.659555327184682461e-02,2.331669628456062515e+00,5.436683256264432273e+00,5.303492149720739235e+00
8.858081319674785403e-01,2.051984776336246430e-02,2.248256766496630073e-04,1.855030727597767673e-02,1.939592612351629608e+00,3.762019501889018791e+00,3.724918887337063111e+00
9.060702993156115603e-01,1.533909213684275796e-02,3.702218407073982879e-04,8.999209525532179607e-03,1.699132110732100021e+00,2.887049929720921781e+00,2.869051510669857308e+00
9.062494720944541671e-01,1.847247824479536504e-03,1.878737203259186724e-04,1.035195416958278533e-02,1.539113050077697942e+00,2.368868980919474510e+00,2.348165072580308710e+00
9.218796204136039396e-01,3.953606612810656173e-02,3.840097624122378777e-04,1.552307724568615863e-02,1.615223321005875068e+00,2.608946376721248406e+00,2.577900222229875915e+00
5.803593813326499706e-01,5.814712409154590422e-02,9.373624836905901456e-04,9.293901503162555269e-03,1.899598636104948612e+00,3.608474978291780655e+00,3.589887175285455534e+00
6.808660911781720948e-01,6.349770795475551122e-03,1.851342624289753806e-04,6.241831530030185309e-03,2.064200539385031785e+00,4.260923866797456938e+00,4.248440203737397169e+00
9.660219685264114231e-01,-8.036230806283210792e-02,6.195697021145716047e-04,2.119246101894040751e-02,1.498602024571327851e+00,2.245808028049282701e+00,2.203423106011401789e+00
9.490069715734646971e-01,-8.995784476200729962e-02,2.605092537074960610e-04,1.713051611342905275e-02,1.515224903813444879e+00,2.295906509136463214e+00,2.261645476909605268e+00
9.596530724977283544e-01,-1.082416370052172172e-02,2.977430903812671066e-03,3.031713429461288176e-02,1.823035186990586531e+00,3.323457293005802615e+00,3.262823024416576789e+00
8.645470181759805639e-01,-4.699139961773368679e-02,1.995478461223649299e-03,1.763530230876993524e-02,1.979124434906821772e+00,3.916933528845246926e+00,3.881662924227706757e+00
8.866058994425033424e-01,-1.263945728812931879e-02,1.327055565708977925e-04,9.950336914496494753e-03,1.331448329088105176e+00,1.772754653031507255e+00,1.752853979202514179e+00
9.911140790323061944e-01,-1.050113078635138419e-02,1.161543568702248395e-03,2.346953694271446469e-02,1.212075360508540145e+00,1.469126679551907788e+00,1.422187605666478838e+00
9.893759617312121168e-01,-5.023311845380380725e-02,-3.572695923636757273e-05,3.176196510251826782e-02,1.892709282684199579e+00,3.582348428758937331e+00,3.518824498553900781e+00
9.756240083253736595e-01,1.368536637838594916e-01,1.826477555985449698e-03,2.899899155031956596e-02,1.905408291272016941e+00,3.630580756448147373e+00,3.572582773347508400e+00
9.672623073397220717e-01,9.170301107057197976e-02,2.122766660112579938e-03,1.793519018522615055e-02,1.608302689393077856e+00,2.586637540709007421e+00,2.550767160338554884e+00
9.419096270173531460e-01,7.634844855140221487e-02,9.435295701050101010e-04,1.481270020605563592e-02,1.426493427624104360e+00,2.034883499054765732e+00,2.005258098642654474e+00
9.849366405431873028e-01,1.060688444142819653e-01,4.998118333697787463e-04,3.817940253513641552e-02,1.604359216078991013e+00,2.573968494217594660e+00,2.497609689147321621e+00
9.334870465624645064e-01,3.541153896734702822e-02,2.637175080189622478e-04,1.328423486407819855e-02,1.586680614212655271e+00,2.517555371518249263e+00,2.490986901790092745e+00
7.914482638656054059e-01,-4.987056150794436093e-03,4.890782362650512470e-04,1.153467887388475062e-02,1.742227663223361533e+00,3.035357230500734804e+00,3.012287872752965168e+00
9.597811225252161904e-01,1.580072066123305863e-02,-9.038011399258879088e-05,2.198605857588791651e-02,1.671653591488170276e+00,2.794425729935298364e+00,2.750453612783522406e+00
5.922127868602844458e-01,2.667485610645011634e-02,-2.264319003029012956e-04,1.357420150204656506e-02,2.627723390639327139e+00,6.904930217713040719e+00,6.877781814708948005e+00
5.391920947045203416e-01,5.314339581747845598e-03,1.800860310968101685e-04,6.755889998519564940e-03,1.773999988230528846e+00,3.147075958241916105e+00,3.133564178244876874e+00
6.002043448478480148e-01,-1.715292031918448645e-02,6.038411243913199790e-04,1.956069488463258593e-02,1.587449853175412429e+00,2.519997036346638630e+00,2.480875646577373583e+00
9.267446664777720944e-01,-7.946170561888382666e-02,1.777405945243738881e-03,4.826995540043914346e-02,1.817044292021095409e+00,3.301649959166443882e+00,3.205110048365566122e+00
3.811596559465745271e-01,1.657915065190436466e-02,5.165650577057852169e-04,4.184401988398224297e-03,1.482867379580909972e+00,2.198895665425154800e+00,2.190526861448358620e+00
9.252916074970307658e-01,9.452810960327007184e-02,2.340267229577747479e-03,1.866396675794541188e-02,2.030052401466328149e+00,4.121112752699206183e+00,4.083784819183315484e+00
8.913468001625474146e-01,1.889548203881569188e-03,-1.282550212709384791e-05,1.521438054948763205e-02,1.938894617660304132e+00,3.759312338392096553e+00,3.728883577293121032e+00
9.393437150612303776e-01,1.356504903717625776e-02,6.824619923781381986e-04,2.498338322021382771e-02,1.802410919709612536e+00,3.248685123488451065e+00,3.198718357048023542e+00
9.983043556654240813e-01,-6.276086205629122228e-02,1.969420997352444060e-03,4.829871584033782611e-02,1.697451962553376825e+00,2.881343165176310617e+00,2.784745733495634923e+00
7.321549760580248201e-02,6.481436367896109552e-03,4.188676139722728297e-04,6.449451807131390511e-03,4.486797548429819038e+00,2.013135224059583450e+01,2.011845333698157035e+01
6.005046783346124073e-03,3.721001385459388189e-04,2.235791637093048151e-05,2.023507593314148427e-04,9.488319286881104375e+00,9.002820288979994245e+01,9.002779818828128100e+01
9.675138462597852040e-01,-2.179152986284330629e-01,5.752798273394569726e-04,5.452627021053318979e-02,2.031680394375576348e+00,4.127725224890096634e+00,4.018672684469030365e+00
1.429637490685164991e-02,8.588588337264113637e-04,4.557910337608446521e-05,7.381843222756999607e-04,8.536967209708535620e+00,7.287980913963875196e+01,7.287833277099420570e+01
5.074648845049933854e-03,7.771477093376777390e-05,-1.312919772842743467e-06,1.474747136586666992e-04,1.029575944163210011e+01,1.060026624799565269e+02,1.060023675305292130e+02
9.393063870628639567e-01,3.692281771232153176e-03,2.009483634218729459e-03,6.709007041142044103e-02,5.509952567109088761e+00,3.035957729179203568e+01,3.022539715096920077e+01
9.091244821157982159e-01,-7.232727882729705904e-02,9.147322761709261035e-03,3.294856031260463142e-02,2.050847931962158643e+00,4.205977240033462294e+00,4.140080119408252379e+00
9.316897455477507473e-01,-1.038882201350099788e-01,3.465766578749583313e-03,5.109580517689066292e-02,2.604974657161421181e+00,6.785892964453263509e+00,6.683701354099481406e+00
9.146801510650464095e-01,-2.852604323758119176e-03,1.272133861504900132e-03,1.596138925232052155e-02,1.650403984068656627e+00,2.723833310629694804e+00,2.691910532125053823e+00
8.648243569027945776e-01,1.072916978619969930e-02,5.141054368295863361e-04,8.104009334696045744e-03,1.736124009103819033e+00,3.014126574986717877e+00,2.997918556317325400e+00
8.782218673474138093e-01,-7.359924069700284066e-04,6.939234892360808093e-05,1.196251589860281538e-02,2.147377580211103254e+00,4.611230471993292390e+00,4.587305440196087325e+00
8.551008496458614161e-01,2.606742910728476748e-02,3.062773408907367356e-04,1.402708683450725261e-02,1.760371990991394853e+00,3.098909546667007575e+00,3.070855372997993715e+00
1.457405338641936110e-01,4.061489453912603409e-03,1.599055387462300359e-04,2.210249537398567554e-03,2.939026659841419420e+00,8.637877707258610371e+00,8.633457208183813236e+00
9.918638237300919647e-01,-1.156140867721126841e-02,2.601031101122090912e-04,7.572715460035961410e-03,1.744876444013840455e+00,3.044593804874384801e+00,3.029448373954312768e+00
9.980676784726090212e-01,4.024500623713345160e-02,2.208388419970948790e-04,1.391990873863856518e-02,1.457170572273860154e+00,2.123346076700928897e+00,2.095506259223652190e+00
2.281307144461441894e-02,1.236411128421321948e-04,-2.642915530944974626e-05,1.182539443836140179e-03,5.447971877336527768e+00,2.968039757624968900e+01,2.967803249736201465e+01
2.682287029983410065e-03,1.143707007806860076e-04,5.055832920377159982e-06,5.704214632190439524e-05,7.367577857246366158e+00,5.428120348258695316e+01,5.428108939829430568e+01
8.782363774077086571e-01,1.687369967305052398e-02,6.187267753025277968e-04,1.862908964485541011e-02,1.982954394682619803e+00,3.932108131391114814e+00,3.894849952101403723e+00
9.516867371117577745e-01,3.512172797825144355e-02,1.017975259611919592e-03,2.986996261503990779e-02,1.527943552752330625e+00,2.334611500397413941e+00,2.274871575167334292e+00
6.618674981688785763e-01,4.921943472929954377e-02,2.170330262293833508e-04,1.533661390641555440e-02,2.087297536154709920e+00,4.356811004437521895e+00,4.326137776624690012e+00
8.743185928426431275e-01,-9.584846944085928522e-03,-5.023071972224162551e-04,3.621072025694491159e-02,2.064502934926781830e+00,4.262172368321296645e+00,4.189750927807406988e+00
9.971619449219591980e-01,-2.559686752163049112e-02,2.507565441273026051e-04,2.064290639799661042e-02,1.674188093742308592e+00,2.802905773228504760e+00,2.761619960432511789e+00
3.294152233079072900e-02,3.204693816198478373e-03,2.713703211633577343e-04,3.143597553491093381e-03,8.158293053097789738e+00,6.655774554022366374e+01,6.655145834511668568e+01
3.855582274368996032e-03,8.911981214065889390e-05,2.690635898055175416e-06,8.557649147270063946e-05,6.613990333144818656e+00,4.374486812693310611e+01,4.374469697395015544e+01
7.570377959748619823e-01,1.053809651683668136e-03,1.999378512901350304e-03,2.736702394664478760e-02,3.036947606262224486e+00,9.223050763181854350e+00,9.168316715288563401e+00
9.706363002776007276e-01,1.076960815097814939e-01,3.262470314795895034e-03,2.171711220190173514e-02,1.697165922083885059e+00,2.880372167082843937e+00,2.836937942679040869e+00
9.976814107087502714e-01,8.504242105423065468e-02,1.928771700862997706e-04,1.597138287382772470e-02,1.855835104735343188e+00,3.444123935968042449e+00,3.412181170220387028e+00
4.319881864095420632e-02,7.219466232109006398e-03,1.177837389592138653e-03,6.424695193301533866e-03,7.771142187074555174e+00,6.039065089172990497e+01,6.037780150134330626e+01
6.547438685372108935e-03,-1.129383103939396449e-04,-3.574080474044011314e-06,2.600712003235853675e-04,8.866119650703105037e+00,7.860807766058375989e+01,7.860755751818311410e+01
5.564961518921736072e-01,1.634701657970660804e-01,9.560826020372616488e-03,7.770732241679510419e-03,4.300468441335483227e+00,1.849402881492244077e+01,1.847848735043908164e+01
9.796555025985632659e-01,-4.725323107991141747e-02,3.633965405506022059e-04,8.567103074608301699e-03,2.158178091182922476e+00,4.657732673261963718e+00,4.640598467112746484e+00
9.820922315546525283e-01,6.066282476045475880e-02,-1.433556541548799349e-04,3.003391535468610818e-02,2.887915044801773856e+00,8.340053305992432442e+00,8.279985475283062613e+00
9.507289976764450312e-01,-1.174053449109124792e-02,5.701351270149633685e-04,4.271102090022851211e-02,2.299889312498571758e+00,5.289490849745153156e+00,5.204068807944696395e+00
9.743425235412762619e-01,-1.883459599234860171e-02,5.517417627407682386e-04,1.013207101413236833e-02,1.991042038321585661e+00,3.964248398363774406e+00,3.943984256335510086e+00
9.801320009003998690e-01,-5.434551912367746596e-03,7.911550583880481990e-03,6.750779862544954713e-02,4.232873590307460354e+00,1.791721883152237282e+01,1.778220323427147420e+01
9.877685654476553445e-03,1.074557874286341530e-03,1.271827503229917974e-04,5.610497365567777969e-04,1.676213013234126592e+01,2.809690065735430267e+02,2.809678844740698764e+02
1.001218978096474199e-02,-2.215448067675040988e-04,5.524099228342867428e-06,3.031250134041657530e-04,9.112176855211096438e+00,8.303176704064478031e+01,8.303116079061797450e+01
5.055751946627927707e-01,4.609899093996538966e-02,1.866378946737489537e-03,7.292984608916009380e-03,3.914506201224605242e+00,1.532335879942588974e+01,1.530877283020805812e+01
9.884243634842274639e-01,-3.078446681542953978e-02,3.364296571692107192e-04,8.790182247339151447e-03,1.705744437117526102e+00,2.909564084757385594e+00,2.891983720262707003e+00
9.973942669578842457e-01,-1.479069645037145442e-02,7.801168451887389521e-04,2.033619381524965838e-02,2.632807522513346488e+00,6.931675450602865496e+00,6.891003062972366422e+00
8.192973374051495394e-01,-5.627395272479729371e-02,2.477409453175062441e-03,3.029907543363666647e-02,2.325133885422765445e+00,5.406247585141165324e+00,5.345649434273892275e+00
9.957133895152051606e-01,3.392003547494359950e-03,6.669160548076991058e-04,9.205445990417315469e-03,1.533751833180188040e+00,2.352394685783587569e+00,2.333983793802753226e+00
9.980600008093744036e-01,-1.089442211628011137e-02,1.045103249778498800e-03,1.162499250341105829e-02,1.527884121744975010e+00,2.334429889480413856e+00,2.311179904473591673e+00
8.878770861430275163e-01,4.083826304712106364e-02,1.232949951770592571e-03,2.947881950343866561e-02,1.498810384791934958e+00,2.246432569560147918e+00,2.187474930553270802e+00
8.134322286324124907e-01,1.018953838050917771e-02,6.316841988010112215e-04,8.662202078625322321e-03,1.083607970776480744e+00,1.174206234330322118e+00,1.156881830173071446e+00
8.966125240630749005e-01,8.279605227646896770e-02,1.880510085501038275e-03,4.232570974814399423e-02,2.137835971701885995e+00,4.570342641902546355e+00,4.485691222406257950e+00
3.104855973780945577e-01,-2.152969732749254739e-01,5.224701441250835347e-04,1.979894187852028475e-02,3.776008205138084328e+00,1.425823796527013698e+01,1.421864008151309733e+01
9.400880953889274583e-01,8.672984784185888696e-02,1.759674165962239962e-03,1.897867654782658259e-02,1.717374379261305872e+00,2.949374758543155561e+00,2.911417405447501938e+00
8.050595544598518893e-01,-1.023844845910292234e-01,1.653235935843111199e-03,1.641848437949177189e-02,2.064605241493402854e+00,4.262594803202032878e+00,4.229757834443048203e+00
7.925902943394638189e-01,3.256986588489246826e-02,2.112645162598820493e-03,1.198335446003892350e-02,1.872596209004872003e+00,3.506616561979418289e+00,3.482649853059340384e+00
2.182333801554880992e-02,1.586448522439276587e-03,8.864879749920408095e-05,1.376325064951387442e-03,6.330405349922934910e+00,4.007403189433291857e+01,4.007127924420301923e+01
3.457876230574807863e-03,7.034431558894382874e-05,1.518776766000618936e-06,9.593810473930833359e-05,9.682822631913438727e+00,9.375705412109508075e+01,9.375686224488561038e+01
9.261948649887199458e-01,-2.533763862894877761e-02,3.242525762929231951e-03,3.468241046305069186e-02,1.829468183245404944e+00,3.346953833507242848e+00,3.277589012581141770e+00
6.468871747734386002e-01,-2.124658190916228762e-05,1.692597782405531100e-04,8.779473185166926374e-03,2.407118224933432860e+00,5.794218148806679736e+00,5.776659202436346341e+00
9.910274833305867670e-01,-3.741415810300741107e-02,7.596762034631526122e-04,1.562847919927581528e-02,1.458564670763598414e+00,2.127410898799724226e+00,2.096153940401172644e+00
1.130321846205856184e-01,1.076533430072168507e-02,9.139741129453521958e-04,5.536778066748355986e-03,3.687576195856069106e+00,1.359821820024431815e+01,1.358714464411082012e+01
6.117225875384435518e-03,2.081138963818673915e-04,8.801769383473634307e-06,1.000177800945827500e-04,6.536391610601537394e+00,4.272441528714215764e+01,4.272421525158196687e+01
8.054248083145884030e-01,-7.867388173469880286e-03,-1.657234250213346675e-04,3.618356907986101240e-02,4.746031799766813997e+00,2.252481784439782331e+01,2.245245070623810335e+01
7.555772309331297842e-01,-1.485982798550966599e-02,4.519947563720209472e-04,8.513030259431519225e-03,1.940835435405575904e+00,3.766842187325951663e+00,3.749816126807088423e+00
9.808039394868771632e-01,7.310322120044804306e-02,8.042958224917410659e-04,1.982058334550486009e-02,1.684981544499653650e+00,2.839162805304438653e+00,2.799521638613428731e+00
9.656585382986359045e-01,-1.847669021575604198e-01,4.854108159938868780e-03,4.161698189995437919e-02,3.263785793432394833e+00,1.065229770541112764e+01,1.056906374161121853e+01
4.771840663090086698e-01,1.583461096976890303e-02,-3.331762778419862254e-03,1.303552756754241815e-01,6.099645692128592422e+00,3.720567756950289606e+01,3.694496701815204887e+01
1.746492383272235660e-02,3.426474476375673817e-06,-6.413811702818674705e-07,2.564532821550633305e-04,3.267730197154660399e+00,1.067806064139643674e+01,1.067754773483212638e+01
8.545144487998301841e-01,-2.401241570839403039e-01,1.930702315655318359e-03,4.060974588693507664e-02,4.057871474965772940e+00,1.646632090734089715e+01,1.638510141556702848e+01
2.276464285500336970e-01,7.196212540415622416e-03,-1.135625675872208024e-04,1.189937742268499729e-02,3.705646599273131336e+00,1.373181671870452369e+01,1.370801796385915416e+01
9.866354761455056188e-01,-1.738665639894043657e-02,6.594892517504185540e-04,1.509640239486630814e-02,1.287993412259622383e+00,1.658927030024185401e+00,1.628734225234452770e+00
9.747856092728394151e-01,1.196747791029373342e-02,1.763048627521008379e-04,4.202519045352160615e-02,2.870882405033222895e+00,8.241965783529341394e+00,8.157915402622299084e+00
1.552293686155914454e-02,1.890087940718876425e-03,1.984840682610013629e-04,2.801460879328481965e-03,1.291399760345046310e+01,1.667713341019242819e+02,1.667657311801656306e+02
1.007242520795226248e-02,1.244639869125707676e-04,-3.367823208554726517e-07,1.996388083075805657e-04,7.542880845830589820e+00,5.689505145439799350e+01,5.689465217678138487e+01
6.144422319385292042e-01,-9.817062999349746022e-02,2.003760788567082122e-03,1.975078940498901578e-02,4.075592428298620895e+00,1.661045364160505144e+01,1.657095206279507238e+01
8.741704282546999272e-01,5.129047470480330162e-02,6.862205578772309286e-04,1.895100745094027705e-02,2.240786798242035527e+00,5.021125475175792552e+00,4.983223460273912941e+00
8.097119350976073049e-01,3.491899695128508618e-02,-2.317246894153289353e-04,2.307682918236851274e-02,2.054878945219078989e+00,4.222527479504675441e+00,4.176373821139939935e+00
6.110479223986055031e-01,-1.146070300151863508e-02,4.790154220180031786e-05,4.912179546182726675e-03,1.975145795817606853e+00,3.901200914735967196e+00,3.891376555643601520e+00
7.675086053803010788e-01,1.305955088061683256e-02,3.640031938755964084e-04,8.866238795603597136e-03,2.707191222811971443e+00,7.328884316870176718e+00,7.311151839278970499e+00
9.831769494083902883e-01,-5.134753535418511844e-02,3.423249382153067933e-04,1.983913487950348872e-02,1.663497879801042245e+00,2.767225196102562457e+00,2.727546926343555445e+00
9.662611295847326476e-01,-1.086384271169871241e-02,1.959814322596600735e-03,2.127275525252349600e-02,1.666092776204000092e+00,2.775865138919152653e+00,2.733319628414105917e+00
3.858456982968124782e-01,2.212253170321032414e-02,7.108644822175912321e-04,1.013326245596556097e-02,3.269722901299286111e+00,1.069108785128102035e+01,1.067082132636909009e+01
7.892137487503867455e-01,-1.064308683759285223e-02,7.151586205967503664e-05,7.897792071241964418e-03,2.024521190505581103e+00,4.098686050806136016e+00,4.082890466663652518e+00
9.759688553468355288e-01,1.272174710898100747e-01,1.861692442782873812e-03,1.986121713804158209e-02,1.341638987118107362e+00,1.799995171755301104e+00,1.760272737479217975e+00
2.246556085400691627e-01,6.247010308991218785e-03,5.729718203399457126e-05,5.855882511314708209e-03,3.025658485116805352e+00,9.154609268559321222e+00,9.142897503536691062e+00
8.824251129706105479e-01,-1.295067270134325210e-01,1.168717750684179855e-03,1.270041113914653803e-02,1.789803521765880756e+00,3.203396646525549230e+00,3.177995824247255907e+00
9.140280789166616016e-01,9.110659453941763464e-02,9.561767388037648984e-04,2.432345269930858561e-02,1.863784482694141209e+00,3.473692597931467230e+00,3.425045692532850072e+00
9.618328063736721889e-01,-8.649443672973153308e-02,1.773886062906254984e-03,2.175846637450266560e-02,1.706962377171506118e+00,2.913720557078999462e+00,2.870203624329993541e+00
9.311292240309677615e-01,-1.538979031696896538e-02,1.607441888398689501e-03,2.114479557911640162e-02,2.141188464318479756e+00,4.584688039730528963e+00,4.542398448572296132e+00
6.955294357489960611e-02,1.265458534387087219e-03,1.674565250532226513e-04,1.959085721564679267e-03,4.635658466697697655e+00,2.148932941986604916e+01,2.148541124842292049e+01
7.152678875397175950e-01,3.421342112575909145e-02,4.518242350632344236e-04,2.815297875475325853e-02,2.928735868261813202e+00,8.577493786043277169e+00,8.521187828533770769e+00
9.144508218666129729e-01,3.642805170452947938e-02,2.898493795675727812e-03,2.436079045155794404e-02,2.364887918599022587e+00,5.592694867535616510e+00,5.543973286632501107e+00
6.839840800412075872e-01,-2.309740307656982239e-02,1.639024908329710485e-03,1.045787903564029432e-02,3.780570013099986859e+00,1.429270962395083444e+01,1.427179386587955356e+01
2.627314552891020227e-01,1.208958323059361462e-02,3.983076042077314072e-04,4.020506035723953389e-03,4.019347109451961941e+00,1.615515118625983959e+01,1.614711017418839134e+01
8.473474178594692097e-01,-9.311764971556457660e-02,-2.557999578669964088e-04,4.811096934078377962e-02,1.958292836907694179e+00,3.834910835083985337e+00,3.738688896402417416e+00
9.617969391398334400e-01,1.564084191184346162e-01,1.240774060389843777e-03,2.532513586657810303e-02,1.270620634543297767e+00,1.614476796927212465e+00,1.563826525194056183e+00
5.946262152847175964e-01,-1.656231922808616419e-01,1.383517375068581308e-02,3.721685437586159939e-02,1.898491523368007527e+00,3.604270064300178156e+00,3.529836355548454652e+00
4.427229494545202870e-01,1.072860824775556665e-02,8.402339808568852052e-04,1.972485454317694092e-02,5.475747536304283791e+00,2.998381108134243433e+01,2.994436137225607908e+01
6.198461378615136574e-01,-7.257559916751077367e-02,5.043875657391244053e-04,1.489039796175694458e-02,3.822880491446735807e+00,1.461441525188403467e+01,1.458463445596052033e+01
9.375064791146703325e-01,-3.618959251359132878e-03,5.464634893603682701e-04,3.011733589599542571e-02,2.131286028214658401e+00,4.542380134063014552e+00,4.482145462271023284e+00
9.771935007499942261e-01,-7.920025241978771724e-02,5.122390884731807667e-04,2.519299438691926032e-02,1.799704020912389124e+00,3.238934562888220903e+00,3.188548574114382195e+00
9.411755237030439147e-01,-2.615316449563516166e-01,2.378654075464684426e-03,5.280545960300341013e-02,3.001883482119632518e+00,9.011304440222689394e+00,8.905693521016685210e+00
2.598997064791785938e-02,2.231117770604029715e-03,1.869586176814477189e-04,6.722704670503463001e-04,5.021715778709124223e+00,2.521762936213619000e+01,2.521628482120208758e+01
9.833952925313712568e-01,4.232633713594384506e-02,5.268456005576562461e-05,1.054407902343960750e-02,1.788584572220476288e+00,3.199034771985103998e+00,3.177946613938224640e+00
9.956358986300289926e-01,-7.934692629913142614e-04,-7.630436527179762453e-05,5.402930589111966907e-03,1.119620570566447482e+00,1.253550222035537454e+00,1.242744360857313657e+00
9.927260833054002420e-01,7.392719772462985617e-02,1.868613852817246272e-04,2.271098706112446505e-02,1.545830937443961828e+00,2.389593287158877644e+00,2.344171313036628401e+00
9.834413668704924394e-01,-8.389458102509517179e-03,1.678620625604530445e-03,3.973274961528305838e-02,1.766621698729055279e+00,3.120952226420332654e+00,3.041486727189766537e+00
8.939089742769209535e-01,-4.036557578005814384e-02,1.443314457938076577e-03,6.031854472052647353e-02,1.856506601831533709e+00,3.446616762644068910e+00,3.325979673203015796e+00
4.601393043394272908e-01,-6.715215670702312512e-02,2.951663066854094512e-03,1.283563881199892807e-02,1.928498625702751879e+00,3.719106949337402934e+00,3.693435671713404922e+00
9.952835267563214794e-01,-3.246461833968486421e-02,4.121254462722590581e-04,2.834231133562056457e-02,1.658920314803109530e+00,2.752016610866448332e+00,2.695331988195207362e+00
9.504376035951639379e-01,1.503424149826293466e-03,1.796145027074724158e-04,2.247770933345012365e-02,2.153240671762290503e+00,4.636445390531319433e+00,4.591489971864418429e+00
9.858399269197635206e-01,1.261589881732536611e-01,1.362500408118490170e-03,1.892516329640324055e-02,2.389003004878639924e+00,5.707335357319170299e+00,5.669485030726363561e+00
9.872391940054933146e-01,-6.884344297985034444e-02,3.872048166577139890e-04,2.335193259507046051e-02,1.512529038148380245e+00,2.287744091242064126e+00,2.241040226051923323e+00
9.840515874279187614e-01,4.607613503364582641e-02,7.512054717012554362e-04,1.781394851852658931e-02,1.693198331232504295e+00,2.866920588888536958e+00,2.831292691851484022e+00
9.407189220055560686e-01,2.087581669343135937e-02,5.155246553093768234e-05,2.093185076515410165e-02,2.203922759727560354e+00,4.857275530845146072e+00,4.815411829314838243e+00
9.036619020320164619e-01,4.567232672456078557e-02,5.524851054993050589e-04,1.304010383580602242e-02,1.530612723963915567e+00,2.342775310760237595e+00,2.316695103088625363e+00
9.179557518300327512e-01,6.399051481925860374e-02,5.619961963697609917e-04,5.280376524170938418e-02,1.983557290678753526e+00,3.934499525404837161e+00,3.828891994921418629e+00
8.530391660542955279e-01,1.313185298096286591e-02,1.147213925985130406e-04,1.128544877296054107e-02,1.940818528243145380e+00,3.766776559571888505e+00,3.744205662025967829e+00
9.821933046849662396e-01,-4.624438755765891695e-02,2.333097324382844059e-04,1.775100697888887941e-02,1.629783758583027264e+00,2.656195099741019305e+00,2.620693085783241560e+00
9.798069304360135234e-01,-6.074965006480637086e-02,3.207904169261593919e-04,2.928492292259895005e-02,1.654256263804237959e+00,2.736563786335556525e+00,2.677993940490358327e+00
9.139526611986761306e-01,-5.129267562465181229e-02,6.445625900647031746e-03,5.398810230522563952e-02,2.078096915964471769e+00,4.318486792141049690e+00,4.210510587530598592e+00
5.588874552907747706e-01,1.806158846159255926e-02,-2.498971326054452431e-04,4.084176174074968108e-02,4.414273197772078383e+00,1.948580786456893321e+01,1.940412434108743156e+01
9.335334733650004768e-01,-2.450790014032230291e-01,2.334631499526757756e-05,9.007705238338888087e-02,2.622544361484637765e+00,6.877738927954867520e+00,6.697584823188091008e+00
9.948026988744461674e-01,-2.379907151069068916e-01,2.634741098267802221e-03,5.637612289813972999e-02,2.112161892734495616e+00,4.461227861119767546e+00,4.348475615323487808e+00
2.388629164341082856e-02,1.046787543828267553e-03,4.019527065488160799e-05,4.093092719445176934e-04,4.147731531676701167e+00,1.720367685886515119e+01,1.720285824032126243e+01
4.038062256134025141e-01,-1.917392953119816390e-01,5.476089654537543913e-03,2.866992983865153041e-02,6.569155544603556329e+00,4.315380456919564267e+01,4.309646470951833663e+01
9.531028763387733305e-01,-1.641962650621731079e-02,-5.190343304510847133e-04,5.192100050260339827e-02,2.245670845112644809e+00,5.043037544588941046e+00,4.939195543583734249e+00
1.164269553619975417e-01,7.691512952236911893e-03,2.272992042316618626e-04,1.357971200180145381e-02,1.832184229551124144e+00,3.356899051015846069e+00,3.329739627012243464e+00
7.611142632064549218e-01,-9.658823441660069342e-02,4.707450458627888447e-03,3.029943405504362253e-02,1.909990581959327693e+00,3.648064023173331449e+00,3.587465155063243927e+00
9.535581703680424681e-01,1.641779403980114793e-02,2.595198141783557500e-04,3.083505219925865987e-02,2.079559976248904096e+00,4.324569694816341681e+00,4.262899590417823958e+00
1.403882046558058150e-01,1.889702615195909541e-02,2.064281733649357253e-03,1.154775675457143241e-02,3.435612899320360292e+00,1.180343599397645171e+01,1.178034048046730931e+01
3.607420485894352602e-03,1.567806373170554934e-04,7.539316910074303110e-06,5.627404110812001767e-05,6.522701063580246483e+00,4.254562916483087776e+01,4.254551661674866381e+01
5.937895629173884915e-01,-2.257033611064938050e-01,1.025360728466028978e-02,3.259401909931026325e-02,4.907106560644098892e+00,2.407969479751636044e+01,2.401450675931773659e+01
5.985131257936153748e-01,1.948770483984851865e-02,4.575830440868611823e-04,1.354201152028630152e-02,1.974667950573022912e+00,3.899313515020262244e+00,3.872229491979689353e+00
8.894860303477890584e-01,3.021048875247012155e-02,8.330782600411190718e-04,1.523206303616738734e-02,1.585375070414233312e+00,2.513414113890935386e+00,2.482949987818600768e+00
9.684541524281079505e-01,7.103622373721601990e-02,1.409244444267495006e-03,2.495496085891679011e-02,1.855098678768806186e+00,3.441391107969770768e+00,3.391481186251937174e+00
9.272047110479089138e-01,-4.973541383142435907e-02,7.098736567055136159e-04,1.402863831781562751e-02,1.544626569255741488e+00,2.385871238450761656e+00,2.357813961815130366e+00
8.673496789696575338e-01,5.884549924225376816e-02,2.630387410785197289e-04,2.220473208631296852e-02,1.550580564785606796e+00,2.404300087890851589e+00,2.359890623718225999e+00
8.304923851277041802e-01,9.583750338116447942e-02,2.534221413943581365e-03,1.145943920442590337e-02,1.687795578157962550e+00,2.848653913649570768e+00,2.825735035240718673e+00
9.409272291566206370e-01,-3.668506731307608071e-02,1.274077430266675999e-03,2.365416023363505621e-02,1.776188130064439985e+00,3.154844273381811615e+00,3.107535952914540989e+00
5.210335696109957837e-02,3.757281120167599298e-03,2.289171843928742645e-04,2.271638106340023461e-03,2.992119512900912159e+00,8.952779179482391214e+00,8.948235903269710079e+00
3.231591028664881904e-03,1.765566581211075459e-04,1.098744482832106744e-05,6.700343747510370486e-05,6.814026911327650815e+00,4.643096274829743919e+01,4.643082874142248784e+01
6.517710119178949935e-01,-1.469505763186026992e-02,1.715854374901133088e-03,3.008465982148172263e-02,2.983704083765636117e+00,8.902490059479735152e+00,8.842320739836770471e+00
5.268334492280069004e-02,3.741820710008059159e-03,2.096839364765610972e-04,2.575057819549937416e-03,3.683323146060721864e+00,1.356686939830665395e+01,1.356171928266755167e+01
2.462808874036381823e-03,1.301391943417939956e-04,7.626503429583687231e-06,4.307075895146607824e-05,6.772875063711606636e+00,4.587183662864649847e+01,4.587175048712860104e+01
8.167029581096876267e-01,-7.140978600916492169e-02,3.098299896010822500e-03,8.439341795741564511e-02,4.640287045669504451e+00,2.153226386620821486e+01,2.136347703029338518e+01
9.926427731023974577e-01,1.804730018018546600e-02,8.096660289745585479e-04,2.048931351559671321e-02,1.371036138905685320e+00,1.879740094185409882e+00,1.838761467154216511e+00
9.944007804157803943e-01,-3.580604927307995400e-02,2.792771390307034296e-04,9.038974339562294916e-03,1.531017303305896915e+00,2.344013983022060543e+00,2.325936034342936054e+00
9.954795410677689249e-01,-1.758454067383746766e-01,4.185600606222708250e-04,2.137502541580590942e-02,1.518614360772352123e+00,2.306189576744019920e+00,2.263439525912407824e+00
3.210545555395627471e-02,2.856636331876938328e-03,2.366154692178805571e-04,1.986260352415726918e-03,5.738207773528768207e+00,3.292702845218597929e+01,3.292305593148114440e+01
2.611764621080592264e-03,1.369434052502782606e-04,9.127908075268556938e-06,6.260173269047006903e-05,9.155978617525123653e+00,8.383194444457727457e+01,8.383181924111187300e+01
8.035282512684285283e-01,1.235141347267505463e-01,2.838814587031766781e-03,1.175388896944639799e-01,3.497298731566622632e+00,1.223109841781750795e+01,1.199602063842857902e+01
7.578611795260756789e-01,6.590985888776790258e-02,6.694595486432915665e-04,2.521822081652979122e-02,3.699768284612391600e+00,1.368828535982371797e+01,1.363784891819065948e+01
9.705513421072224922e-01,-1.009276876742343232e-01,3.743753073317517260e-03,3.932681561808572951e-02,1.993521949839742513e+00,3.974129764492848604e+00,3.895476133256677631e+00
1.357038541429111955e-02,3.981900558236439736e-04,-8.464779008198591236e-07,5.541505287617786097e-04,8.605351987330385199e+00,7.405208282585100221e+01,7.405097452479347453e+01
1.935011574159206660e-03,1.015456327548847071e-04,5.775232764216481339e-06,3.958683648688160944e-05,7.663846916363702633e+00,5.873454955745743433e+01,5.873447038378446194e+01
4.484982208953187666e-01,-6.383161998895658940e-02,7.872722044751752834e-04,1.827895815311074770e-02,2.671751904188071958e+00,7.138258237532587813e+00,7.101700321226366519e+00
9.896996633433007284e-01,3.930976495739696430e-02,5.229575779229061463e-04,4.240900766489370810e-02,1.848479311775295786e+00,3.416875766061270969e+00,3.332057750731483914e+00
7.579508469447480135e-01,-7.970056088833610275e-03,-9.777212213172221163e-04,7.964086254874934434e-02,3.046878650896595708e+00,9.283469513289459130e+00,9.124187788191958859e+00
9.958580618085256519e-01,9.808573072067106047e-02,1.079787943418141562e-04,1.525904877903212255e-02,1.430512819835432436e+00,2.046366927713520578e+00,2.015848830155456017e+00
3.880069358409821145e-02,-7.526771444013036216e-04,-5.694127675498304860e-05,3.263535603791055048e-03,6.366689383241967093e+00,4.053473370268597620e+01,4.052820663147839042e+01
2.018715089432410181e-03,1.045753113402270174e-04,6.191340001084111286e-06,2.807885486926088136e-05,5.684058809713756766e+00,3.230852455228457387e+01,3.230846839457483810e+01
8.841760509547436087e-01,-8.638466746267003948e-02,1.141312443368655414e-04,3.726311152104003904e-02,2.261558166705419204e+00,5.114645341391977240e+00,5.040119118349898564e+00
9.047630023049860748e-01,-2.523800251361008051e-03,2.157967468560698272e-03,4.618708194636508835e-02,2.455074160222142865e+00,6.027389132190460685e+00,5.935014968297730675e+00
1.869293948289073581e-01,-1.904266064134230163e-01,9.440223628196520167e-04,3.752018810132540239e-03,5.636034258004548825e+00,3.176488215740088350e+01,3.175737811978061842e+01
9.645132569087473406e-01,-7.478340932998386870e-03,2.416133991529163024e-03,1.793115003943902830e-02,1.676059516385254744e+00,2.809175502465573793e+00,2.773313202386695320e+00
8.832673751674023910e-01,-1.052926541039070352e-02,9.705194776255837057e-04,1.063257484233473202e-02,1.723490943029823530e+00,2.970421030705830745e+00,2.949155881021161552e+00
6.215518084173483615e-01,5.950302991896253696e-02,2.148654591952286726e-04,8.456392803925089768e-03,2.087456228329389152e+00,4.357473505191157948e+00,4.340560719583306692e+00
9.434338259718676456e-01,-3.620583673861399454e-02,2.358141238500045952e-04,4.283435773018871157e-02,2.252388770421426045e+00,5.073255173120544192e+00,4.987586457660166950e+00
1.882857315053942937e-02,5.402250445361023168e-04,-5.886214765382646874e-06,9.160366585732049316e-04,6.191103014182376185e+00,3.832975653221810575e+01,3.832792445890096644e+01
1.962969415346904611e-03,4.853179236441462763e-05,2.033156118933044619e-06,2.902835146576234764e-05,5.804356931623823712e+00,3.369055938968952546e+01,3.369050133298659944e+01
9.699911998335829511e-01,-2.587744238263312013e-02,9.279340444584926670e-03,6.706556647537351146e-02,4.969327686253097731e+00,2.469421765336156582e+01,2.456008652041081675e+01
8.120448710404921666e-01,-1.861841453160314325e-02,9.503472836077163453e-04,1.576809808536954599e-02,1.702595295790493291e+00,2.898830741247917064e+00,2.867294545077177848e+00
9.734309730243290160e-01,2.590705511256657934e-02,2.049687737774782959e-04,2.637215283235664481e-02,1.714397341980821610e+00,2.939158246190906265e+00,2.886413940526193489e+00
1.377075159268493776e-01,1.816986102810291825e-02,2.207692359034683308e-03,7.644127166229244472e-03,2.568850930529987586e+00,6.598995103284782004e+00,6.583706848952322943e+00
7.311020910986183452e-01,4.304811208966452529e-02,8.488162915371631843e-04,1.121255723575647657e-02,3.251516282722094697e+00,1.057235813680690839e+01,1.054993302233539509e+01
9.010113586011038178e-01,3.278424119169365269e-02,9.279980546456068069e-05,1.334043660493805517e-02,1.500512752427106244e+00,2.251538520196370019e+00,2.224857646986494242e+00
9.892337705858709196e-01,-1.618469576750491967e-02,3.148366777319344082e-04,2.196287471328026847e-02,1.772565746255326369e+00,3.141989324797701766e+00,3.098063575371141187e+00
1.279429764400157321e-01,-2.156065090600929324e-01,5.656330258199044253e-05,4.096700337476755736e-03,3.282637073039344155e+00,1.077570615329231174e+01,1.076751275261735863e+01
9.969903403912578899e-01,-1.389940790733729392e-01,1.196303494022878501e-03,3.252597358404608896e-02,1.633706628904756153e+00,2.668997349327342672e+00,2.603945402159250300e+00
6.355476650819673612e-01,-3.066907006322647788e-01,1.550327235595808106e-04,7.084486595391110975e-02,2.612391280047920983e+00,6.824588200070415667e+00,6.682898468162593808e+00
9.702269263330389748e-01,-1.609194046789097499e-02,1.793652713615555934e-03,6.232034587457067204e-02,3.260845066094859579e+00,1.063311054507518882e+01,1.050846985332604788e+01
8.901887047907669492e-01,1.077586677796231740e-01,5.496322299511325997e-03,6.666928213001202530e-02,5.006208378996167774e+00,2.506212233393143762e+01,2.492878376967141563e+01
3.807520874431792324e-01,-1.251416367454478706e-01,1.207924738007703320e-03,7.152916885387861599e-03,2.975686108505207983e+00,8.854707816350869010e+00,8.840401982580093687e+00
9.271671631283270321e-01,-4.575682533131120167e-03,1.942710436594896357e-03,1.625059735912125561e-02,1.618272945304870314e+00,2.618807325505699612e+00,2.586306130787456858e+00
9.325614681192704314e-01,-2.483114126350666195e-02,6.315697706072234425e-04,1.341592052487002550e-02,1.521499173100458568e+00,2.314959733745379111e+00,2.288127892695638987e+00
9.881863602844382921e-01,-7.121984211576837254e-03,1.277645935805123926e-03,2.022090655403632406e-02,1.353130847396968095e+00,1.830963090177236907e+00,1.790521277069164308e+00
8.309683355706375396e-01,3.294686698574689210e-02,3.236901927066447083e-04,1.854906661922403610e-02,1.334573611778365754e+00,1.781086725255152103e+00,1.743988592016704198e+00
9.634611253850301482e-01,6.208670194440985002e-02,2.579726987386546291e-03,1.854126060730828390e-02,1.311257955191856617e+00,1.719397425053929007e+00,1.682314903839312592e+00
9.946130369614156752e-01,7.873838422074125321e-02,1.014450539195716795e-03,4.087668224140558748e-02,1.830616001990173380e+00,3.351154946742486374e+00,3.269401582259675365e+00
6.217143621712482027e-01,-2.769412893698840472e-01,4.346669698442371700e-03,7.588047478408317670e-02,1.950345388970307736e+00,3.803847136277741292e+00,3.652086186709574633e+00
8.949804833455414776e-01,1.163501238890843337e-02,1.213369466783921578e-03,1.350790792056802414e-01,2.840488021304250932e+00,8.068372199172939574e+00,7.798214040761577870e+00
8.654625689633046459e-01,6.386538833559524120e-03,6.897396110709135735e-04,1.319324686985953385e-02,2.073358801355458247e+00,4.298816719158143229e+00,4.272430225418424321e+00
9.094673967757239685e-01,5.496715606163216084e-03,1.793280436528907167e-03,1.372042994587854489e-02,3.072346300839039479e+00,9.439311792279328373e+00,9.411870932387570221e+00
1.272956086889256433e-01,-4.914106477800217476e-04,2.141595462523395658e-04,3.292607812228205179e-03,5.848378147758700685e+00,3.420352695918149522e+01,3.419694174355703353e+01
7.703717925794721921e-01,2.328216150223307024e-02,7.984242043624182076e-04,1.060517800972645211e-02,1.727765056017003253e+00,2.985172088793438760e+00,2.963961732773985780e+00
9.209408056067595050e-01,1.021870369035318138e-01,7.592279702875047616e-04,2.428067125285736372e-02,1.704306053099474694e+00,2.904659122631509494e+00,2.856097780125795182e+00
5.301729869645728233e-01,2.801729428983357195e-02,4.926959652233528757e-04,1.387130872751044831e-02,3.013794709850213582e+00,9.082958553121134315e+00,9.055215935666115712e+00
8.558450850083609840e-01,8.284582916631144656e-04,5.730396437747889844e-05,1.104272927984356265e-02,2.035640525853587679e+00,4.143832350497470784e+00,4.121746891937783985e+00
9.917575135819544085e-01,7.018943959731666071e-02,2.825431714994963077e-04,2.124768908244896101e-02,1.245883680624895185e+00,1.552226145647435773e+00,1.509730767482537983e+00
8.061269357091286336e-01,1.272932328908538135e-02,5.849838321492360944e-04,2.622757407503638338e-02,1.779946776187599111e+00,3.168210526060627252e+00,3.115755377910554458e+00
9.911629472318632672e-01,-7.366113931894020805e-02,4.505334427175152400e-04,1.301243626096192443e-02,1.691796268774315326e+00,2.862174615038695524e+00,2.836149742516771433e+00
1.143975779286252603e-01,-6.392265429839838475e-04,-2.736420130785387336e-04,1.047978034090433705e-02,4.164080163727083672e+00,1.733956360994537604e+01,1.731860404926356622e+01
4.039559695609318268e-03,1.515500114490642147e-04,7.223431526331443530e-06,6.135114547360430253e-05,6.334730925049969485e+00,4.012881589278443784e+01,4.012869319049350025e+01
7.853918396180730177e-01,-6.355497497667506046e-02,2.952234488835339590e-03,3.541078407008298873e-02,3.515093598971251065e+00,1.235588300952866270e+01,1.228506144138849798e+01
9.649173237636199385e-01,2.072909586360281720e-02,1.319339235814190651e-04,2.086755436527369667e-02,2.024941222514253347e+00,4.100386954637518677e+00,4.058651845906970479e+00
6.616434404848665629e-01,3.206168040617463078e-03,7.203897976881669211e-04,1.214354397634000160e-02,3.618268149383272902e+00,1.309186440084145353e+01,1.306757731288877622e+01
8.688942366586729360e-01,6.502397635507817242e-02,1.016860977637620671e-03,1.220952748607109437e-02,2.456372909626329371e+00,6.033767871146119788e+00,6.009348816173977426e+00
9.262935452656126945e-01,6.974857487733057693e-02,-9.133866196231723504e-05,1.682247866661424132e-02,1.796341439559083542e+00,3.226842567477200774e+00,3.193197610143972742e+00
9.435952820018931320e-01,-2.512309132298257142e-02,1.715631971075775848e-04,1.400542642171583203e-02,1.106685960679502978e+00,1.224753815565114534e+00,1.196742962721682790e+00
9.378545395653558048e-01,-3.768839017142822101e-02,5.282845127167460795e-04,1.834615650863475125e-02,1.706389255697221108e+00,2.911764291958916395e+00,2.875071978941647011e+00
9.765994055498805615e-01,9.212760037028633331e-02,7.147832152504502530e-04,2.597343681491013148e-02,1.754980576003320802e+00,3.079956822148947282e+00,3.028009948519127192e+00
1.251426656123946213e-01,1.252938833822569986e-02,1.077266572965807079e-03,3.878415411954994063e-03,1.779869519699789127e+00,3.167935507156357744e+00,3.160178676332447534e+00
6.813309086907703982e-01,1.675686277212251607e-02,1.953723995594429852e-04,1.023103156112528320e-02,2.586869155985777713e+00,6.691892030190570217e+00,6.671429967068320366e+00
7.737760745606624413e-01,-3.382934301409146194e-02,1.840245518502352392e-04,8.744020386805275227e-03,1.283612617924126953e+00,1.647661352894030484e+00,1.630173312120419826e+00
9.183694148437024918e-01,-6.345068911514689658e-02,8.422266902535672584e-04,2.454955450452568286e-02,1.746440085984972468e+00,3.050052973935197809e+00,3.000953864926146686e+00
5.939218865751716425e-01,3.810449654833436561e-02,1.292052398293524161e-03,8.220805895359924523e-03,2.267194727789002773e+00,5.140171933714251296e+00,5.123730321923531505e+00
6.520856586967919144e-01,9.767907197822611742e-03,3.973870486502504630e-04,1.006032202659043299e-02,1.845272234969008496e+00,3.405029621147519947e+00,3.384908977094339022e+00
9.296239375863023513e-01,8.827674597551643521e-02,1.164591026550037970e-03,1.915064105800739352e-02,1.510082344845328217e+00,2.280348688213564845e+00,2.242047406097550599e+00
1.202983073218728549e-01,6.213034607647660579e-03,2.507158299181986042e-04,2.807878341194339905e-03,2.241898945043858671e+00,5.026110879788766361e+00,5.020495123106377022e+00
9.739052611871112930e-01,1.592759247171754433e-01,9.782988297607595092e-04,2.207178453210244598e-02,1.714004988446882871e+00,2.937813100420799017e+00,2.893669531356593883e+00
2.905567679276743753e-02,1.928024961850294261e-03,8.842975494364083513e-05,2.267949390467228869e-03,8.590965593787650789e+00,7.380468983364320934e+01,7.380015393486226571e+01
4.797341543454791690e-03,1.273870083959849353e-04,1.037540532491316086e-05,7.597803185108791229e-05,6.355313466213164730e+00,4.039000925383039231e+01,4.038985729776668876e+01
8.168831515033450064e-01,3.009333449500095625e-02,-5.866578451839437507e-04,2.986084235114558685e-02,3.154838166490170792e+00,9.953003856743061206e+00,9.893282172040768430e+00
9.646078809118791009e-01,-9.388121289100048728e-05,4.725218963729202774e-04,2.813516692997642191e-02,2.174188584209757025e+00,4.727095999708028629e+00,4.670825665848076014e+00
7.880156033178241648e-01,3.017675813191256218e-02,9.820907006233799749e-04,1.228912452415554038e-02,1.891295756385924953e+00,3.576999638123407710e+00,3.552421389075096414e+00
8.562525268341445450e-01,3.964787912624112565e-03,8.503695799874554854e-05,1.402846408513539096e-02,3.284500362892955216e+00,1.078794263384395435e+01,1.075988570567368541e+01
5.476066038014606452e-01,-3.872844696226718231e-02,-1.156008204692917274e-04,1.597603386658068975e-02,1.943965260102098691e+00,3.779000932483819852e+00,3.747048864750658570e+00
9.812629374983051767e-01,-4.643414096439041350e-02,8.252929205991066429e-04,1.493462460705571350e-02,2.107349991727375915e+00,4.440923987633371262e+00,4.411054738419259991e+00
1.979208985709935975e-01,1.011813202861500116e-02,1.283066372155894992e-04,1.356733377774126635e-02,3.921895176157932372e+00,1.538126177277086093e+01,1.535412710521537782e+01
8.190604443873761298e-03,5.470444179662692363e-04,3.923928448232932381e-05,1.990408653902646212e-04,8.690797964645531337e+00,7.552996926228689745e+01,7.552957118055613250e+01
9.600271823072279442e-01,1.008152397154016278e-01,7.985059963191432075e-04,5.320338820085623865e-02,3.419786520466598478e+00,1.169493984556504351e+01,1.158853306916332926e+01
9.420693970189151223e-01,5.409614485437330700e-02,2.016259814596600523e-03,4.443349694107660147e-02,2.238079308108432031e+00,5.008998989383117717e+00,4.920131995500963917e+00
9.710114365327399133e-01,-1.247914161114687115e-01,1.561853465020390450e-02,9.602871950028391002e-02,3.192283287556622273e+00,1.019067258801331555e+01,9.998615149012747949e+00
9.346648820923647571e-01,1.120387304325474176e-01,-3.820317366270796619e-05,2.729363164189895982e-02,3.483307891628114827e+00,1.213343386787870237e+01,1.207884660459490433e+01
1.840700090604108219e-02,7.632269316301121265e-04,1.084805562127697999e-05,1.329910567828012594e-03,1.144113648052327648e+01,1.308996039659605515e+02,1.308969441448248858e+02
2.304046351862987230e-03,9.331311514682028019e-05,5.015215434457698216e-06,3.381329615730200688e-05,7.039623966703659086e+00,4.955630559258856493e+01,4.955623796599624598e+01
9.560623352994690460e-01,2.109921527773560568e-01,3.260619467563336329e-03,3.644377662897486242e-02,3.302053822762133883e+00,1.090355944841802227e+01,1.083067189516007112e+01
2.284053118583196929e-01,-7.269640721099257519e-04,8.073964078074559691e-06,5.354794524624968861e-03,5.561213193086521400e+00,3.092709217895958318e+01,3.091638258991033084e+01
9.076957139751508086e-01,-4.782188040939827633e-02,6.525431813979862619e-04,1.263620170162679628e-02,2.257671583460739040e+00,5.097080978766119763e+00,5.071808575362866556e+00
9.854311633712721230e-01,2.376545953833369973e-02,1.439476005204747466e-04,1.847816333496401717e-02,1.591601932485010584e+00,2.533196711490020459e+00,2.496240384820092029e+00
9.726279475902416261e-01,-3.214809818322117430e-03,9.528978907629088221e-04,2.073860102566294633e-02,1.774211582052569236e+00,3.147826737889480864e+00,3.106349535838154985e+00
9.388358726178227531e-01,-2.259955381549485498e-01,7.609552085082128738e-04,1.685795104718063736e-02,1.989323323458505710e+00,3.957407285255994278e+00,3.923691383161632906e+00
2.802735201899786421e-02,1.286706904754186809e-03,2.049768458285202243e-05,1.648397517177426766e-03,9.633289438809185867e+00,9.280026541187261557e+01,9.279696861683825659e+01
3.386563664559916198e-03,9.143196398664343860e-05,3.622446433195686653e-06,7.040583973101152010e-05,7.846763563412357811e+00,6.157169842009579952e+01,6.157155760841633452e+01
7.874667263734991263e-01,-1.152514743461878766e-01,9.407979882972598374e-04,6.313168726933716945e-02,4.335690481573921673e+00,1.879821195201070338e+01,1.867194857747202974e+01
1.044196407754544031e-01,-1.062377083166143876e-03,-5.820994141986045442e-05,5.816634553651610015e-03,6.712978093920423994e+00,4.506407488945549034e+01,4.505244162034818345e+01
9.864485064350315691e-01,1.115738247982189790e-02,1.301518576931765588e-03,3.693302609538536008e-02,4.517893213847697709e+00,2.041135909173108232e+01,2.033749303954031262e+01
7.752745568326386838e-01,3.700106432214322894e-02,-5.172563739120142752e-05,3.700634735423958405e-02,4.716206245894752236e+00,2.224260135381667425e+01,2.216858865910819532e+01
2.087095035436803414e-03,2.248982223007622849e-05,-1.501797952806507712e-07,5.064633942498997547e-05,3.192310495826127248e+00,1.019084630176165440e+01,1.019074500908280356e+01
2.223704633013801057e-03,1.805301653057256317e-06,9.634797980228789463e-07,3.679500742240663860e-05,3.863046422036738203e+00,1.492312765881084502e+01,1.492305406879600049e+01
7.570009326245666914e-01,1.260492798548580318e-01,3.462384481900020964e-03,8.230894105046131226e-02,3.660758947866584290e+00,1.340115607438526268e+01,1.323653819228433903e+01
6.681052802128404355e-01,-2.020611700145580336e-02,-1.147889521879088799e-03,5.842225811559601661e-02,6.152294663711438183e+00,3.785072962913223904e+01,3.773388511290104219e+01
9.395430989157049773e-01,-1.178190809471705847e-01,5.963846681726225245e-04,4.094958054068038172e-02,2.751591646501997168e+00,7.571256589099570888e+00,7.489357428018210250e+00
3.078971017890511641e-01,-1.892543678828584319e-01,8.469640573011819919e-04,3.054584728538282945e-02,1.214005687345228246e+01,1.473809808906559908e+02,1.473198891960851995e+02
6.475611475869947897e-01,2.302929912280591296e-01,7.235915068329815125e-02,2.983081601566148766e-01,8.915116555697105483e+00,7.947930320166463503e+01,7.888268688135140394e+01
2.684856020472461413e-01,4.018804985602431046e-02,1.383641594999528070e-03,2.335226644699024690e-02,1.160612362090891736e+01,1.347021055038199222e+02,1.346554009709259674e+02
9.906638988850170469e-01,-1.179124055777824170e-01,4.999402887633367428e-04,2.551981206683760772e-02,1.949922496682152673e+00,3.802197743067159852e+00,3.751158118933484609e+00
9.885839036653565337e-01,1.106590467156358670e-01,5.819594987880495271e-03,4.850299527110872588e-02,5.136573697554301710e+00,2.638438935040667133e+01,2.628738335986445307e+01
9.948523506574176167e-01,-9.108071752784829833e-02,1.167863962529171271e-03,3.475341030967497857e-02,1.989056454705582233e+00,3.956345580005939944e+00,3.886838759386590514e+00
9.976656552314299153e-01,-6.333498705372357929e-01,9.226311685780882663e-03,3.511377925251605442e-02,2.387714444651722001e+00,5.701180269198480310e+00,5.630952710693447827e+00
9.975304550157216843e-01,-4.080610597987310850e-01,1.312609556143538858e-02,5.411418766325272467e-02,4.229897170168404053e+00,1.789203007019867542e+01,1.778380169487217088e+01
9.831377547709381215e-01,-1.012158954812646949e-01,1.905311278341621263e-03,5.418679039787518970e-02,1.855140426284330513e+00,3.441546001234407459e+00,3.333172420438657024e+00
9.358309564195825825e-01,-7.892271105697501454e-02,2.566592072886564324e-03,9.742051310755783788e-02,3.178343908505939730e+00,1.010187000073681318e+01,9.907028974521697506e+00
7.599056997119447709e-01,-3.484396035969039573e-02,3.055344297693875829e-03,7.458449989885303222e-02,3.214891926891124019e+00,1.033553010158972540e+01,1.018636110179201815e+01
8.798831492275114297e-01,-3.588155009478732893e-02,1.372822492729394391e-04,7.192627840268035755e-02,3.308182510296239442e+00,1.094407152142992778e+01,1.080021896462456610e+01
3.890747842602049200e-01,9.355999070888909586e-03,8.345883738478793862e-03,2.204103952346812487e-02,3.762717770369458314e+00,1.415804501945410721e+01,1.411396294040716981e+01
8.057772178290431020e-01,2.116435753153407262e-01,6.070363575862274810e-04,5.544185851910528318e-02,3.263077569409437384e+00,1.064767522398300059e+01,1.053679150694478928e+01
9.728263517265123284e-01,-1.494207942152510071e+00,3.958136398575889947e-02,2.817105835961815630e-01,1.209258489889914756e+01,1.462306095370837227e+02,1.456671883698913348e+02
9.680080892953648597e-01,-1.145295380489988801e+00,1.434206877005069110e-02,8.535020730472579753e-02,7.641431612173659182e+00,5.839147708352692945e+01,5.822077666891746617e+01
9.389822273843895228e-01,-1.012115778298965374e-01,5.798988832122863382e-03,3.513789479447955444e-02,3.107359336554233575e+00,9.655682046470767332e+00,9.585406256881809028e+00
9.406806528462090533e-01,-2.642363556021370963e-02,1.481857567067287711e-03,4.105961019848339277e-02,2.072417955141171664e+00,4.294916180791515714e+00,4.212796960394548762e+00
9.863015128887864247e-01,1.401306132685830041e-01,4.466021824463443403e-03,3.589120873066196926e-02,2.576056993386214966e+00,6.636069633174026094e+00,6.564287215712702128e+00
9.132892680225230819e-01,1.055134921196286824e-01,6.533159716622473140e-04,2.774144759720413925e-02,2.932539412019751435e+00,8.599787403049148793e+00,8.544304507854739938e+00
9.457979790277213361e-01,-2.107119281623197615e-01,4.512509308617494025e-03,5.814539929695879822e-02,4.492610074557989108e+00,2.018354528201993858e+01,2.006725448342602292e+01
9.808343215761596845e-01,-1.214824171528883667e+00,6.060867680358824477e-02,1.409094426137838252e-01,4.454096823875043576e+00,1.983897851645374999e+01,1.955715963122618106e+01
8.442798271142553101e-01,2.276436469967824117e-02,4.103914978018115452e-03,1.121507488136573721e-01,4.797016397278323296e+00,2.301136631575710112e+01,2.278706481812978524e+01
4.441611701295866688e-01,-8.630822364874113362e-03,1.980390231756435065e-03,6.542429727002373879e-03,2.668901223791761979e+00,7.123033742357164577e+00,7.109948882903159628e+00
8.371799898514393767e-01,5.653631770867095785e-02,-9.781700590586007234e-05,5.663529636140920975e-02,3.258838000372406007e+00,1.062002511267122173e+01,1.050675451994840337e+01
3.423994747329800470e-01,-4.234728851860625198e-02,5.273108265447765640e-03,2.018487649400783207e-02,2.988046669484780260e+00,8.928422899019087922e+00,8.888053146031070995e+00
8.149454176650090531e-01,-1.324832795281996600e-01,-8.983076499048571343e-04,5.967623133082069348e-02,2.917066393491024368e+00,8.509276344034731210e+00,8.389923881373089642e+00
9.535058288848908825e-01,-4.343855077786118457e-03,-9.840029458241609102e-06,1.788150397206643774e-02,1.869547587429591484e+00,3.495208181663805647e+00,3.459445173719672972e+00
7.208238652462399809e-01,-1.273905656220990501e-01,5.435599862544167760e-04,1.891609506121019052e-02,3.177297572791827118e+00,1.009521986606883459e+01,1.005738767594641558e+01
1.427162316566403799e-01,2.715836330058421511e-02,4.498313374005546462e-03,1.679309008936711450e-02,2.789381571289954120e+00,7.780649550252013213e+00,7.747063370073279387e+00
2.438934710919737903e-02,2.272892523337066706e-03,1.789475484388634082e-04,1.768504774729755778e-03,3.447170423874098777e+00,1.188298393123233332e+01,1.187944692168287375e+01
9.666964813758072150e-01,9.569277381125951276e-03,6.136469693377257818e-03,3.889439937611745973e-02,2.137724234712189642e+00,4.569864903675816770e+00,4.492076104923581781e+00
7.967366369516765134e-01,1.601983268160744878e-02,3.073721576050841863e-04,1.624796954679512059e-02,2.128868468784951062e+00,4.532080957386782849e+00,4.499585018293194238e+00
6.402754311471999804e-01,-8.715011449166720769e-02,5.503202825997709907e-03,7.226682956795836554e-02,2.995665528032869673e+00,8.974011955844451549e+00,8.829478296708535012e+00
3.089163380193334918e-01,-3.871612350272098935e-01,7.979189786543435447e-04,2.204563920390400014e-02,2.682933269535905385e+00,7.198130928782622284e+00,7.154039650374815373e+00
5.122474509142315169e-01,2.180856715870658213e-01,5.002850540176125710e-02,2.601664235990964191e-01,1.032834540767659171e+01,1.066747188602741403e+02,1.061543860130759640e+02
9.824476231957873784e-01,2.132686554411713509e-01,4.788396640334769902e-03,1.635894790186696590e-01,1.020929640344809641e+01,1.042297330534582187e+02,1.039025540954208822e+02
1.757818956433691016e-01,-3.618822768193508121e-01,4.592528629165052757e-03,5.787088711047781719e-02,5.855898646486600967e+00,3.429154895792360946e+01,3.417580718370265203e+01
3.080531661245674568e-01,-3.375821815873553677e-01,1.653067253660552233e-03,2.198053903524232328e-02,3.989198340082419580e+00,1.591370339651633259e+01,1.586974231844584793e+01
4.981839446735120136e-01,4.619772110485009797e-02,1.034147607410772305e-03,1.459846031574468968e-02,3.101989122407020183e+00,9.622336515531474177e+00,9.593139594899984246e+00
7.544227770098781427e-01,8.221034321938824885e-03,-2.056912452481056706e-05,1.019268498141718236e-02,2.600410813495838358e+00,6.762136398946087645e+00,6.741751028983253846e+00
9.051997333756992559e-01,5.828501388230955538e-02,5.758280564565047442e-04,2.748985277896509594e-02,2.612671822954641065e+00,6.826054054461127230e+00,6.771074348903197482e+00
7.282156229309288964e-02,2.380635633872918433e-03,5.967369922523350255e-05,1.301981721679150482e-03,3.062784873868587443e+00,9.380651183598217813e+00,9.378047220154858366e+00
9.691854293622742533e-01,-2.537844655996313037e-02,5.969555683867600005e-04,3.067172684447886169e-02,2.002801632376950636e+00,4.011214378651777324e+00,3.949870924962818997e+00
9.978658529395751930e-01,8.726224368557924937e-03,2.637548154653023762e-04,1.504963718460478918e-02,1.454969113599134056e+00,2.116935121527450114e+00,2.086835847158240664e+00
9.501856672974282603e-01,-1.725831836486095838e-01,7.311699980928126549e-03,7.320409579786418819e-02,2.597935556631271403e+00,6.749269156409033243e+00,6.602860964813305422e+00
9.760183198396817916e-01,1.634711034420399667e-01,2.736750699403800967e-03,2.729248969220134796e-02,2.799577805545772513e+00,7.837635889304483072e+00,7.783050909920079974e+00
8.856894442436973325e-01,1.831187919041105117e-02,2.735893985058113838e-04,1.470441732900067654e-02,1.469968752510114385e+00,2.160808133356141969e+00,2.131399298698140488e+00
9.714515826895915307e-01,-3.461289121103061639e-02,3.753278053164753499e-04,1.394300769165511544e-02,1.810915224702282389e+00,3.279413951058518073e+00,3.251527935675207370e+00
9.894489391603376038e-01,5.263284962948722168e-02,2.769387731818092994e-03,3.131726617375188426e-02,3.263035635073160634e+00,1.064740155575730363e+01,1.058476702340979969e+01
9.423971606678184232e-01,-7.537496708064983508e-02,5.030575244625400252e-04,3.198485567425515125e-02,2.232472259921544300e+00,4.983932391319207511e+00,4.919962679970696584e+00
9.202445970985904111e-01,-4.405666992708553997e-02,7.182149518864233131e-04,4.934780057794094232e-02,1.784548812239363125e+00,3.184614463264921369e+00,3.085918862109039651e+00
9.375956720368132657e-01,5.463937410568009412e-02,1.970487328187716519e-03,2.815928059074413251e-02,1.529554637233646153e+00,2.339537388282950658e+00,2.283218827101462622e+00
8.500703570513269414e-01,4.777760350353125324e-02,5.002724783510288827e-04,2.555740834956545665e-02,3.680430215861056897e+00,1.354556657382306639e+01,1.349445175712393485e+01
7.735463971482999801e-01,1.849240773987453901e-02,3.533412685329358682e-04,8.562965007307011406e-03,2.246510177401984887e+00,5.046807977170697512e+00,5.029682047156084579e+00
9.824096938161361869e-01,3.821790856432055739e-02,8.905896632098157404e-04,1.993599184279709960e-02,1.787313618596837017e+00,3.194489971221719404e+00,3.154617987536125767e+00
7.717089781165942242e-01,-1.589420496153960971e-01,7.478991091121905315e-04,4.436835790403517721e-02,2.661881317248111500e+00,7.085612147114540349e+00,6.996875431306468940e+00
9.441482526574719314e-01,4.100214217386910498e-02,9.104783401682425793e-04,3.898061151043993866e-02,2.047313043318729875e+00,4.191490697343000171e+00,4.113529474322120016e+00
9.574574056336813133e-01,-9.114416675647858679e-02,1.044165425211204248e-03,5.119039515650351813e-02,4.757243765642615863e+00,2.263136824574553785e+01,2.252898745543252801e+01
6.702526402451871590e-01,-5.953163928715832220e-02,-1.097756688103799605e-04,2.286635550805211220e-02,3.079302912017010119e+00,9.482106423956439656e+00,9.436373712940335778e+00
9.853838358380320184e-01,3.416354523188439019e-02,9.325020715860435003e-04,4.391801570511508213e-02,1.653817036643288274e+00,2.735110790691587468e+00,2.647274759281357248e+00
9.326005747899185350e-01,-4.174986245252565453e-02,1.904729680630841372e-03,3.578593773847180831e-02,2.833297905156941354e+00,8.027577019366711752e+00,7.956005143889767872e+00
8.129900429486530689e-01,5.100477603926326792e-02,4.266019256244592728e-04,3.997570634236206205e-02,2.456362249597649150e+00,6.033715501248424040e+00,5.953764088563699985e+00
9.392195133504991356e-01,2.733474888233899946e-01,5.657648034715081001e-03,3.261796931354682405e-02,6.185520091987602775e+00,3.826065880838231692e+01,3.819542286975522671e+01
1.185024730542383331e-02,1.238984393594044775e-03,1.195308785117188725e-04,6.214281430868229218e-04,8.592525386749159111e+00,7.383149252192879430e+01,7.383024966564261149e+01
2.282776618720894213e-03,1.021523315998251746e-04,6.080746558264733986e-06,5.304006386143467514e-05,6.696847065664687904e+00,4.484776062090174520e+01,4.484765454077401614e+01
8.939196441294062767e-01,7.047332374061943128e-02,7.508297191257780811e-04,3.026948917002735343e-02,1.977411937858913227e+00,3.910157971986942815e+00,3.849618993646888310e+00
1.372242174085039901e-01,-7.206898285990798181e-02,4.784848253272146060e-04,2.493193960332966679e-03,2.958539192427330544e+00,8.752954153128561288e+00,8.747967765207896207e+00
9.321192590186219151e-01,5.910844335408871331e-02,5.686206466485715363e-04,1.850642582400270977e-02,2.579529749190660137e+00,6.653973726959629964e+00,6.616960875311623802e+00
9.814891410885895340e-01,9.530294930145814802e-02,1.028071731845899830e-03,2.402232111167205281e-02,2.984455258826637092e+00,8.906973191937970213e+00,8.858928549714626399e+00
4.209116941437199833e-01,8.018912531263988619e-02,-1.234357750638353775e-04,2.583882798324436611e-02,3.980683848109254797e+00,1.584584389859790399e+01,1.579416624263141422e+01
2.882196157677194837e-01,3.256830066912919097e-02,2.835063412546869142e-03,1.341059223407419128e-02,3.293766325822138796e+00,1.084889660911987264e+01,1.082207542465172345e+01
2.539283911371252866e-01,2.056061371228601331e-02,1.337984957979142155e-03,8.401302703829617233e-03,6.876393424592044390e+00,4.728478652977270258e+01,4.726798392436503349e+01
1.774577975507453109e-01,-5.301302173542867813e-01,8.586195704917394880e-03,9.112597794113745306e-03,4.128717848249661593e+00,1.704631107045531380e+01,1.702808587486708802e+01
7.997074733917504119e-01,-4.849369110786128090e-02,3.285967849285888025e-03,3.251402431906062068e-02,3.215818437009399844e+00,1.034148821980957855e+01,1.027646017117145760e+01
9.871063684397696214e-01,2.615670692428540001e-02,4.718815770594129533e-04,5.671501779062731313e-02,2.391479043168168062e+00,5.719172013912536379e+00,5.605741978331281850e+00
9.555069878516964099e-01,-1.036799001884503024e-01,8.237983692571599400e-04,4.169753361539397379e-02,2.714742077945553334e+00,7.369824549768141608e+00,7.286429482537354119e+00
7.764339350256764805e-01,4.340090012813693082e-02,-4.066883943145644460e-05,3.505863261788790680e-02,2.784575843706759812e+00,7.753862629355212199e+00,7.683745364119435983e+00
9.940947131543054205e-01,-5.750684579950249287e-02,1.201426149833536216e-03,1.377921947421268181e-02,2.308346431879471972e+00,5.328463249570690508e+00,5.300904810622265373e+00
9.945596455159904092e-01,-9.406780499161632170e-03,7.242571647092056536e-04,2.276580398024867849e-02,1.203164340931774490e+00,1.447604431289791327e+00,1.402072823329294060e+00
7.979584974305011791e-01,-9.636242488712531973e-03,1.282743601877347475e-03,1.267982856683709005e-02,2.123774276184605458e+00,4.510417176183444177e+00,4.485057519049770569e+00
8.793610014993475943e-01,-2.373192970598303475e-02,-2.964261627653801915e-04,2.903544290043780923e-02,4.336007261220954589e+00,1.880095896936084188e+01,1.874288808355996494e+01
9.313738756847778077e-01,-3.844553385507215593e-02,2.345435782001651249e-03,1.402532988283898552e-02,1.238212927069727742e+00,1.533171252762582704e+00,1.505120592996904705e+00
9.698778268799695956e-01,-1.073339229902178782e-01,1.457306285758754125e-03,1.411754594588780949e-02,1.623025713086274413e+00,2.634212465339209608e+00,2.605977373447434076e+00
7.783936142207030784e-01,-1.153651823924156661e-03,-2.577281371463897679e-04,1.419114806650165032e-02,1.891639880157753417e+00,3.578301436203239927e+00,3.549919140070236345e+00
8.499533032304311675e-01,-3.686963178132141028e-02,-2.673576801030584126e-05,1.783188621779744840e-02,1.625712104140293990e+00,2.642939845548261779e+00,2.607276073112667625e+00
8.837530807624671692e-01,-4.074583327317760073e-02,7.393613901536684983e-04,1.755890568133762486e-02,2.101532010519551186e+00,4.416436791238347759e+00,4.381318979875672426e+00
7.659983174749405155e-01,2.105753924415532108e-03,5.263056026262788716e-04,1.321944574095008408e-02,1.605119030876279052e+00,2.576407103281205035e+00,2.549968211799304996e+00
9.885729575807010727e-01,-5.545943648674639403e-02,8.130586542675030974e-04,2.030255925159918720e-02,1.253284395666668383e+00,1.570721776421566185e+00,1.530116657918367595e+00
9.226412066672038392e-01,4.968416061379532511e-02,8.620971295561515426e-04,4.218800215078383209e-02,1.945862784177785132e+00,3.786381974848121335e+00,3.702005970546554003e+00
6.989912109559395237e-01,-1.709993324888470223e-02,-1.444949465305281669e-04,2.034316174927393306e-02,3.048878779133169292e+00,9.295661809848564161e+00,9.254975486350016212e+00
4.093067010829528618e-01,-3.122792758208703390e-02,4.648238680662187920e-04,5.650895503033230051e-03,1.416772420051577441e+00,2.007244090218803123e+00,1.995942299212736470e+00
9.345289103376230866e-01,-1.760727550937468688e-02,-2.146990976072745024e-04,1.817055903354012486e-02,2.197662248536874419e+00,4.829719358644150695e+00,4.793378240577069960e+00
9.938857955344613249e-01,-8.740074118457738517e-02,6.226094033759252064e-04,2.158828351674376214e-02,1.674125079698813190e+00,2.802694782476557567e+00,2.759518215443069966e+00
4.958206873899313472e-01,8.700461284235072590e-03,8.731561551164523298e-05,1.147326499187076472e-02,2.483252081209237794e+00,6.166540898830010775e+00,6.143594368846270193e+00
7.047758251701459198e-01,4.299907296589022820e-03,8.955212415065991497e-04,9.275007804333882527e-03,1.360538596893675845e+00,1.851065273637412245e+00,1.832515258028744265e+00
5.202599291597942432e-02,3.691679583967655276e-03,1.981239064166530795e-04,3.033996829691248606e-03,6.065848702409719628e+00,3.679452048052568358e+01,3.678845248686629787e+01
4.374040864235984039e-03,1.802296089365995613e-04,7.262326030006570957e-06,6.095737311837975226e-05,6.150484594502954039e+00,3.782846074721816620e+01,3.782833883247192830e+01
9.461112170506421615e-01,1.282536093730657356e-02,5.432485730324173451e-03,5.193199270939542062e-02,3.193959113073795208e+00,1.020137481598714402e+01,1.009751083056835164e+01
9.807854948687252383e-01,1.278449360009087377e-02,1.813675891362805017e-03,3.453761330105523109e-02,1.749267500756484850e+00,3.059936789202838625e+00,2.990861562600727996e+00
9.864245395155865070e-01,2.051118212046938449e-01,4.261825933073373242e-03,3.540834969350000611e-02,2.020497990008756517e+00,4.082412127629425846e+00,4.011595428242426209e+00
9.427536412548780387e-01,2.752863625016904736e-02,2.650020489254563839e-03,1.781871419186686206e-02,1.648188908225337590e+00,2.716526677197030448e+00,2.680889248813297154e+00
8.486689305907946235e-01,8.254354889846493570e-03,5.685756940359160691e-04,1.483253236337887630e-02,1.705791669557195078e+00,2.909725219930722862e+00,2.880060155203965078e+00
2.889095427648199488e-01,-3.401972921317183984e-01,6.065835204105092526e-03,1.735539109982197487e-02,2.305332980955418609e+00,5.314560153080796212e+00,5.279849370881152026e+00
9.888022209637569171e-01,5.595528322059084569e-02,5.445043550309982584e-03,4.027320642394435074e-02,1.906604869389408652e+00,3.635142127979403615e+00,3.554595715131514844e+00
9.932263556893534684e-01,-5.324951040286946685e-02,2.141133963491932538e-04,6.900611092419848755e-03,1.333637112031082816e+00,1.778587946586607016e+00,1.764786724401767426e+00
9.254064905685986941e-01,6.247075904511789624e-03,4.608715167588084730e-05,2.426706155220113847e-02,2.139933988526392383e+00,4.579317475250473279e+00,4.530783352146070975e+00
3.267174272796911083e-01,9.354523041867512934e-03,2.487067031459249625e-04,5.152619297082654259e-03,2.104991760987907412e+00,4.430990313826971949e+00,4.420685075232806405e+00
7.974218352441001523e-01,2.732900742488714174e-02,1.084146432411782946e-04,9.103102293304693102e-03,1.447278254707717426e+00,2.094614346549816819e+00,2.076408141963206777e+00
9.306981521892760956e-01,-4.341385301491687554e-02,-3.629713793038987602e-05,1.456259069550867521e-02,1.437703192408677388e+00,2.066990469462102631e+00,2.037865288071085246e+00
9.935522074873848197e-01,-4.724887222110694951e-02,6.866074713936947977e-04,3.042528192825856570e-02,2.347704790334120162e+00,5.511717782557775891e+00,5.450867218701258565e+00
8.269040937578575612e-01,-4.090398505240233629e-02,-4.943019422483240389e-05,1.003358397853877475e-02,2.333187505799428685e+00,5.443763937218559334e+00,5.423696769261481698e+00
8.387127374070426633e-01,-4.115638643554608844e-02,4.169893272587923624e-03,3.325974567047979696e-02,2.038102442483320953e+00,4.153861566056479049e+00,4.087342074715520468e+00
8.985348610563215210e-01,-5.384699788535207698e-02,1.534043655723390642e-03,1.645729481292025620e-02,2.093822565174111361e+00,4.384092934432295863e+00,4.351178344806454490e+00
9.836028940623573469e-01,6.609463355985645272e-02,5.437951577098372891e-04,3.052478932801496597e-02,1.787046697007726115e+00,3.193535897286223335e+00,3.132486318630193001e+00
3.264178592778638199e-01,-5.386592854502869621e-02,8.251782363257671488e-05,2.093827478248686674e-02,7.956912802144909591e+00,6.331246134093755273e+01,6.327058479137257763e+01
9.554542301714853414e-01,2.139705941384231758e-02,4.749203110996259728e-04,1.338905385788670063e-02,1.665516638088839318e+00,2.773945671750749575e+00,2.747167564034975751e+00
9.812607096242841331e-01,1.716760197679217947e-02,1.174270983257776893e-03,1.849733755943023736e-02,1.777925582655063508e+00,3.161019377459346913e+00,3.124024702340486126e+00
9.452157218930982152e-01,2.439342730369964407e-02,4.951546512809283131e-04,1.267982531366739114e-02,1.717291028782692131e+00,2.949088477537516795e+00,2.923728826910181766e+00
9.235076620987047180e-01,-1.761447952886485702e-02,6.489974274154602365e-04,1.617530701054888456e-02,1.794800160637436637e+00,3.221307616624168091e+00,3.188957002603070467e+00
9.215396024628831340e-01,-6.635541532009892052e-02,1.020306482454704780e-03,4.032417755949031096e-02,1.846847409241356708e+00,3.410845353021511706e+00,3.330196997902531209e+00
9.169677161404630183e-01,-1.224509436945453444e-02,4.299417781837522009e-05,1.177958426352755661e-02,1.466923677148743943e+00,2.151865074579592196e+00,2.128305906052537111e+00
8.458357285125388536e-01,4.865495213085383602e-02,7.348980599570055028e-04,1.439279337203698897e-02,1.979229790649920551e+00,3.917350564196128371e+00,3.888564977452054094e+00
8.385042524845783829e-01,-8.968478277801750220e-02,2.294720675874025242e-03,2.411649100845200677e-02,2.224930212833259091e+00,4.950314451978250929e+00,4.902081469961347082e+00
9.438430960579682338e-01,4.616167337070464782e-02,7.159376378248590500e-04,4.399646604468974986e-02,1.520083273811883684e+00,2.310653159322654471e+00,2.222660227233274721e+00
9.258104072046300370e-01,1.021338626145751327e-02,1.600954282208403917e-03,2.071628207157539397e-02,1.492265610507994111e+00,2.226856652304796125e+00,2.185424088161644907e+00
9.751538341431934542e-01,7.341189931544325753e-02,1.819563353823340588e-03,1.645584996299435943e-02,1.757745388579762702e+00,3.089668851073420708e+00,3.056757151147432072e+00
6.762079027337903891e-01,1.088227473730880579e-01,7.067256284251611891e-03,3.985830850139274878e-02,2.219085505624150745e+00,4.924340481271192616e+00,4.844623864268407409e+00
9.521122706151067261e-01,4.493104632429334444e-02,8.479485588853374846e-04,2.477937624771145778e-02,1.649858817588609750e+00,2.722034117974885259e+00,2.672475365479462184e+00
8.816876539721661965e-01,-5.419822707322441424e-03,-3.510709874414564668e-05,1.073304124261924460e-02,2.303920006445915103e+00,5.308047396101745363e+00,5.286581313616506961e+00
9.107465669625796068e-01,2.881042264946839793e-02,1.288356221901592528e-04,9.897570244057319125e-03,1.360636773000200472e+00,1.851332428040399325e+00,1.831537287552284621e+00
7.123508368337865271e-01,3.054407091814947961e-02,2.766777203122035137e-04,1.821683075647678382e-02,2.548148092246433905e+00,6.493058700019141760e+00,6.456625038506188297e+00
9.396828692290536411e-01,-5.408593674726824840e-02,9.947063647219723907e-04,1.613943841654032207e-02,1.874133176782647237e+00,3.512375164317417031e+00,3.480096287484336415e+00
9.925009436341631908e-01,1.088855318507248038e-02,4.614049777148771609e-04,2.964789787502972521e-02,1.750699400444843956e+00,3.064948390717936011e+00,3.005652594967876734e+00
8.759314158066864309e-01,2.683107570261877850e-02,1.137717906003978441e-04,2.367071064340926095e-02,1.575684234486003144e+00,2.482780806807741936e+00,2.435439385520923761e+00
9.739849434447781507e-01,5.243248865641880752e-02,1.941167001232813050e-03,1.484432857178896725e-02,1.836651392103786584e+00,3.373288336116777142e+00,3.343599678973199207e+00
9.883306697009545116e-01,6.103592681389169439e-02,5.159257640958273862e-04,5.598288523553422713e-02,2.457922845927671407e+00,6.041384716533183763e+00,5.929418946062114948e+00
9.917549849564651909e-01,-1.380167929890851186e-01,6.394182013929910384e-04,4.560114311630650286e-02,2.045569149124633945e+00,4.184353143850479739e+00,4.093150857617867011e+00
9.856628322248489615e-01,-1.139669674461604720e-01,1.869216280725653810e-03,5.653625889719939707e-02,2.242257977019185500e+00,5.027720835506169550e+00,4.914648317711770353e+00
9.815379844903191486e-01,3.470731242457440746e-02,4.427802117562730380e-04,4.269878768356481086e-02,1.761778377848710386e+00,3.103863052655233545e+00,3.018465477288104104e+00
8.513139454585426646e-01,-2.867391495703253135e-02,7.606838977172467389e-04,1.904613665691010094e-02,2.498368645728361148e+00,6.241845889958565152e+00,6.203753616644744895e+00
9.781565919251707930e-01,2.232323163100480290e-02,9.555945339174841575e-04,1.293482321139814706e-02,2.032571800190660749e+00,4.131348122930303290e+00,4.105478476507506969e+00
8.581508350727450329e-01,2.617296353312975610e-02,9.611135950349594410e-05,8.169526996018024873e-03,2.001368920400945939e+00,4.005477555546847590e+00,3.989138501554811977e+00
7.544892147031398988e-01,6.875831122172210152e-02,1.905036753359032567e-05,1.433472486734964704e-02,2.348185120133662540e+00,5.513973358417142201e+00,5.485303908682443108e+00
9.701792295809101851e-01,-7.015165580169846482e-02,2.062743617616609622e-04,5.274063174071066257e-02,1.575145976888868260e+00,2.481084848509186980e+00,2.375603585027765252e+00
9.837017192052456283e-01,2.804762903109135341e-01,4.701665276680868158e-03,7.884938826948878487e-02,2.071628199324248687e+00,4.291643396235429009e+00,4.133944619696451106e+00
1.220265245728999748e-01,1.715516584620546681e-03,5.172825546487325806e-05,3.839687255669381981e-03,4.635694743643708371e+00,2.148966575624590547e+01,2.148198638173456843e+01
9.119065777055800348e-01,-1.136232851673584232e-01,2.889353691303096902e-04,3.585929238780462963e-02,2.430377108592210345e+00,5.906732889969031675e+00,5.835014305193422679e+00
2.599796770761255704e-01,8.040191021793208215e-03,-1.379995054419783421e-04,1.555329308403981085e-02,3.178175948098192816e+00,1.010080235706984730e+01,1.006969577090176848e+01
5.395561868637077652e-02,1.194134513774036677e-03,4.415419920788729162e-05,9.296731224816037449e-04,2.629630602006377771e+00,6.914957103008424255e+00,6.913097756763461277e+00
9.391396725688196945e-01,8.569108191651686468e-02,1.199054191419481052e-02,5.550229291246421004e-02,6.017877143079338076e+00,3.621484530919673261e+01,3.610384072337180328e+01
8.343060525229246682e-01,-6.927406255944829061e-02,7.777461836224992082e-04,1.790061837041465390e-02,2.590452264471497124e+00,6.710442934505507218e+00,6.674641697764678305e+00
9.377764698759524231e-01,-3.569625506750701005e-02,-3.079847608440592754e-04,2.972453822595724077e-02,2.505834364803381842e+00,6.279205863829567136e+00,6.219756787377652252e+00
9.890312129550271614e-01,-7.427121952815957107e-02,1.419977823148907978e-03,5.568734832104609012e-02,2.455302609930410274e+00,6.028510906331084662e+00,5.917136209688992565e+00
8.131101585674272991e-01,4.482450991472319846e-04,5.926564897207367262e-04,2.230852142689676229e-02,3.004548727037997580e+00,9.027313053145652688e+00,8.982696010291860489e+00
8.464049601660504907e-01,3.319535122993766407e-03,4.267451004053263814e-04,2.168454529096050867e-02,2.512992157304932750e+00,6.315129582676100917e+00,6.271760492094180073e+00
9.893616840660339751e-01,-1.043909008551433537e-01,-2.147827875728557860e-05,3.922004757074579184e-02,1.758952331020738447e+00,3.093913302803289245e+00,3.015473207661797606e+00
7.544966953237290941e-01,1.640238465709359383e-02,-1.575097615162587665e-03,7.366674130164127532e-02,2.873840348160117131e+00,8.258958346713063392e+00,8.111624864109781896e+00
2.561590645720024373e-02,2.968135708462105171e-04,-2.067986040675495341e-06,5.086673332051357653e-04,3.193244753868427654e+00,1.019681205810823421e+01,1.019579472344182314e+01
8.089020509290841821e-01,2.380915080629808500e-02,1.126321575342313641e-02,7.294425677950801268e-02,6.371005747177682643e+00,4.058971423057106165e+01,4.044382571701204654e+01
6.542603321509299352e-01,-6.662333863611710760e-02,1.114600735559584258e-03,2.830484718559555385e-02,3.080740870364722994e+00,9.490964310335591847e+00,9.434354615964398505e+00
8.350557565575664754e-01,-5.212942730800157465e-02,1.045066561524290701e-03,1.720934480361609870e-02,2.736776342588767896e+00,7.489944749353552034e+00,7.455526059746319767e+00
9.471941488815739385e-01,3.995311278800417476e-02,1.767557944085129413e-03,1.876070451382837526e-02,1.856340257374953229e+00,3.445999151150907380e+00,3.408477742123250831e+00
9.168555849944791669e-01,-4.883826587342432468e-03,5.899088257313176765e-05,1.665004395790212546e-02,1.517609405710884429e+00,2.303138308302143500e+00,2.269838220386339422e+00
9.878212964877425284e-01,1.497832297053041106e-01,3.290348449270320071e-04,2.446018834504808462e-02,1.999157256703337771e+00,3.996629737029615548e+00,3.947709360339519247e+00
2.655656669674925086e-01,-4.018296492906547890e-02,5.366199092725011579e-04,7.023711774556134699e-03,3.107630944012349516e+00,9.657370084183085623e+00,9.643322660633971921e+00
8.794624019867339770e-01,-3.412718233666089951e-02,6.037913530031218572e-04,1.586096560075658454e-02,2.092735756038862416e+00,4.379542944603548982e+00,4.347821013402036527e+00
9.746787681555508787e-01,-7.239233308719590643e-02,9.298531632205591551e-04,2.127537589802699566e-02,1.711076685294345534e+00,2.927783422957884518e+00,2.885232671161830353e+00
9.673728598920593447e-01,-4.951678832366068761e-02,1.732045410361301562e-03,4.117287316157948462e-02,2.040972914103067026e+00,4.165570436102365548e+00,4.083224689779206606e+00
7.605666143869935780e-01,-6.007364944311166521e-02,3.959914420455888781e-04,1.276873640856925410e-02,1.972512140270517689e+00,3.890804143514578595e+00,3.865266670697440343e+00
5.368324985278698502e-01,-1.370778122369261665e-01,4.750604230479532446e-03,1.672381065320520041e-02,2.487413919417980512e+00,6.187228006514319034e+00,6.153780385207908488e+00
9.923990645835605307e-01,-2.401696536311768992e-02,2.368989347742689029e-04,2.617180552381162539e-02,1.799562465172582559e+00,3.238425066058022050e+00,3.186081455010398855e+00
9.497699535576652474e-01,-5.720813916544376099e-02,1.588926106450990871e-03,3.212744595777518308e-02,1.435784766959404157e+00,2.061477897032670814e+00,1.997223005117120476e+00
6.601023007262192266e-01,1.381218991103072558e-02,3.712648492933190176e-03,3.368690229626879196e-02,2.020124846362039150e+00,4.080904394889251385e+00,4.013530590296713108e+00
8.781789440591145635e-01,1.522290694038516690e-02,1.202966623041989665e-04,1.616090579484039808e-02,2.129469743485211453e+00,4.534641388418971353e+00,4.502319576829290071e+00
9.809428107756833493e-01,5.541739276755074106e-02,6.160559324063270706e-04,2.852069059984263175e-02,1.973877638107390364e+00,3.896192930220409689e+00,3.839151549020724197e+00
9.033352468980139216e-01,-3.109995929142495008e-02,-6.085015433819143411e-04,8.112643926232303293e-02,2.494003216234858211e+00,6.220052042589816033e+00,6.057799164065170494e+00
9.018954356919280935e-01,1.108813235532635222e-02,3.148667020553758741e-04,1.228356095526406816e-02,1.629908827278114147e+00,2.656602785239117193e+00,2.632035663328588626e+00
7.733697310954792403e-01,2.666576548447929795e-02,3.913756840926107508e-04,2.678696415205475759e-02,2.366593681175766850e+00,5.600765651781068222e+00,5.547191723476958103e+00
4.221570682340620717e-01,-1.589727110520930964e-01,1.438350911810276341e-04,2.570446526231025611e-02,7.577514426936072134e+00,5.741872489042430772e+01,5.736731595989968469e+01
8.902310739202800027e-01,-1.193166310820797937e-02,3.660776235425907961e-04,1.079883257579481760e-02,1.465611533419592050e+00,2.148017166892528085e+00,2.126419501740938856e+00
9.078870771645188853e-01,-1.205660589899237856e-02,2.245201342009089018e-04,1.545273997792309326e-02,1.743377870122708728e+00,3.039366398033592098e+00,3.008460918077745738e+00
9.504935988988000295e-01,9.627078782499887133e-02,-1.383603544460464574e-04,3.853032687509429233e-02,2.019066320121364999e+00,4.076628805048430060e+00,3.999568151298241059e+00
1.117628765535484403e-01,1.446118550470054664e-03,-3.430143849094608371e-05,3.460184007045418765e-03,1.712230710403502165e+00,2.931734005648881869e+00,2.924813637634791075e+00
5.878724270295264676e-01,-6.495083475160479125e-03,3.065424207615216330e-04,9.423866896720848110e-03,3.046279921472627716e+00,9.279821359967279193e+00,9.260973626173836237e+00
7.781435086951153934e-01,-1.219320779879340400e-02,1.708814847658072004e-04,8.751946236082596212e-03,1.993280356730162239e+00,3.973166580526322544e+00,3.955662688054156995e+00
7.217058865593553030e-01,-7.604664930054017002e-03,5.341141790857332518e-04,2.725186154653473636e-02,2.113964361154552218e+00,4.468845320231574547e+00,4.414341597138505158e+00
9.158664426989232554e-01,-5.893319151730974648e-02,2.376945006394194789e-04,1.223031592583662987e-02,1.319351434516587762e+00,1.740688207760977990e+00,1.716227575909304637e+00
9.499464587008324967e-01,-1.480643465460707714e-02,4.411762661407817683e-04,2.160035129347141064e-02,1.620467673937461051e+00,2.625915482276285573e+00,2.582714779689342599e+00
4.248455998023774605e-01,1.572391780450510534e-02,2.965708195228774721e-04,6.072847538971483036e-03,1.973826889959948927e+00,3.895992591528964155e+00,3.883846896451021102e+00
8.895262604282548891e-01,-2.731896985687554125e-02,4.321325670653417884e-04,1.228077790936651752e-02,1.481639449709977630e+00,2.195255458936885340e+00,2.170693903118152246e+00
9.779516911341684660e-01,6.301754110825980026e-02,-1.586989145349085003e-04,3.132180142196839406e-02,1.529873731886744137e+00,2.340513635517073254e+00,2.277870032673136258e+00
9.091006436734317964e-01,6.701003618445211529e-02,3.073513204560543357e-03,4.706471381456963504e-02,3.009149404369368952e+00,9.054980137816528440e+00,8.960850710187390433e+00
8.710862218374173516e-01,-1.590649353577616720e-02,1.177794156980733913e-05,1.176103501561854246e-02,2.108651429725681758e+00,4.446410852084161647e+00,4.422888782052924128e+00
8.108257486223720001e-01,-1.589865417890790056e-02,9.103960401459991036e-04,2.653476803438368364e-02,2.368078521920601087e+00,5.607795885981659012e+00,5.554726349912892047e+00
9.920613901389931932e-01,-1.053640909901174538e-01,3.335600854894593681e-03,4.077091243627428696e-02,2.216528138473532028e+00,4.912996988644940721e+00,4.831455163772391259e+00
9.823495998657360007e-01,4.750066106361391927e-02,8.902696830331945218e-04,2.556392064045952608e-02,2.111806356018309572e+00,4.459726085319331013e+00,4.408598244038412162e+00
9.903608606424407768e-01,5.858624482844110304e-02,-1.316588233075748852e-04,1.818093814142197201e-02,1.734272596948384093e+00,3.007701440526092007e+00,2.971339564243248077e+00
8.801098146331164385e-01,1.033734560560166105e-01,2.170320292648810021e-03,2.666576773376587439e-02,2.905178974970536565e+00,8.440064876610856359e+00,8.386733341143324694e+00
6.636158845440052190e-01,-2.219442317907115991e-01,3.651601042339725454e-03,4.513013726737315906e-02,2.537018372669509247e+00,6.436462223262644500e+00,6.346201948727897779e+00
8.028280660008959568e-01,-9.659092694214010955e-02,1.253566224573664234e-02,2.942718046279858835e-02,2.651835618413596940e+00,7.032232147087024821e+00,6.973377786161427672e+00
9.237011097505405388e-01,5.147055611644646422e-02,1.263155166682678203e-04,1.472307355725914306e-02,1.824648645350422704e+00,3.329342678979132941e+00,3.299896531864614957e+00
6.416254117858884998e-01,-2.293179424431417424e-01,1.131559079112202980e-03,1.401836130423874185e-02,2.664165744764532384e+00,7.097779115576754450e+00,7.069742392968277223e+00
7.887158860776899427e-02,5.809329102030580394e-03,3.036833975833183315e-04,5.647888680751203018e-03,4.006541368716931117e+00,1.605237373924014221e+01,1.604107796187864210e+01
2.102567191678128555e-02,-2.028130132902816740e-05,-5.786065826677898132e-06,5.530599266660924437e-04,2.471778639392358645e+00,6.109689642156339140e+00,6.108583522303006497e+00
9.380738052450076081e-01,-1.467356333106861754e-02,6.350655236893831780e-04,4.408756246866222389e-02,4.594634849695949264e+00,2.111066940204052145e+01,2.102249427710319907e+01
7.908467404579224702e-01,7.787009648197484868e-02,2.401859547482850400e-03,1.686618500356428657e-02,1.742187110981255449e+00,3.035215929669213608e+00,3.001483559662085021e+00
9.187357264015155733e-01,8.521530789657338900e-03,-8.598072799844451366e-05,3.403758696860200578e-02,1.749445859307048101e+00,3.060560814646575700e+00,2.992485640709371619e+00
5.722591706813766610e-01,-3.979668620340792717e-02,1.094506827496365755e-04,5.726561398290039642e-03,2.581492636131742291e+00,6.664104230402412732e+00,6.652651107605832337e+00
9.010846114273746155e-01,-1.311834502399067681e-01,6.238875788574659194e-04,1.326306624813243518e-02,1.438728488897478508e+00,2.069939664765221732e+00,2.043413532268957056e+00
9.939502002763976884e-01,1.603683480996953570e-02,2.930807415206019423e-03,4.523797132778983182e-02,3.021964003803267129e+00,9.132266440282673869e+00,9.041790497627093970e+00
9.978929654441657249e-01,-1.072579457198481745e-01,4.246867591453203561e-04,1.270131865645239902e-02,1.494482509351177546e+00,2.233477970756592157e+00,2.208075333443687338e+00
6.923002294298423731e-01,6.108921590528726409e-02,8.311392715318314693e-04,8.058344393667044026e-02,2.954110483023401734e+00,8.726768745908756841e+00,8.565601858035414296e+00
7.935330827844102597e-01,3.841798236092319740e-03,3.773085290761583454e-04,1.494375378015375816e-02,1.647595692841313797e+00,2.714571567069248736e+00,2.684684059508941179e+00
9.418348453637086504e-01,1.895531439894404535e-03,1.839735148362009150e-04,1.898177724650832246e-02,1.580892501207630696e+00,2.499221100374518834e+00,2.461257545881502029e+00
2.536131453544878678e-01,3.923562998426888271e-04,2.914515918914139451e-04,5.971482816088455672e-03,4.488743499331424580e+00,2.014881820279012459e+01,2.013687523715794825e+01
9.693947637939497319e-01,-2.194046405221050655e-02,1.114226765076149588e-02,3.608687028401784402e-02,2.425997597221766000e+00,5.885464341725781701e+00,5.813290601157746096e+00
9.872931929449074717e-01,-9.589547897265315868e-02,1.794382833370733715e-03,3.019812375354770026e-02,1.824503199558620059e+00,3.328811925199641752e+00,3.268415677692546151e+00
9.296541113963300296e-01,8.619093205314282136e-02,1.135059990699412375e-03,4.009106689760954384e-02,1.652841246296285371e+00,2.731884185458257619e+00,2.651702051663038517e+00
9.952559981053999971e-01,4.756451469111182967e-02,2.006405410045858546e-03,4.215142435756964734e-02,1.691545196587875166e+00,2.861325152099513325e+00,2.777022303384373725e+00
9.024413603013289320e-01,-3.071500727367454386e-02,1.796867312233360429e-03,3.703690187017852353e-02,2.571816955150363349e+00,6.614242450798885287e+00,6.540168647058528073e+00
8.076841830166009428e-01,6.156552141259274968e-02,5.412273050401480079e-04,2.834887583414024206e-02,2.708786813696499429e+00,7.337526002056034891e+00,7.280828250387754608e+00
9.003233273102988488e-01,-3.556166300819557646e-02,7.765901935516029845e-04,2.089890697591676935e-02,1.654839685428625140e+00,2.738494384469510656e+00,2.696696570517676861e+00
9.933410692661175379e-01,-1.148884113731875323e-01,-4.994972319500427284e-04,6.513423139486834712e-02,1.219365495372885189e+00,1.486852211305961458e+00,1.356583748516224874e+00
4.758100828668879734e-01,-4.673415794052310224e-03,-7.418774435503076468e-05,1.136997283382940559e-02,1.962731469857709854e+00,3.852314822769805858e+00,3.829574877102147390e+00
9.597028920409332864e-01,9.701051262879012427e-03,1.062290953719486654e-03,2.559797989677267682e-02,1.523685081141799236e+00,2.321616226494091606e+00,2.270420266700546197e+00
7.084090971223621080e-01,-1.640589043858344809e-01,4.992999258676692614e-03,3.337517892341722997e-02,1.233570689102551521e+00,1.521696645012943883e+00,1.454946287166109409e+00
9.692978950673178939e-01,3.625556586087680389e-03,5.220673053764380048e-05,4.680001474055237726e-02,1.539832114887238257e+00,2.371082942038105212e+00,2.277482912557000638e+00
8.845332295723722371e-01,-5.110492423667656325e-02,1.021545787906800789e-03,3.869226442806828620e-02,2.408138773227327167e+00,5.799132351120817042e+00,5.721747822264680927e+00
8.684179217896627057e-01,7.681075373262846728e-05,1.846710524006158014e-03,2.545188446338657318e-02,2.153791671172739619e+00,4.638818562813061597e+00,4.587914793886287868e+00
9.018433558017745488e-01,4.805585216430013906e-03,4.410245546683556092e-04,9.467667511000999250e-03,1.420809993859769582e+00,2.018701038651798729e+00,1.999765703629797109e+00
5.006008124334196951e-01,8.351116260411711734e-02,7.154029137316471408e-05,5.828374328582928109e-03,1.643116581214585592e+00,2.699832099462307511e+00,2.688175350805141584e+00
9.949434929359849411e-01,-4.255021883852388997e-02,7.981948637292469876e-05,1.155416155968896734e-02,8.691892473172591060e-01,7.554899476519434387e-01,7.323816245325655006e-01
9.944926642647967663e-01,5.555855321487113141e-04,1.896313676600472646e-04,1.190136326951584181e-02,1.694078226060442782e+00,2.869901036012096451e+00,2.846098309473064969e+00
9.972956922328608531e-01,3.443600784444744711e-02,1.765475383894781714e-06,1.590813778781584656e-02,1.270098390106751962e+00,1.613149920551762984e+00,1.581333644976131048e+00
6.697564694014168651e-01,-1.715338395786769610e-02,1.658375995545603276e-04,8.267046587179041617e-03,2.131398733685191615e+00,4.542860561954838339e+00,4.526326468780481171e+00
9.948086671359015476e-01,-2.139723281707830993e-02,2.370511130000067356e-04,8.132631226204759325e-03,2.089291578846250275e+00,4.365139301437857888e+00,4.348874038985448998e+00
9.977465652913892757e-01,5.045166946597656743e-02,8.692851600236672867e-06,1.719010563582576770e-02,1.578314404134695037e+00,2.491076358299057159e+00,2.456696147027405797e+00
8.781776052370636743e-01,-9.869896892193330551e-02,2.875234993420694180e-03,4.858446804843240263e-02,2.049943433215016597e+00,4.202268079381369148e+00,4.105099143284504315e+00
8.244600343084483862e-01,2.119211145644364636e-02,3.076633904693500620e-04,1.585453181738542827e-02,1.876938550639114967e+00,3.522898322875261279e+00,3.491189259240490284e+00
8.977303372121259173e-01,2.490742997417627613e-02,1.441842939845040155e-03,1.549504733723307964e-02,2.109934428677977980e+00,4.451823293320664732e+00,4.420833198646198170e+00
6.945283815927938420e-02,1.701331118678650611e-03,4.347817324676999406e-06,2.543089842238879014e-03,3.317950161514964691e+00,1.100879327429717947e+01,1.100370709461270202e+01
8.556578796322766856e-03,4.790408190595840665e-04,2.316783244469338782e-05,2.270090947369622473e-04,8.381928275341040901e+00,7.025672161296164120e+01,7.025626759477216865e+01
9.297523453128064830e-01,6.304196796964384175e-02,8.450967479141951360e-04,5.202107593588981005e-02,3.792879295303021259e+00,1.438593334873834273e+01,1.428189119686656383e+01
7.004501074725573151e-01,3.210874571596411542e-02,1.219154898927321540e-03,2.409215109725604265e-02,2.330611451466232609e+00,5.431749737705539260e+00,5.383565435511027175e+00
9.479818273820699304e-01,-8.876483571560012109e-03,-1.988321726613315177e-04,2.290691587982137539e-02,3.174218920781939346e+00,1.007566575705006073e+01,1.002985192529041747e+01
9.937603835699237997e-01,9.871556732935285461e-03,1.854041754194201514e-03,1.730936180075329581e-02,2.373775751969035674e+00,5.634811320636161192e+00,5.600192597034655329e+00
9.920099445071630662e-01,3.541886105101094140e-02,2.651507176426192336e-04,1.771997647457116895e-02,1.766945868977255030e+00,3.122097703895786669e+00,3.086657750946644185e+00
2.621420335087701892e-01,-2.433301164200017963e-01,1.090548243545822827e-03,1.014635995193812965e-02,2.437030039430288841e+00,5.939115413085596096e+00,5.918822693181719607e+00
8.529940399049645849e-01,-6.148605049821598278e-02,2.520125268733729076e-03,2.632369670437247067e-02,2.664922605895937657e+00,7.101812495415195770e+00,7.049165102006450745e+00
7.556451712006316823e-01,1.588797623612081544e-02,4.095535877289011918e-04,1.351109280478632151e-02,2.161731820499622092e+00,4.673084463760610596e+00,4.646062278151037006e+00
6.230123847038244733e-01,-7.074858222756741366e-02,1.572389246506632589e-03,2.175621562670468009e-02,2.703335681987613981e+00,7.308023809507438351e+00,7.264511378254028706e+00
9.130413211290522302e-01,-6.085159860058994563e-02,5.156525769525029329e-04,1.853255348922734635e-02,1.460436415086666440e+00,2.132874522511193582e+00,2.095809415532738917e+00
9.275386155937104249e-01,-7.354033484994124126e-02,2.134155694012832439e-03,2.883014781441898752e-02,1.322286836919100539e+00,1.748442479089520107e+00,1.690782183460682209e+00
8.776030879768940141e-01,-8.435000109370908994e-02,2.420905152754933808e-03,1.628957648975050410e-02,1.891560595999110639e+00,3.578001488336510327e+00,3.545422335357009125e+00
8.985249381492097509e-01,-2.793182608203842454e-02,2.883307441718098939e-04,9.499284724092090307e-03,1.311119110604192617e+00,1.719033322191528823e+00,1.700034752743344368e+00
9.816175964378736074e-01,-2.316024656232951173e-02,2.170816968880157365e-04,3.085297516681466054e-02,1.330311573615603482e+00,1.769728882895623245e+00,1.708022932561994001e+00
9.852326290866687541e-01,-4.622669383958066813e-02,3.840213356957951785e-04,2.984591750930089965e-02,1.952991731772154349e+00,3.814176704370398241e+00,3.754484869351796483e+00
9.715760668599118244e-01,1.027332461411569753e-01,2.368630705291452886e-03,3.263135551122233607e-02,1.960509734904228418e+00,3.843598420654247949e+00,3.778335709631803319e+00
9.068638279027102511e-01,1.050484681209895577e-01,2.605221203314135939e-03,1.695906834211096878e-02,1.937643113086121138e+00,3.754460833690074661e+00,3.720542697005852606e+00
9.220223276485991493e-01,1.166082886863528678e-02,7.514069118669789880e-04,1.538744595765756569e-02,1.307189199492651444e+00,1.708743603270238776e+00,1.677968711354923759e+00
9.857760733356464300e-01,8.910735769346767032e-02,3.473732513789197377e-04,3.756955464828268948e-02,1.881924505907517586e+00,3.541639845935253827e+00,3.466500736638688629e+00
9.166068906860433962e-01,-2.898588260882661860e-02,4.598661063060415703e-04,2.732996407962846527e-02,3.851390257735371137e+00,1.483320691737892894e+01,1.477854698921967191e+01
6.907392328336006138e-01,3.472312087460960317e-03,7.581675068363090539e-05,7.940916987719650114e-03,1.318019700643550562e+00,1.737175931284514530e+00,1.721294097309075566e+00
9.660661095503141338e-01,-8.505827496084084061e-03,1.050096398597995447e-05,1.756785864651726550e-02,1.390542491607076769e+00,1.933608420964817221e+00,1.898472703671782558e+00
7.460025958873197638e-01,-7.246708014394531716e-03,4.103990775314860450e-04,1.041321625251523386e-02,2.267695011628449997e+00,5.142440665764555163e+00,5.121614233259523807e+00
7.933691589211757655e-01,-1.216576517386602774e-04,2.906312386559784596e-04,9.924515098376376562e-03,1.480504457633624815e+00,2.191893449073033295e+00,2.172044418876280414e+00
9.960879562931282960e-01,1.648053801066914903e-02,6.290016120426943210e-04,1.670838457996494733e-02,1.517563264064101469e+00,2.302998260436889488e+00,2.269581491276959184e+00
9.399986044133761265e-01,-9.137577275609098937e-03,1.283920756832329039e-03,5.142905821864378335e-02,1.971540226278033936e+00,3.886970863832441392e+00,3.784112747395154130e+00
4.269568777805874404e-01,5.717907646346220840e-04,2.522941860413549430e-05,4.042969554540341154e-03,1.273410662042070873e+00,1.621574714202425049e+00,1.613488775093344429e+00
9.374101946780932781e-01,5.370042671713136373e-02,1.566292328097853084e-03,1.156145678045056129e-02,1.564340891056723137e+00,2.447162423432142297e+00,2.424039509871240838e+00
7.881295030763751930e-01,3.799656104556556335e-03,6.108874729879668481e-06,1.182164280777772344e-02,1.735238830118733810e+00,3.011053797551832112e+00,2.987410511936277047e+00
9.392529993746984163e-01,-7.093744624536357790e-02,8.329010746273156525e-04,2.646889246477666935e-02,2.052653948190639621e+00,4.213388231022621611e+00,4.160450446093068244e+00
9.163292714830475472e-01,-2.517384559601565375e-02,2.095541630891128049e-04,1.301782444965836338e-02,1.632245768444610556e+00,2.664226248605337410e+00,2.638190599706020656e+00
9.925439795751747063e-01,4.509636666555522089e-02,4.654762832315776093e-04,3.502530264912150082e-02,1.711418335857635586e+00,2.928952720309718760e+00,2.858902115011475953e+00
5.894462217393092729e-02,-1.285723573688002386e-03,-2.231926297306450512e-05,2.245353933307087709e-03,3.638549235274202598e+00,1.323904053751448551e+01,1.323454982964786986e+01
1.125975236208487384e-02,3.807145964187519382e-04,7.931582361163325181e-06,2.729051335265811665e-04,8.870863845878329101e+00,7.869222537211125257e+01,7.869167956184418244e+01
9.392715825819270004e-01,-1.711733414057214908e-02,2.979830534442668225e-03,4.510239273545674915e-02,2.390249755113881935e+00,5.713293891821972004e+00,5.623089106351058852e+00
7.899413547984290851e-03,6.307488658245929969e-04,5.434709102601228238e-05,2.024283835068320522e-04,5.159203520273452526e+00,2.661738096360198469e+01,2.661697610683497217e+01
8.971144081405979520e-03,3.893269526193954277e-04,1.630834465676262991e-05,2.429237694682782433e-04,1.096095468259985672e+01,1.201425275540077422e+02,1.201420417064688024e+02
9.260190482068731965e-01,-3.504871824706512484e-02,5.142437782104762600e-03,5.002561265201444646e-02,8.442208539076565543e+00,7.127088501725728520e+01,7.117083379195325676e+01
9.147764646517698717e-01,-1.031633548205996287e-01,3.981993099469789688e-03,4.136407268767982454e-02,1.776595068223270735e+00,3.156290036435247970e+00,3.073561891059888307e+00
9.595092640159827990e-01,-1.455525005762542401e-02,-9.614290223627202368e-05,5.950314572709371891e-02,1.914814815913459478e+00,3.666515779241696027e+00,3.547509487787508853e+00
9.417739806774264588e-01,-1.203317470033526959e-02,8.646824917356469653e-04,3.006684660922721505e-02,2.083911843471561998e+00,4.342688571361044580e+00,4.282554878142589949e+00
9.326409178479503348e-01,1.234736652300602588e-03,-8.650322711789693974e-05,2.338839808653270236e-02,1.827528856060864015e+00,3.339861719735130574e+00,3.293084923562065391e+00
8.929220828697519430e-01,-2.763535660808841277e-02,6.017106717778564163e-04,1.161129083937693061e-02,1.465457993467064179e+00,2.147567130616513609e+00,2.124344548937759480e+00
9.527146444325187424e-01,3.157513072352788330e-02,3.752282364905865737e-04,1.548214610120959324e-02,1.284669467303893864e+00,1.650375640222870421e+00,1.619411348020451058e+00
1.629330531952594141e-01,-9.029204023915937682e-04,3.788108020983823760e-06,3.842096088599035800e-03,3.986408006735221665e+00,1.589144879616268469e+01,1.588376460398548673e+01
9.930225227096352025e-01,-2.918164294750391630e-03,5.568650746789668564e-05,8.517857800480758274e-03,1.558521170797015021e+00,2.428988239822498230e+00,2.411952524221536276e+00
9.979962981210935835e-01,-2.235566380518050345e-02,5.232922075891085313e-05,1.433123120435499456e-02,1.682938897893963892e+00,2.832283334044550127e+00,2.803620871635840395e+00
2.986850522986326251e-01,2.876852548499831547e-02,1.324164522720124417e-03,3.536548660889691359e-02,4.159332058396564058e+00,1.730004317200539887e+01,1.722931219878760345e+01
9.980757711337107096e-03,5.353362561626440197e-04,2.451054234689587570e-05,2.794900164806148556e-04,1.048552740611813228e+01,1.099462849844544508e+02,1.099457260044214877e+02
8.672241725428628811e-01,-3.471983199286787780e-02,7.099655560268021935e-04,2.824592289593615135e-02,2.515407965641994981e+00,6.327277233615199670e+00,6.270785387823326396e+00
9.797698333755593403e-01,6.006511913310397244e-02,9.856910831776367812e-04,2.833308031622978201e-02,1.584055122287898465e+00,2.509230630446528831e+00,2.452564469814069170e+00
6.095561965295013263e-01,1.016533016511544929e-01,8.317369548741049908e-05,9.761355980859113754e-03,3.010782602477691139e+00,9.064811879382340010e+00,9.045289167420623500e+00
9.032601189083426796e-01,-6.429203772688640850e-02,2.000929092053790187e-03,5.577372742642867226e-02,1.856936565477107948e+00,3.448213408205917485e+00,3.336665953353060488e+00
9.975971678456178049e-01,-7.763792037885308694e-02,3.170813982415781511e-04,1.994293336605104314e-02,1.285947889661208654e+00,1.653661974924115929e+00,1.613776108192013892e+00
5.088570113416568397e-02,2.929048789276245124e-03,9.718645695568834991e-05,3.559914438425715831e-03,8.587065402706352657e+00,7.373769223035640152e+01,7.373057240147954872e+01
7.719428673575778888e-03,5.707719231651253722e-05,-2.064697470141328122e-06,1.975311869355869676e-04,8.243294861352110203e+00,6.795191017119410049e+01,6.795151510882024581e+01
6.497579161429223316e-01,1.223124483406368146e-01,3.038338700474558910e-04,2.412510755935842396e-02,3.873222174658529138e+00,1.500185001426654452e+01,1.495359979914782755e+01
9.723227619391391352e-01,1.071894466433319648e-01,2.191274551031647828e-03,3.178989758148040995e-02,1.630764508234680887e+00,2.659392881317900859e+00,2.595813086154939775e+00
9.973003153739079529e-01,1.431894012692784823e-01,3.735353691550579022e-04,1.638523108888891369e-02,1.486926291714439463e+00,2.210949796991654281e+00,2.178179334813876711e+00
4.227858449689081421e-02,5.165976476413813856e-03,6.324500779232407810e-04,3.328012882991882287e-03,6.744042383108012295e+00,4.548210766515719428e+01,4.547545163939120982e+01
7.551915165206257718e-03,4.334475165235218697e-05,-3.909844692881021994e-06,2.529158663970710978e-04,9.514835036412828018e+00,9.053208577014910929e+01,9.053157993841631423e+01
5.658933723832068052e-01,1.635003298518853398e-01,1.118280678686461686e-02,7.961404023548781031e-03,3.644191433897228549e+00,1.328013120688993709e+01,1.326420839884283964e+01
9.481650099367622264e-01,-1.928965882945365973e-02,3.817610108641466518e-04,1.308125135040275576e-02,2.357979655399626839e+00,5.560068055278542865e+00,5.533905552577737197e+00
9.800446344958094747e-01,-5.241602164848091494e-02,6.875608390513760501e-04,2.612874157352821844e-02,2.289334214489322061e+00,5.241051145631440811e+00,5.188793662484384228e+00
9.551831004550057624e-01,3.750521011337926147e-02,1.332437415078791985e-03,3.508499465496598552e-02,2.180951522991555258e+00,4.756549545639184196e+00,4.686379556329252516e+00
9.422920747918197559e-01,-2.261824212423708264e-02,1.189206631219523615e-04,9.896740953651743736e-03,1.941629970670934346e+00,3.769926943007613218e+00,3.750133461100309873e+00
9.761176631289648631e-01,1.369116344756725057e-01,1.091388701617147404e-03,3.687305655743037397e-02,2.443194307871933812e+00,5.969198426017817027e+00,5.895452312902956571e+00
1.421970012818984941e-02,1.624831985374441956e-03,2.120996884262959126e-04,4.545219940008528130e-04,1.107939367451278478e+01,1.227529641948339219e+02,1.227520551508459192e+02
1.164137710004919946e-02,1.820566492201081132e-04,-7.716323928493253656e-07,3.610691088973057728e-04,1.091407037687438475e+01,1.191169321913669847e+02,1.191162100531492030e+02
5.156024256452602650e-01,5.149137727547081766e-02,2.251105343660356889e-03,7.078835695207060658e-03,3.688551222560036535e+00,1.360541012144914141e+01,1.359125245005872706e+01
9.809395508218963222e-01,1.376961060378256718e-02,5.218788158076748118e-04,9.025343078258085683e-03,1.544121675620452550e+00,2.384311749120914037e+00,2.366261062964397865e+00
9.973323373479415777e-01,4.487840177541302378e-02,1.383782829779958083e-04,2.050598987147547736e-02,2.718395398678278951e+00,7.389673543555238311e+00,7.348661563812287412e+00
8.537885894280421439e-01,-5.740185937404351790e-02,4.444607370792019100e-04,2.029099550699904261e-02,2.757133685001811774e+00,7.601786156971670039e+00,7.561204165957671641e+00
9.954085875519729232e-01,6.286258109000233962e-02,5.195373375047213646e-04,9.034516086191031123e-03,1.585255074986644086e+00,2.513033652770910731e+00,2.494964620598528082e+00
9.981572849825162130e-01,4.008729371831198929e-02,8.667774105596163592e-04,1.175758658610471727e-02,1.694589061113329187e+00,2.871632086044954679e+00,2.848116912872745043e+00
9.217142508763699338e-01,2.671539254001500940e-02,6.750846602050426023e-04,2.912888280931281298e-02,1.901424049449640608e+00,3.615413415825469379e+00,3.557155650206843323e+00
8.919585429745348071e-01,7.423036044486609752e-02,1.819777531072574062e-04,2.414065895969406961e-02,2.358808582705005819e+00,5.563977929842798709e+00,5.515696611923410764e+00
8.997553274172509497e-03,3.523753820022790251e-04,9.756604526268304047e-06,3.666202536230171293e-04,1.049142221515147710e+01,1.100699400965739443e+02,1.100692068560666996e+02
6.729916974203775659e-03,3.302513615306423844e-04,1.436215756433328726e-05,1.287578242641434449e-04,9.772811100459925626e+00,9.550783680527273134e+01,9.550757928962420351e+01
8.773124984581295305e-01,-6.731971558938276701e-02,4.876525836706438119e-03,2.299756381539415015e-02,2.200381083449942654e+00,4.841676912404343724e+00,4.795681784773555556e+00
9.146726897802833767e-01,-4.591918124501725984e-02,3.048168104697134180e-03,1.949788047740138794e-02,1.695140765167024277e+00,2.873502213731044197e+00,2.834506452776241581e+00
9.889565785969020029e-01,-2.571596563084244114e-02,5.203316506661421299e-04,2.706164255643870101e-02,2.160850929742757831e+00,4.669276740570140305e+00,4.615153455457263298e+00
6.571635598189835559e-01,4.185259720874107137e-02,1.396219027700896674e-03,2.224970275557383928e-02,2.001139945516467566e+00,4.004561081541650580e+00,3.960061676030502742e+00
6.256766692841799760e-01,4.679528763005991188e-02,2.078315348478522798e-03,1.326464968237311796e-02,1.874101938865320616e+00,3.512258077258754163e+00,3.485728777894008257e+00
6.893023473273868218e-01,2.227532491912431745e-02,6.122466080477743412e-04,9.898831392057426751e-03,1.853129794474712932e+00,3.434090035169891753e+00,3.414292372385776986e+00
9.753693546216427590e-01,4.067108081466253022e-02,1.891928412468489237e-03,1.924619625507035039e-02,1.868187047228505815e+00,3.490122843432363009e+00,3.451630450922222426e+00
8.029611873150552803e-01,6.995544611877846375e-02,2.100145659518029475e-03,2.184637694091914190e-02,1.791732481468743421e+00,3.210305285150140797e+00,3.166612531268302444e+00
8.009902382045160918e-01,-1.047585887204409705e-01,6.330721234058050376e-04,1.031379655535479695e-02,1.462121307240207946e+00,2.137798717085814371e+00,2.117171123975104319e+00
7.416168194330023944e-01,7.114469125197864230e-04,8.183991177585915426e-04,1.680972266090964562e-02,2.603090805205988900e+00,6.776081740147964716e+00,6.742462294826145452e+00
9.721836823271949868e-01,3.780189891802826496e-02,9.334895713574261266e-04,3.964231055273180482e-02,3.912107523208309345e+00,1.530458527314305428e+01,1.522530065203758909e+01
9.976513707604377501e-01,4.488862422106720818e-02,7.480423243006874105e-04,2.354135761420252104e-02,1.760846453381899268e+00,3.100580232387613488e+00,3.053497517159208474e+00
9.797275559133787892e-01,4.335327838172542414e-02,4.153855285225010411e-04,3.944750896992465367e-02,1.547543477791958999e+00,2.394890815656431471e+00,2.315995797716582594e+00
9.831931564949546454e-01,-1.024276596063138367e-01,1.911957533365747555e-03,1.684054179542134044e-02,1.835800821455232379e+00,3.370164656055706143e+00,3.336483572464862934e+00
9.300170563382590405e-01,-1.192075978722035856e-01,-2.526482447252656385e-03,2.159883887867775354e-01,5.170273503296947126e+00,2.673172809889448587e+01,2.629975132132092952e+01
5.082379377330126236e-02,7.342383760677861915e-05,1.957983230305160305e-05,9.197769967723701257e-04,2.902625046554306198e+00,8.425232160884387866e+00,8.423392606890843126e+00
9.761788315025524687e-01,1.852761358914488676e-01,1.058686267677493194e-02,6.322499681748046385e-02,3.049092748376410533e+00,9.296966588201613035e+00,9.170516594566652913e+00
8.062211280309947714e-01,5.338466360237748010e-02,4.243248127950133264e-04,9.199543099315548103e-03,1.858881332875373937e+00,3.455439809712526955e+00,3.437040723513895557e+00
7.751094893893757387e-01,1.235729929634679647e-02,8.354769387448684418e-04,1.398765781788923607e-02,1.575193752960605487e+00,2.481235359366117166e+00,2.453260043730339124e+00
9.547849037712232700e-01,1.428169775349507620e-01,1.173844838831388741e-03,1.540690690517191978e-02,1.283298194002626458e+00,1.646854254730402811e+00,1.616040440920059051e+00
2.396055287472897977e-01,1.307317646956551727e-02,-1.686060884653345230e-03,7.801919634190407349e-02,6.457615259751367631e+00,4.170079484297372829e+01,4.154475645028992403e+01
1.690778097711365113e-02,-1.705585422570807252e-04,6.070006689407137744e-06,3.638570649985183774e-04,8.826104303503546689e+00,7.790011717632381760e+01,7.789938946219380966e+01
9.673368050849040500e-01,-2.558648069028195415e-01,3.281595530390416914e-03,6.043880568426752281e-02,4.209365228809077486e+00,1.771875562950689442e+01,1.759787801813835983e+01
9.780145073168077241e-01,-6.394674614598805373e-02,3.203943762353495331e-03,3.490302075063506787e-02,2.305174321144049188e+00,5.313828650861927017e+00,5.244022609360657228e+00
9.680298476994103618e-01,6.538433450740355202e-02,1.436314938410218189e-03,2.012474653021457949e-02,1.496516583217732954e+00,2.239561883845677670e+00,2.199312390785248539e+00
8.529410401371426698e-01,3.519549686439050334e-02,3.237425347772677890e-04,2.799024895104132091e-02,2.359198001474067219e+00,5.565815210159231974e+00,5.509834712257148936e+00
8.831139449511860029e-03,3.397408338969842845e-04,1.608795613126889586e-05,2.161524445374462145e-04,3.432600546386274321e+00,1.178274651105135007e+01,1.178231420616227432e+01
6.399846360193750527e-03,2.324940236464456689e-04,9.285978443991157671e-06,1.496644004807803289e-04,8.449505107474882593e+00,7.139413656124412455e+01,7.139383723244317537e+01
5.223901568719728772e-01,2.442482756058828031e-02,6.201411600164003553e-04,3.247741860238684969e-02,3.364543669233985845e+00,1.132015410218249230e+01,1.125519926497771905e+01
9.886288955356407060e-01,-1.106156810976756666e-01,2.528271854730932636e-03,2.214573312131028551e-02,1.652220727668363809e+00,2.729833332936977719e+00,2.685541866694356905e+00
9.874409757727858894e-01,4.700191613682114244e-02,1.229784020846850113e-03,2.610809313632088402e-02,1.608911198855212943e+00,2.588595245801718736e+00,2.536379059529076940e+00
8.628148063869678364e-02,1.811640482746623704e-03,3.693529591325227365e-05,5.500047295784739679e-03,4.809972163956264701e+00,2.313583221803411405e+01,2.312483212344254113e+01
5.327238663122146889e-02,3.349841282661580877e-04,9.900209855015406550e-05,1.671845306135428567e-03,4.030053849005499345e+00,1.624133402588403996e+01,1.623799033527176761e+01
9.312252825396666323e-01,-2.504956389801391015e-02,9.829244226727281266e-05,4.354902167690517106e-02,2.975782253627838436e+00,8.855280021006377567e+00,8.768181977652567127e+00
9.268312179094112535e-01,2.864580896463034265e-02,1.668735661254695281e-03,2.973402220205711988e-02,1.372234215391048506e+00,1.883026741889886724e+00,1.823558697485772484e+00
9.905856731206332810e-01,-8.513477646364331353e-02,7.725398807984130848e-04,3.171648471521169160e-02,1.534368762891443305e+00,2.354287500537017852e+00,2.290854531106594205e+00
9.076369219257515164e-01,-2.925665527320281400e-02,5.016950772184977907e-04,2.684994866117155349e-02,2.210861703585289995e+00,4.887909472380051135e+00,4.834209575057708541e+00
9.768589041123649785e-01,1.559610074456169171e-02,1.675574939637146290e-03,1.680775057552282015e-02,2.231331950287142263e+00,4.978842272372221878e+00,4.945226771221176598e+00
9.976227933580283924e-01,-2.260468717969099650e-02,-7.117435437364514044e-05,7.040789088163076220e-03,9.200231181071399922e-01,8.464425378515844089e-01,8.323609596752582496e-01
9.803280652215887736e-01,-8.375674601396554397e-02,-7.798842391739955527e-05,3.738436710506434779e-02,2.248104711117709265e+00,5.053974792149638517e+00,4.979206057939509655e+00
9.664478061368932948e-01,2.335877858572613097e-02,-9.823423640628793250e-05,2.705763658152124732e-02,1.898007754705852479e+00,3.602433436923551113e+00,3.548318163760508348e+00
9.969757149030812338e-01,-2.383846890237761862e-02,-1.797504673829083955e-04,3.292085652463135753e-02,1.697172778631293122e+00,2.880395440527064643e+00,2.814553727477801637e+00
9.977687153417236221e-01,-6.601674640759942758e-02,4.348155101857194938e-05,4.786941196066935023e-02,1.711009539595749196e+00,2.927553644587657544e+00,2.831814820666318511e+00
9.813714943467498619e-01,-3.453464053614984514e-02,9.663306957142554646e-04,3.733511391112567801e-02,1.564166099229998608e+00,2.446615585980389973e+00,2.371945358158138895e+00
9.749306357309933668e-01,2.059617974343008751e-03,7.844993774710520536e-04,2.415579256721022902e-02,1.572076903708396811e+00,2.471425791173380127e+00,2.423114206038959662e+00
9.522865344132661614e-01,-3.580245253220262769e-02,-1.432146270707035374e-04,1.886112713157386822e-02,1.677205681052594599e+00,2.813018896555097736e+00,2.775296642291949833e+00
9.878235978897415004e-01,5.047603394438882063e-03,1.185972595461693633e-04,1.976635008799625462e-02,1.454428724105933490e+00,2.115362913504413633e+00,2.075830213328420992e+00
9.596642632819414320e-01,-1.043976754565578702e-02,-3.172144591773711229e-05,3.357391688871187024e-02,2.149022176614251212e+00,4.618296315579854650e+00,4.551148481802431256e+00
9.934746335447127707e-01,1.129778664016203860e-01,7.980416007829147212e-04,3.236869415863938976e-02,1.292097252297978782e+00,1.669515309395986691e+00,1.604777921078708092e+00
2.650718555383690944e-02,3.568148808490989587e-04,-5.014150512715511859e-07,7.220707786102097299e-04,2.375528319279788469e+00,5.643134795700256667e+00,5.641690654143035388e+00
8.233306126733591634e-01,-4.722838430315234870e-02,-7.231707395885970469e-04,4.300290077763611885e-02,2.038468253872715241e+00,4.155352822046877392e+00,4.069347020491605349e+00
9.914352166186326532e-01,7.152639599714509522e-02,5.254528308641475938e-04,2.443421157397095492e-02,1.532539787796398878e+00,2.348678201179031255e+00,2.299809778031089547e+00
3.536338863979334723e-01,2.093397783113132293e-02,7.491381500069499997e-04,1.276732700162146010e-02,1.380048698698493004e+00,1.904534410779403997e+00,1.878999756776160934e+00
1.242771479922840649e-01,2.047600290733198047e-02,2.685326892661783500e-03,1.649952103535988132e-02,2.708765458966667428e+00,7.337410311690900855e+00,7.304411269620181280e+00
3.446654672652482709e-03,2.170182818947985481e-04,1.314888056718414658e-05,6.829834084449489678e-05,4.879248041206937891e+00,2.380706144762173793e+01,2.380692485094004951e+01
5.114157771657819040e-01,-1.144919139300515365e-01,7.019503951811329476e-04,2.248847652043687792e-02,3.432962941762850217e+00,1.178523455951704157e+01,1.174025760647616679e+01
9.973258160428694064e-01,-1.197030473396309969e-03,-3.869561863972624657e-05,1.564235977873179237e-02,1.431049998210186969e+00,2.047904097377376331e+00,2.016619377819912629e+00
1.316098296730801032e-01,1.240489662289456785e-03,-5.045830422864460633e-05,5.174403915787688900e-03,2.246893561071521717e+00,5.048530674784664996e+00,5.038181866953090449e+00
1.819280142941415157e-02,4.814721000507837800e-04,-4.220761835791525058e-05,2.226379294142355990e-03,3.027311657672572487e+00,9.164615872680260011e+00,9.160163114091975700e+00
2.747821404161632231e-03,1.140457898094471290e-04,4.205241193259766179e-06,5.249483537306970528e-05,5.324852971067298490e+00,2.835405916348423716e+01,2.835395417381349148e+01
9.121033096062468593e-01,2.984862194792281542e-02,9.944896135459038462e-04,2.699429714803499442e-02,2.731159822126472125e+00,7.459233973997902112e+00,7.405245379701832498e+00
9.089681729647827169e-01,-4.011307711679401589e-02,-1.255469572103236797e-04,2.219633235345906327e-02,1.945859829053315337e+00,3.786370474323397683e+00,3.741977809616479522e+00
9.820159470480064323e-01,-2.225314451222920598e-02,6.250997705192465510e-03,3.873446704087077364e-02,1.481237324170998182e+00,2.194064010517259078e+00,2.116595076435517697e+00
9.971635473227040691e-01,2.610057202400706267e-03,5.335270311188919715e-04,2.097427861170306218e-02,2.041677694961700595e+00,4.168447810104122908e+00,4.126499252880717172e+00
9.705467062969849179e-01,9.655812974793342995e-03,1.274051925991246141e-03,3.062456392882432349e-02,2.672460875411407866e+00,7.142047130604708194e+00,7.080798002747060060e+00
8.172755322268723255e-01,3.893834255962913549e-02,4.663900346948520381e-04,1.526449009912210844e-02,2.024948993831239274e+00,4.100418427618147454e+00,4.069889447419903661e+00
9.581167168320634531e-01,-4.701477959802136120e-02,2.384895665523875750e-03,4.477877755858664793e-02,2.092090676695117502e+00,4.376843399514633859e+00,4.287285844397460188e+00
9.745207260894168666e-01,9.700586800868815640e-02,1.259814627215525770e-03,2.739323300316171342e-02,2.139257760739174508e+00,4.576423766882786737e+00,4.521637300876462540e+00
9.974400593140961835e-01,-4.715058964077545323e-02,1.134835387303482091e-03,2.705952687160988190e-02,1.829387891811082190e+00,3.346660058704995500e+00,3.292541004961775819e+00
5.453342769990930927e-01,3.963663709216830311e-02,-2.663108342050123003e-03,1.551756161894726760e-01,3.837759840738788508e+00,1.472840059518741285e+01,1.441804936280846938e+01
2.390191174195033241e-03,1.372101231071898297e-04,6.909664865849934902e-06,5.166955315092441409e-05,5.271425567448733140e+00,2.778792751315220144e+01,2.778782417404589822e+01
9.506289031698734737e-01,4.011572783847960899e-02,9.476074686117738925e-04,3.158178305980786221e-02,3.652515748241978777e+00,1.334087129115566306e+01,1.327770772503604491e+01
9.698271494969623596e-01,-7.852261555618078592e-03,-5.515808501627766453e-05,3.475166050923967492e-02,2.676700391255609102e+00,7.164724984547931719e+00,7.095221663529452272e+00
6.026072573101854957e-01,-2.473660976819913593e-02,-1.891193962371283844e-04,4.633744230300208822e-02,4.452070930228099854e+00,1.982093556778210086e+01,1.972826068317609938e+01
2.652039582776155591e-03,1.035925752284061474e-04,6.299489970007151745e-06,7.752838066076330728e-05,4.556019289269223727e+00,2.075731176419323987e+01,2.075715670743192121e+01
1.471024324664949035e-03,1.863867302787092228e-05,1.337876931505010570e-06,2.459153341623087242e-05,2.799688481344674518e+00,7.838255592574049579e+00,7.838206409507217920e+00
9.751741259854033173e-01,-5.895626765222483634e-03,1.939888189619879766e-03,4.414531170688628520e-02,5.315445408230927704e+00,2.825395988788325496e+01,2.816566926446948216e+01
9.531040953406715310e-01,-1.418658787342454985e-01,2.315487005130691198e-03,1.886565298222246667e-02,1.629993437253918875e+00,2.656878605490844869e+00,2.619147299526400019e+00
5.544826630624768438e-01,2.698210971124814783e-02,-9.793936352179325681e-04,6.957336368476430000e-02,4.329567608717900029e+00,1.874515567845923769e+01,1.860600895108970931e+01
7.485546809802845480e-03,4.427770664703345460e-04,2.307598803035430435e-05,1.531546002502915467e-04,6.762212204556057316e+00,4.572751389944689038e+01,4.572720759024638681e+01
9.433806531263531081e-01,-1.173875180886287950e-01,2.638794738711024070e-03,3.737834889784470704e-02,2.448403245924856808e+00,5.994678454655374189e+00,5.919921756859685580e+00
9.322542945096764511e-01,-1.523426419569806622e-02,2.456295766402365448e-03,2.548293448996443236e-02,2.622566573948782676e+00,6.877855434793454847e+00,6.826889565813527128e+00
9.982325308475648029e-01,-1.560220519977287834e-01,7.377370132404176880e-04,2.771863631328242566e-02,1.649184647849094798e+00,2.719810002701143148e+00,2.664372730074578310e+00
9.569807158779677358e-01,-6.571722332947493861e-02,-1.580876276326003305e-05,4.785020438820138111e-02,3.715768953463290281e+00,1.380693891552167507e+01,1.371123850674527311e+01
1.396339562399462331e-02,1.330528213960846529e-04,-4.592170129061771794e-06,3.090746962901712476e-04,9.783901727904916967e+00,9.572473302130082118e+01,9.572411487190822754e+01
9.698943063306040280e-01,-1.752974663597571259e-01,1.285103975272236347e-03,3.361713206310171231e-02,2.333375981615299910e+00,5.444643471579164284e+00,5.377409207452960693e+00
3.717463031746168767e-01,1.311088109872271534e-02,2.534423903389938651e-04,8.762443808128277806e-03,3.440773228344247592e+00,1.183892040889049646e+01,1.182139552127423876e+01
9.292396068187140923e-01,-5.877899821706500383e-03,2.632004545798837837e-03,1.641781945563922790e-02,1.844367123985077184e+00,3.401690088036984694e+00,3.368854449125706196e+00
9.701277963414558503e-01,-2.136353920585261357e-01,4.250439279982333278e-04,5.381149587889112740e-02,2.894530852266671062e+00,8.378308854723622190e+00,8.270685862965837742e+00
1.463053604388592221e-01,-9.610933784211139752e-02,-2.268662631158510938e-04,1.324968186478858376e-02,1.211059985931735028e+01,1.466666289524974331e+02,1.466401295887678486e+02
7.020941188039110381e-01,1.395027703680522535e-01,3.729527828359059660e-02,2.068253681782042941e-01,1.073540979789631677e+01,1.152490235287682196e+02,1.148353727924118033e+02
8.749922062501302999e-02,-1.686251900528636938e-01,1.566112485819310762e-04,7.456646303668798374e-03,1.168848625691156329e+01,1.366207109780104929e+02,1.366057976854031324e+02
9.830943555818956181e-01,6.772523081110626286e-02,1.280625496598192118e-03,3.008017072438855938e-02,2.225667196181951635e+00,4.953594468160430253e+00,4.893434126711652787e+00
9.824942444040798417e-01,-9.755713649227604201e-02,1.215719668363657042e-03,2.576177530268674090e-02,2.504697856876395345e+00,6.273511354241208871e+00,6.221987803635835590e+00
9.623755978124116650e-01,-9.469068966933047449e-02,-1.417856454513876892e-04,3.372839659967515752e-02,4.112009454153979782e+00,1.690862175105170806e+01,1.684116495785236012e+01
8.977326594319225972e-01,-6.681871394506704032e-04,9.794042336805982175e-04,3.414957534232975628e-02,1.978585333702459259e+00,3.914799922742471683e+00,3.846500772057812156e+00
9.823828916271252210e-01,-7.567414407123473907e-02,7.627426328346117090e-04,5.864205520580122177e-02,2.816024564258134966e+00,7.929994346505219838e+00,7.812710236093616700e+00
8.640131799006727231e-01,3.019857355100574736e-02,1.495133988963883711e-03,2.711146423672723335e-02,3.302464651255740069e+00,1.090627277279369700e+01,1.085204984432024311e+01
9.887708554397985905e-01,-3.159863650351313336e-01,9.683137532350956367e-03,8.774540972660081761e-02,3.608745192366928922e+00,1.302304186343142156e+01,1.284755104397822123e+01
9.429260783894519715e-01,-2.203283146940373527e-01,1.676207726097731507e-03,2.245610148796630123e-01,7.313159838368500587e+00,5.348230682152598803e+01,5.303318479176666500e+01
3.301420616919573670e-01,-1.856729322271684079e-01,2.402462885551208925e-03,2.290202008808697731e-02,4.236225710626944085e+00,1.794560827137675929e+01,1.789980423120058717e+01
9.826410295073679801e-01,-1.293958753916786275e-01,2.341759094457440682e-03,4.836497671666206699e-02,2.468453146760307693e+00,6.093260937750864414e+00,5.996530984317540280e+00
8.708946030549788997e-01,-1.200556690048395492e-01,7.850817138660261610e-03,5.225429367666295510e-02,2.693094500877064146e+00,7.252757990654282949e+00,7.148249403300956928e+00
7.780645564378858570e-01,1.138436210811888394e-02,-8.111895147628674790e-05,4.347721784241038306e-02,3.559383440876347393e+00,1.266921047918474486e+01,1.258225604349992288e+01
7.829173306435402990e-01,-9.687452746553204541e-02,-9.649782369900081463e-04,5.571510763606043332e-02,2.533670812566315433e+00,6.419487786450453370e+00,6.308057571178331990e+00
9.402682934914228241e-01,6.943198240326958759e-02,7.960013643280458603e-07,1.266455350793043756e-02,1.499624737047873468e+00,2.248874351965903795e+00,2.223545244950043021e+00
6.857061611253243427e-01,-1.078729273094733432e-01,1.383482693172441002e-03,1.012344704301183784e-02,2.468038686668958537e+00,6.091214958894638265e+00,6.070968064808615061e+00
6.596366098226300601e-01,4.634383397292154982e-02,7.536864758550308827e-04,4.510421351547868468e-02,3.345243291803657204e+00,1.119065268135736879e+01,1.110044425432641191e+01
2.312457742868745392e-02,9.013480288921904560e-05,-3.275616585343430725e-06,5.356161247090176786e-04,3.287054266472064779e+00,1.080472575073220476e+01,1.080365451848278724e+01
8.913497309731930329e-01,1.302588310690848683e-01,3.264538748194900013e-04,2.768810052434773558e-02,2.408605113968515177e+00,5.801378595035282970e+00,5.746002393986587187e+00
6.684327190011745135e-01,3.073344022933861830e-02,5.237799434534154766e-04,2.581643690499892119e-02,1.480649584128940432e+00,2.192323190981204206e+00,2.140690317171206836e+00
9.256662482218580568e-01,-7.417681653888621822e-03,6.272487389349219950e-04,1.415955948466442356e-02,1.770288584716924962e+00,3.133921673179053347e+00,3.105602554209724975e+00
9.939000887898564729e-01,2.826341786519273591e-02,8.870910566918387315e-04,2.093393774911221639e-02,1.797199401848441624e+00,3.229925690004395999e+00,3.188057814506171539e+00
9.497495252351254580e-01,-5.349186020333807079e-02,2.865518624747716726e-03,3.100007471985998658e-02,2.325000420165661552e+00,5.405626953770502396e+00,5.343626804330781965e+00
9.791973094682500101e-01,-2.339393366356756765e-02,-8.092263455438800969e-04,5.264139837564969782e-02,3.469369959274092974e+00,1.203652791431352220e+01,1.193124511756222184e+01
3.243864591066136782e-02,-7.781092390661825675e-04,3.046921891672058619e-05,3.996372041773248911e-04,2.131199809462307027e+00,4.542012627852173523e+00,4.541213353443819933e+00
9.299569254952619879e-01,4.903639023777711659e-02,5.603240140928980291e-04,2.382174096136202221e-02,2.262519132659729149e+00,5.118992825651332623e+00,5.071349343728608794e+00
6.996613793720291019e-01,4.294166235639662599e-02,8.136528933345556300e-04,1.977967830952954975e-02,2.379992905908856038e+00,5.664366232176480054e+00,5.624806875557421648e+00
9.943600377396647483e-01,-1.791937049117953151e-02,5.497761582209632165e-04,1.199327268481140477e-02,1.061209756969374807e+00,1.126166148286999569e+00,1.102179602917376711e+00
9.979400376820266594e-01,-6.790359918298688457e-02,3.754562052008238670e-04,1.486734365154310407e-02,1.645766731150601458e+00,2.708548133362135957e+00,2.678813446059050030e+00
9.957026525142149698e-01,-8.573097334588930529e-02,2.422661641488754476e-03,4.301636332378221128e-02,1.837388192922212005e+00,3.375995371489951768e+00,3.289962644842387540e+00
1.583301251801227938e-02,4.228695875490018352e-04,5.026310434817009865e-06,3.800681585538944677e-04,8.624344369283623024e+00,7.437931579999414566e+01,7.437855566367704796e+01
8.737148931408138530e-01,6.832245011533455425e-03,3.787556666339231271e-04,1.644812286287233860e-02,1.721759834195972783e+00,2.964456926650544055e+00,2.931560680924798934e+00
5.004031336280327924e-01,-5.304706556205115997e-02,7.205032869694701558e-04,8.354824902094177413e-03,2.447951059708564969e+00,5.992464390728286183e+00,5.975754740924097419e+00
9.336157595394931619e-01,1.266577191834113436e-01,2.170540903152896970e-03,4.852805131516828296e-02,1.736485657581468001e+00,3.015382438986143665e+00,2.918326336355807182e+00
9.315462665831957256e-01,-4.439522948220964160e-02,5.921797165526264482e-04,3.395687881380764911e-02,2.188908853414872624e+00,4.791321968558013289e+00,4.723408210930397644e+00
9.794045305719925043e-01,5.213491341696054049e-02,1.094694819737250741e-03,1.724060018916915432e-02,1.527095575466168142e+00,2.332020896608347105e+00,2.297539696230009199e+00
8.564927139204525641e-02,6.821502695645964565e-03,4.903378398041475334e-04,3.742879523318173689e-03,5.049929348231986026e+00,2.550178642213473523e+01,2.549430066308810083e+01
8.039433270885836258e-01,2.581813282688094624e-02,3.036530514396917273e-04,7.526656290870301427e-03,1.478828905472523658e+00,2.186934931661062453e+00,2.171881619079321535e+00
9.815855015325636312e-01,8.163541424022802140e-02,1.394487865627410056e-03,2.047778679703464791e-02,1.637845829009917820e+00,2.682538959605184736e+00,2.641583386011115309e+00
8.543340003325202714e-01,-6.966026897694210795e-03,4.473043412864449449e-04,3.154694634543745574e-02,3.769489417222477545e+00,1.420905046655225412e+01,1.414595657386138150e+01
9.566647980296415499e-01,-1.279457868042671587e-02,8.012065124779012065e-04,1.662523377425821972e-02,1.730934332866115977e+00,2.996133664694666354e+00,2.962883197146149783e+00
9.704589366933737971e-01,-4.061002805019918449e-02,1.409510404634800596e-03,1.662070603346774145e-02,1.827222769724958562e+00,3.338743050201348872e+00,3.305501638134413334e+00
9.784460455653306576e-01,1.511127912029652798e-02,3.547578447475598583e-04,2.372189898055590551e-02,1.408223688744168811e+00,1.983093957540233543e+00,1.935650159579121787e+00
4.944478543211333621e-01,8.972016696695117588e-03,-5.444175227505664147e-04,3.412981999784068382e-02,4.450626811090976354e+00,1.980807901160182993e+01,1.973981937160614919e+01
1.790648474738865126e-02,1.257531039902670678e-04,-7.110469101612529101e-07,2.664514699412302043e-04,3.796659271278286507e+00,1.441462162218337006e+01,1.441408871924348922e+01
8.681018708311845078e-01,-2.521372557899321798e-01,1.469191206439871174e-03,2.943177602359545522e-02,1.650066464098729480e+00,2.722719335943283525e+00,2.663855783896092344e+00
9.879335863087794767e-01,-1.101066981445083526e-01,3.119507399860465581e-03,5.770094483027164017e-02,3.156634591281201718e+00,9.964341942873039315e+00,9.848940053212494661e+00
9.040065980632467912e-01,-2.148143565956628365e-02,4.871779191553771778e-04,1.493201708277285510e-02,1.896501437032254156e+00,3.596717700665405193e+00,3.566853666499859354e+00
9.788115679296558458e-01,-6.802943889853076131e-02,6.612068687227648511e-04,3.432813335222813927e-02,1.430616890257136564e+00,2.046664686689000145e+00,1.978008419984543798e+00
8.705463058182379976e-01,-1.189782678047932585e-01,3.518491081026871737e-04,2.561437252298006534e-02,1.725862808075879107e+00,2.978602432299558789e+00,2.927373687253598700e+00
1.236962348469197170e-01,1.146682160715339904e-03,-1.656459962620165319e-04,8.709932812678518321e-03,6.224950760995489496e+00,3.875001197681832821e+01,3.873259211119296452e+01
1.700635982248810407e-02,1.574333421645590647e-04,1.725957211645880171e-06,2.495517139246615046e-04,7.771527839318351560e+00,6.039664495730016824e+01,6.039614585387231216e+01
7.271727970314013634e-01,-1.704630085041614063e-02,3.899829057259227905e-04,3.171762137813424753e-02,3.951165332468152158e+00,1.561170748449816337e+01,1.554827224174189482e+01
8.921274850758804664e-01,1.184183697959269033e-01,1.113733754699371354e-03,4.801184775074184702e-02,3.822176042551907127e+00,1.460902970025775893e+01,1.451300600475627611e+01
6.413968261027447326e-02,1.192550941998327119e-03,-2.353161008215462087e-05,3.065340169637091865e-03,7.369377014419180583e+00,5.430771758064975074e+01,5.430158690031047541e+01
2.441618112067434065e-02,-6.486976380779552187e-04,6.206989292266026521e-06,4.778911689325444760e-04,7.596473196733465549e+00,5.770640502868995725e+01,5.770544924635209583e+01
9.559899686860158230e-01,-9.940623260088532476e-02,9.053849183686278959e-03,1.187097603895054948e-01,3.238463051549458793e+00,1.048764293625103150e+01,1.025022341547202132e+01
8.585856840492536168e-01,-1.620293191756415341e-02,1.525920253914927116e-03,1.896580817556873036e-02,2.182548010336125444e+00,4.763515817422180554e+00,4.725584201071042934e+00
8.385897709613163720e-01,1.189000266707163078e-02,4.707193600473998573e-04,1.870532712140337075e-02,1.837499662103694753e+00,3.376405008231192717e+00,3.338994353988385733e+00
9.408987668229288337e-01,-9.878120163181947078e-02,1.306799597945318674e-03,2.772126660418229235e-02,2.154987824112933215e+00,4.643972522074993670e+00,4.588529988866629772e+00
9.375882542946681886e-01,1.768197941292566078e-01,1.399396320485141914e-03,2.588137667851985596e-02,1.700783307859453197e+00,2.892663860293343436e+00,2.840901106936303488e+00
8.470468429902748841e-01,-3.087627239847012817e-03,2.435874866941494432e-04,1.527442426604344247e-02,2.199925348763569932e+00,4.839671540132515659e+00,4.809122691600428823e+00
9.755938225389093610e-01,-7.323880447469871546e-02,8.753918235962408973e-04,2.229342571004106974e-02,1.474794234953598737e+00,2.175018035452370491e+00,2.130431184032288705e+00
9.885808477206651235e-01,5.911614236271167666e-02,1.188843730267719317e-03,2.398191583785614853e-02,1.477728769328568781e+00,2.183682315701326537e+00,2.135718484025614927e+00
9.887246620753264992e-01,-1.860211538303904732e-02,8.556552024499877154e-05,9.246410473054491458e-03,1.446159066577800800e+00,2.091376045845176002e+00,2.072883224899066512e+00
9.979717826668409453e-01,-1.204867608000194101e-01,8.337913796567285405e-04,2.366929161806546195e-02,1.691355174057441513e+00,2.860682324810878363e+00,2.813343741574747092e+00
1.310341214614463290e-02,1.327199097306053233e-03,1.273745871641139104e-04,6.729836288970560045e-04,6.195351449681072431e+00,3.838237958506536529e+01,3.838103361780757439e+01
1.522012940235240031e-03,4.342107154720054041e-05,1.478728765815712819e-06,2.641230320883155102e-05,4.860646234497701279e+00,2.362588181693668332e+01,2.362582899233026978e+01
9.502025039743206003e-01,-8.181866493782308236e-02,-1.008705505076092535e-04,2.230699750682212795e-02,2.422473486568507806e+00,5.868377793127382169e+00,5.823763798113738233e+00
8.924434846843278812e-01,6.525650779060276907e-02,5.005925580303660638e-05,3.279694043260872327e-02,2.170418350431346344e+00,4.710715815889125579e+00,4.645121935023907689e+00
4.827102362364377175e-02,1.636929649927232333e-03,-1.574077446382525947e-05,3.116091611671879900e-03,5.943002165967063988e+00,3.531927474468920991e+01,3.531304256146586340e+01
5.561636009942749759e-03,-8.388993475960671020e-05,5.745408132620541990e-07,8.231085987541939247e-05,5.240277016530271226e+00,2.746050320997540339e+01,2.746033858825564877e+01
5.185369966261124119e-01,-1.704069938807339923e-03,-1.282074226577853719e-04,1.134593028502711362e-02,2.883077095581017435e+00,8.312133539063875531e+00,8.289441678493821186e+00
8.815916131406855705e-01,6.366891038529642888e-02,7.640256619165750355e-04,1.369913966070890679e-02,2.222484288944184261e+00,4.939436414603735948e+00,4.912038135282317697e+00
6.969561359389786492e-02,-1.374099584752208614e-04,6.998672549940465615e-06,1.109888771445355360e-03,2.658053948891118345e+00,7.065250795215669122e+00,7.063031017672778411e+00
5.389752835425503097e-01,4.305918259569002648e-02,3.067211913471360862e-04,8.302181100535134528e-03,2.200871463322201294e+00,4.843835198066008374e+00,4.827230835864937397e+00
9.813114269448801608e-01,6.052713433911485752e-02,1.309277559482182121e-03,3.070619681057384573e-02,1.808523921256233624e+00,3.270758773756023530e+00,3.209346380134876053e+00
8.243053141869927103e-01,-4.051891645437133427e-02,5.303199813240734497e-04,2.494477275789170473e-02,1.474761008907633508e+00,2.174920033394260876e+00,2.125030487878477814e+00
3.883204807040396833e-02,-8.352190769333867060e-02,2.318998196682378604e-06,1.852933897798070013e-03,3.337503044586563217e+00,1.113892657262458030e+01,1.113522070482898307e+01
9.956583932713756191e-01,-8.734499190089284326e-02,1.189241656057242989e-03,4.761885894021669619e-02,1.785604208998227360e+00,3.188382391192185139e+00,3.093144673311751802e+00
6.024417478892359901e-01,-2.634566216567877373e-01,-2.635229746497965006e-04,5.463432068228377125e-02,1.844181529227297833e+00,3.401005512743135117e+00,3.291736871378567741e+00
9.488733414341581351e-01,-9.691996689293536082e-02,9.363382712342328742e-04,4.671774157383729725e-02,2.899546372574322461e+00,8.407369166708912545e+00,8.313933683561236521e+00
9.478111961186939105e-01,-3.798452082045578049e-02,9.094743873361933522e-04,2.677813248802201132e-02,1.681265589756937961e+00,2.826653983300744688e+00,2.773097718324700089e+00
9.624559253712439144e-01,9.005245957249941036e-03,2.679664899068474594e-05,2.605717264638691272e-02,1.761485556748708214e+00,3.102831366634306587e+00,3.050717021341532220e+00
9.857989958143469345e-01,1.252070505371060127e-01,1.321494159349646423e-03,2.179247770005702037e-02,1.660072327234948464e+00,2.755840131651257519e+00,2.712255176251143318e+00
9.592821010803429527e-01,5.756567270250900759e-02,5.795812369530765375e-04,1.047828628219153908e-02,2.028594234002182528e+00,4.115194566226902495e+00,4.094237993662519060e+00
9.411213481637847877e-01,5.802849151136407757e-03,5.275547502414703596e-04,1.996040217595118280e-02,1.493542266411584274e+00,2.230668501557851791e+00,2.190747697205949862e+00
5.843246893035267675e-01,2.488260675425052471e-02,3.597107456874102131e-04,9.800718836302516751e-03,2.253618147807383121e+00,5.078794756126780996e+00,5.059193318454176413e+00
9.584511588677389060e-01,-3.630803595316467458e-02,1.532100144169393652e-03,2.113987051266262573e-02,1.163139074038631371e+00,1.352892505555444824e+00,1.310612764530119767e+00
9.613683280726974534e-01,6.846078972475655444e-02,1.340735455060927759e-03,1.765848108839977726e-02,1.889736780826246410e+00,3.571105100807544730e+00,3.535788138630745259e+00
8.167234987572027372e-01,1.449492373642197185e-02,1.125722256841129969e-03,1.135830533366246828e-02,1.883918105199794635e+00,3.549147427099584196e+00,3.526430816432259086e+00
9.911524266246247716e-01,1.749368237920767566e-03,7.857857882488061786e-04,1.334496245488506726e-02,1.626492878302064904e+00,2.645479083167336043e+00,2.618789158257566196e+00
9.800885415306276327e-01,-4.249883787004871127e-02,6.228560680499326332e-04,1.834766214108760063e-02,1.448456629767969295e+00,2.098026608318784181e+00,2.061331284036609368e+00
2.731355683901703912e-02,5.210530480757036287e-04,-9.727322678955832973e-06,1.200682002506838278e-03,5.314338663612046432e+00,2.824219543156187484e+01,2.823979406755686483e+01
1.062400812392638727e-02,2.251767775711677189e-04,-8.036568635862206798e-06,4.525050343162209990e-04,7.668195819739566765e+00,5.880122712987137135e+01,5.880032211980274326e+01
9.217726407572890412e-01,8.468284071755483033e-03,6.639944364098018499e-04,1.289367826205073050e-02,2.196676672608568470e+00,4.825388403982652008e+00,4.799601047458549985e+00
9.293354972382745771e-01,3.850025636970663689e-03,7.069804270331699579e-04,2.308985305218528780e-02,1.502670132489327903e+00,2.258017527075494080e+00,2.211837820971123580e+00
9.427844987682308942e-01,3.834528426106875720e-03,4.105057024239792528e-04,1.362461829129666541e-02,1.605366384448527306e+00,2.577201228317337112e+00,2.549951991734743739e+00
9.691828867456983021e-01,-2.614985650267553918e-02,1.293576724808278558e-03,1.234725852527980040e-02,1.845848987860404300e+00,3.407158485985278595e+00,3.382463968934719123e+00
8.979225123786243046e-01,-5.478195345465186605e-02,1.221632883880294533e-03,1.933166693113878148e-02,1.539005781397183581e+00,2.368538795173955602e+00,2.329875461311678109e+00
9.875614880961655073e-01,-9.276289390714920202e-02,4.184930100969198072e-04,2.487453952807591392e-02,1.658539393572119103e+00,2.750752920030572923e+00,2.701003840974421255e+00
9.780549469511529148e-01,9.933477464958145875e-02,1.393301440712461968e-03,4.739667742137334411e-02,1.962405209256474103e+00,3.851034205316945958e+00,3.756240850474199533e+00
9.627103843188318244e-01,7.644532146871274580e-02,2.686493680235729157e-04,2.167875737755047341e-02,2.266887967422366756e+00,5.138781056844309525e+00,5.095423542089208446e+00
9.766367836451470552e-01,4.498615705619918304e-02,1.741449051920830214e-03,9.243241786861769449e-02,2.257728559091821907e+00,5.097338246538835271e+00,4.912473410801599272e+00
4.191913745745179387e-01,-4.811928116235400510e-02,2.711574004165842274e-04,9.880981988883234465e-03,2.472484634545346616e+00,6.113180268062835765e+00,6.093418304085069792e+00
9.113184139590496669e-01,-1.302147515315745796e-01,1.025980548438011706e-03,1.409760892658833316e-02,1.843083682243211285e+00,3.396957459751194452e+00,3.368762241898017873e+00
2.337884981648363780e-02,2.988938157035825327e-04,-4.664482219828686173e-06,7.987164524301474788e-04,7.574563649593146764e+00,5.737401448173785212e+01,5.737241704883299320e+01
2.586146090514662710e-03,9.465888581505765842e-05,3.234539553932703048e-06,3.711054358883493054e-05,4.754924901203758658e+00,2.260931081608757509e+01,2.260923659500039662e+01
6.476911936212390586e-01,3.675141703562534445e-02,1.541863657755405568e-03,2.144940231744843842e-02,4.220669264577957769e+00,1.781404904095303721e+01,1.777115023631814239e+01
9.810354503350869892e-01,-1.176855863967676274e-01,2.483611697935363734e-03,2.765559849451222282e-02,3.218438385807863789e+00,1.035834564324152929e+01,1.030303444625250364e+01
1.509603625762878654e-02,2.465440939221075212e-04,6.024089843103022240e-06,5.537681976005248653e-04,3.774210015771192861e+00,1.424466124314758630e+01,1.424355370675238497e+01
3.077077158998520190e-03,1.091852347587796146e-04,4.576439647313042479e-06,4.501336331712067578e-05,3.546668566437414238e+00,1.257885792015522242e+01,1.257876789342858714e+01
9.482932057879083221e-01,-4.971566268694771473e-03,1.827011371310181733e-03,2.084174034917780916e-02,2.035703300743874511e+00,4.144087928659505593e+00,4.102404447961149891e+00
6.962263737481002579e-01,5.433956021002189773e-03,2.643656430472957715e-04,1.358213680747591759e-02,1.520218498406475494e+00,2.311064282897239419e+00,2.283900009282287868e+00
8.527774163854421330e-01,2.656024260054724861e-02,4.814240287479619007e-04,3.808107210743238297e-02,1.785999095440544471e+00,3.189792768914443410e+00,3.113630624699578853e+00
9.760587366521310537e-01,-2.466738895376335838e-02,2.700786752320119988e-03,3.266354314141838022e-02,2.193486286854215983e+00,4.811382090617495777e+00,4.746055004334658989e+00
8.667129816251513130e-01,7.094572875186105909e-02,7.078888832455454373e-04,1.473659097123195504e-02,2.215778862554722117e+00,4.909675967744298930e+00,4.880202785801834864e+00
9.207058723862335814e-01,2.550841661762061688e-02,4.944996522168837146e-04,1.076923460429362114e-02,1.585531909801864536e+00,2.513911436999947568e+00,2.492372967791359972e+00
9.531505501242385492e-01,5.134730979495183423e-02,7.844634637590656556e-04,1.469420168342348149e-02,1.694215978678793144e+00,2.870367782410541135e+00,2.840979379043694131e+00
9.782429072239721135e-01,1.050160771582350216e-01,1.016046738963607152e-03,2.879890466960454906e-02,1.355731733399875960e+00,1.838008532947432272e+00,1.780410723608223167e+00
9.784202423067542842e-01,-3.570687557969653980e-02,4.080529172857931693e-04,1.537962723931857352e-02,2.101421117979320741e+00,4.415970715089457599e+00,4.385211460610819678e+00
7.345497256947597364e-01,-1.221717716696457678e-01,1.100669754679401736e-03,8.973501627337092043e-03,2.451565290426478860e+00,6.010172373223864994e+00,5.992225369969190751e+00
9.596348202275836181e-01,-3.465596165230289127e-02,1.556335715519947978e-04,1.985430158506919923e-02,1.942946833790796912e+00,3.775042398937682897e+00,3.735333795767544096e+00
9.729310687804179070e-01,-8.471121684987861777e-02,2.385281784254853551e-04,6.457753111192046647e-02,1.768751632925720019e+00,3.128482338977401245e+00,2.999327276753560589e+00
9.250024528488648423e-01,-9.795373947699395623e-02,5.993706323779408136e-04,1.188483914947144685e-02,2.686325164867439330e+00,7.216342891400075565e+00,7.192573213101132623e+00
9.776377053808993356e-01,8.477421552437136576e-03,1.033601618032750939e-03,1.533830814439833025e-02,2.411962614899408219e+00,5.817563655672389977e+00,5.786887039383594278e+00
9.403922940044535661e-01,8.859412092409613138e-02,1.543157189666573758e-03,1.875820980223619552e-02,1.515669209393958994e+00,2.297253152304908674e+00,2.259736732700436068e+00
9.456675392567936989e-01,9.667859832339850690e-03,5.846594948152117679e-04,1.640011620786410024e-02,1.625629776275935523e+00,2.642672169514947988e+00,2.609871937099219608e+00
9.895332833094045988e-01,1.142249618583390247e-01,8.514380169731039548e-04,2.650969859371917967e-02,1.361829276146628409e+00,1.854578977370049619e+00,1.801559580182611420e+00
9.857990886842145084e-01,1.849279349616680945e-02,1.128156749574850490e-03,2.568342688247308991e-02,2.933755629425158329e+00,8.606922093183806410e+00,8.555555239418861646e+00
9.044037374357394299e-01,-4.781816559199614236e-02,9.997607753903488617e-04,2.256661018732683890e-02,2.026767266475517637e+00,4.107785552456642009e+00,4.062652332081988504e+00
9.718287879940236129e-01,-9.008257185879575690e-02,6.958355768277761123e-03,6.544554151806879216e-02,2.653737460618351474e+00,7.042322509889137550e+00,6.911431426853000382e+00
8.503047433125952015e-01,3.600760313366624388e-02,7.883965320882940168e-04,1.594350367900276150e-02,1.452415167738916102e+00,2.109509819478063708e+00,2.077622812120058171e+00
9.833288483652274925e-01,1.463658012729351920e-02,4.254972055900096387e-04,3.914483458498644458e-02,1.810384382506348810e+00,3.277491612422894107e+00,3.199201943252921065e+00
9.878678582558129140e-01,6.933166229443694928e-02,4.308445424782253799e-03,3.400700712224281191e-02,1.522082618981978719e+00,2.316735499007039234e+00,2.248721484762553402e+00
7.670088941770768498e-01,-2.774781555755345686e-02,1.156360825273164850e-03,2.005320909417517006e-02,2.338456549900508996e+00,5.468379035772591656e+00,5.428272617584241289e+00
9.203066660814472888e-01,4.506542601585694641e-02,3.327667844482577264e-04,1.631792834204083206e-02,1.616059326620082670e+00,2.611647747155755095e+00,2.579011890471673230e+00
9.874659799995728626e-01,1.741917252149902118e-02,2.272179784625725921e-04,2.772745278422973983e-02,1.450398775975464183e+00,2.103656609351124640e+00,2.048201703782665195e+00
7.663406059930901737e-01,1.539038077380522340e-02,9.905615209261544717e-04,2.065066620648035520e-02,2.046861141076769641e+00,4.189640530850096134e+00,4.148339198437135167e+00
9.538129753847336412e-01,-6.813002957855784913e-02,1.671906843421902978e-03,1.528002141059879582e-02,1.570533224916660364e+00,2.466574610567125347e+00,2.436014567745928172e+00
8.210366642069104604e-01,9.313648640802973944e-03,1.822541757079624907e-03,2.036578649538634683e-02,2.994694220156770559e+00,8.968193472240368891e+00,8.927461899249596655e+00
9.522726818756738210e-01,-6.506819322745921452e-02,3.219778465728227648e-03,2.432944981275127205e-02,1.608419300489940973e+00,2.587012646188550757e+00,2.538353746563048130e+00
8.321470377787985040e-01,1.769453610566062984e-01,2.913291011779792997e-03,4.109430946291830339e-02,4.053605732009345708e+00,1.643171943057902240e+01,1.634953081165318522e+01
8.987643269365231946e-01,-2.129154524581100549e-01,6.104927369842776640e-03,5.338329662251964369e-02,2.866689946254588506e+00,8.217911247957134790e+00,8.111144654712095559e+00
9.783368841455849507e-01,-1.500470012893628802e-02,3.731079086117454740e-03,2.311004376426075216e-02,1.888745261739672943e+00,3.567358663744065961e+00,3.521138576215544269e+00
9.772163401671194460e-01,-3.282753806977467548e-02,1.106779831249705580e-03,2.610975312572985998e-02,1.930666288987027857e+00,3.727472319430941372e+00,3.675252813179481493e+00
9.719930156587661685e-01,-1.052410395011887934e-01,2.741817151365795891e-04,2.473847620390736551e-02,2.545397902747156493e+00,6.479050483309622521e+00,6.429573530901807388e+00
1.050964762901366312e-01,-1.704750451676506628e-03,-1.265573598260974811e-04,8.698973918269859926e-03,4.848629711289831334e+00,2.350921007720251410e+01,2.349181212936597518e+01
5.380974911053715282e-03,3.281905573269128240e-04,1.648857257789458107e-05,1.945855048171735450e-04,5.603694393593084300e+00,3.140139085678656272e+01,3.140100168577692585e+01
9.655644012066759707e-01,-3.090779474003806371e-01,1.034370598691168250e-02,6.521097068158766830e-02,3.853485901271738623e+00,1.484935359130006383e+01,1.471893164993688785e+01
9.295010314281711983e-01,-2.210416382721169803e-02,8.052421432203512273e-04,3.202125460340572716e-02,3.891242108583642167e+00,1.514176514761447123e+01,1.507772263840765881e+01
8.153759116920977768e-01,-9.654974143751547666e-02,6.921026703740250580e-04,1.475574279093226290e-02,2.556822234775145475e+00,6.537339940240568303e+00,6.507828454658703521e+00
1.028802432024145119e-01,1.562150497663861159e-02,2.332293114408358695e-03,9.735051677408122425e-03,8.430013388169282251e+00,7.106512572471335432e+01,7.104565562135854861e+01
2.615714452737005757e-03,1.874458037685045042e-04,1.298658318385224048e-05,4.648680212246671605e-05,8.663312230676856629e+00,7.505297880619522743e+01,7.505288583259097379e+01
9.596620166316612854e-01,1.305234630941034535e-01,7.413826619122756631e-03,4.438337466472781073e-02,3.643538285988522141e+00,1.327537124146417646e+01,1.318660449213472319e+01
3.756306606993131680e-01,-3.245348196853958811e-02,1.947577610673262587e-04,7.600678107974640114e-03,6.392170233179822247e+00,4.085984028995018491e+01,4.084463893373423105e+01
9.441033073630048511e-01,-3.395956769391328400e-02,3.696430288568346308e-04,1.567833184580364261e-02,1.883371712961991795e+00,3.547089009185387276e+00,3.515732345493779665e+00
9.934625870585828133e-01,-1.133692521275841969e-02,1.163384833046128769e-03,2.103767526844468189e-02,2.239135660240091141e+00,5.013728504958828047e+00,4.971653154421938225e+00
9.075782231937842282e-01,6.815200080601770127e-02,1.048139065147889269e-03,2.226926238221504928e-02,3.067977279159131765e+00,9.412484585436668993e+00,9.367946060672238673e+00
7.000767474003262159e-01,4.263046768598066638e-02,3.653094571472408850e-03,1.309522909072894647e-01,2.108936703596568041e+00,4.447614019776758632e+00,4.185709437962179535e+00
6.378782014360162567e-01,7.503192874825481695e-03,3.469457504813275609e-04,8.779748697252402062e-03,2.147081220252030409e+00,4.609957766358947495e+00,4.592398268964442920e+00
9.806095937180799860e-01,-1.206318869238354186e-02,9.222894805726058445e-05,3.084685928377196504e-02,1.258529156741714505e+00,1.583895638369011261e+00,1.522201919801467573e+00
6.677679655351325128e-01,-2.229983519279445450e-03,-3.116406664655406103e-05,1.882942876616295474e-02,1.505725390563454891e+00,2.267208951787468507e+00,2.229550094255142945e+00
6.384970421391424900e-01,-4.621151524220046269e-03,5.879565346309082764e-04,1.480392658055644690e-02,3.444465148123062370e+00,1.186434015663443020e+01,1.183473230347331651e+01
8.566160785104834918e-01,1.282993882033856003e-02,3.596958369599067532e-04,1.096260087790416025e-02,1.750707690167732977e+00,3.064977416412438593e+00,3.043052214656630561e+00
8.595064485329291237e-01,5.255325774494296054e-02,1.053138455480563760e-03,3.808771558197325546e-02,2.377047670233914278e+00,5.650355626564479650e+00,5.574180195400532334e+00
9.785282085346594938e-01,-3.392984950248015275e-02,2.247516445665410142e-04,2.799683615515995844e-02,2.059356504369719065e+00,4.240949212089868858e+00,4.184955539779548594e+00
9.547923995455490642e-01,-2.691971179661042379e-01,6.486056480375773474e-03,3.697023481297760650e-02,2.009620255980505199e+00,4.038573573247150605e+00,3.964633103621195698e+00
1.195998751804679960e-01,9.693794549434420205e-03,5.968416800206959765e-04,7.578239903623632152e-03,4.574169138323332717e+00,2.092302330598961646e+01,2.090786682618237080e+01
9.927344438233627333e-01,-3.719645273446942069e-02,3.502908840312035014e-04,8.508979594928198567e-03,1.805768575898728745e+00,3.260800149703322770e+00,3.243782190513466279e+00
3.882754250757858294e-02,8.509884585738980434e-05,-2.171315115233822169e-05,1.831108114664627964e-03,5.237853540288123888e+00,2.743510970950882921e+01,2.743144749327949938e+01
5.034790999883465012e-03,2.886578467853340157e-04,1.659449994238020948e-05,1.292661788390374160e-04,6.569392875810160959e+00,4.315692275674529554e+01,4.315666422438761884e+01
5.842897553921461151e-01,-9.873218277579587365e-02,1.675752175565409837e-03,1.613408287232205932e-02,3.435412435658758756e+00,1.180205860307884436e+01,1.176979043733420127e+01
1.041576119157161529e-02,1.067488424052243090e-03,1.142806846368854703e-04,5.345807248721528562e-04,6.197500918948626314e+00,3.840901764036906485e+01,3.840794847891931596e+01
2.681047374254896809e-03,2.025023800440450827e-04,1.653020608296815736e-05,5.168933816710176931e-05,4.531489274230290576e+00,2.053439504246416192e+01,2.053429166378782966e+01
6.714613849229837950e-01,4.612096559287781616e-02,3.230210786704049847e-03,1.412746841068812306e-02,3.167647498186750177e+00,1.003399067276877865e+01,1.000573573594740218e+01
8.604446699289003408e-01,-2.587158358336205666e-02,1.111839065670517518e-02,4.616249042826558319e-02,4.735049409672092757e+00,2.242069291203603498e+01,2.232836793117950691e+01
5.158030220925036158e-01,5.588082197063837242e-02,4.525236282706516372e-03,3.508733768529369995e-02,9.339279191250435375e+00,8.722213581212338340e+01,8.715196113675278866e+01
8.337992839331409556e-01,1.159835661740007406e-01,4.285591994712520739e-03,8.909630020562324393e-02,4.981991067233022541e+00,2.482023499398963295e+01,2.464204239357838233e+01
9.047229304246378057e-01,9.200162137395785644e-02,4.239774710899655089e-03,3.977265116976323733e-02,1.941905096369443973e+00,3.770995403305619664e+00,3.691450100966092940e+00
9.600376561077643700e-01,-9.480283992681881600e-02,6.043928016964406069e-04,2.056993116435912317e-02,1.460507075159912294e+00,2.133080916592161813e+00,2.091941054263443789e+00
7.856147083969250433e-01,-3.152479976459104938e-02,1.485744411963785890e-04,1.191043239168747790e-02,2.816974217218626730e+00,7.935343740474494645e+00,7.911522875691120227e+00
6.939363605444446303e-01,1.881030213172932286e-02,3.415713430843917201e-04,9.232426250691249184e-03,1.837727298656710806e+00,3.377241624228091155e+00,3.358776771726708521e+00
8.859978210608354665e-01,-1.108869748804988675e-01,2.285165364264804110e-03,5.054010828317202775e-02,1.980119362747589262e+00,3.920872690727918997e+00,3.819792474161574969e+00
6.084009875027283076e-01,2.086853028016333322e-02,5.084511198918610208e-04,5.869018822345340412e-03,1.380720181769928834e+00,1.906388220346785456e+00,1.894650182702094732e+00
9.606972299192837461e-01,-9.824997827011672236e-02,1.763041953662790361e-03,1.682843789065817733e-02,1.523885879570038515e+00,2.322228173952949781e+00,2.288571298171633739e+00
9.905430445118771354e-01,-3.845213041991341063e-02,3.762154337217226124e-03,3.353760349398497709e-02,2.251170295924110221e+00,5.067767701251045587e+00,5.000692494263076604e+00
9.593960516407218364e-01,1.407194991795347461e-01,1.174323827304018207e-02,4.808662568867589499e-02,2.802837490427259493e+00,7.855897997744578198e+00,7.759724746367226089e+00
5.669665023553520644e-01,2.621925846501138579e-02,3.024002087983264798e-04,3.762671237755268322e-02,4.598059948687193810e+00,2.114215529172128072e+01,2.106690186696617673e+01
8.624595694496730580e-01,-4.129856893666867812e-01,4.345690776946203697e-03,8.667136344604157994e-02,2.690576401831332287e+00,7.239201374091638108e+00,7.065858647199554810e+00
3.103264046033883394e-01,-2.314802753850209172e-02,-1.512569061920353676e-03,1.086282286184615808e-01,1.139088274666078959e+01,1.297522097481744368e+02,1.295349532909375228e+02
4.329952058716779462e-03,1.781720826872223995e-04,6.571499423993218784e-06,6.802120358059020246e-05,6.107646569527022784e+00,3.730334661825520470e+01,3.730321057584804123e+01
6.912694989469949647e-01,-1.381056030441198956e-01,7.032659026319128433e-03,2.429927802505047960e-02,9.308382521527661879e+00,8.664598516708166187e+01,8.659738661103156687e+01
9.711953559182617823e-01,-1.559750509659201256e-01,3.662864095441210974e-03,4.413035794829194003e-02,5.028429264244565822e+00,2.528510086551114355e+01,2.519684014961455887e+01
2.319677024616416672e-01,1.190755123323250508e-02,6.798447478386935639e-05,2.190919510068809264e-02,2.214596519951170794e+00,4.904437746179835855e+00,4.860619355978458955e+00
7.808800726281067695e-01,-1.148701579462862443e-01,3.902101958191263147e-03,4.408748752224881523e-02,1.679514078962710766e+00,2.820767541433963022e+00,2.732592566389465016e+00
6.790534111465884592e-01,-4.393874430624239436e-02,4.827598421685778528e-04,2.251733890036081848e-02,3.238239088929714793e+00,1.048619239707234918e+01,1.044115771927162761e+01
8.988601007670052878e-01,-7.511331987749692018e-02,5.651704167832496614e-04,1.584536864747446150e-02,2.064722223352701835e+00,4.263077859606524633e+00,4.231387122311575766e+00
8.298376298727349054e-01,-1.148806546453022270e-01,6.605184426296199351e-04,1.524778665605894951e-02,2.028411649313432541e+00,4.114453819070440055e+00,4.083958245758322114e+00
6.831657484208256692e-01,5.760904481018069845e-03,1.985791002099208166e-04,1.370545898859788086e-02,3.040962857825386223e+00,9.247455102673541205e+00,9.220044184696345013e+00
7.014081597388005518e-01,2.493054605845951288e-02,5.946239300655535055e-04,1.071437078754349133e-02,1.911390776158337745e+00,3.653414699183172409e+00,3.631985957608085069e+00
9.276522855665035872e-01,3.153978515996191945e-04,1.948596725234390096e-04,2.228884367135306604e-02,1.322760940623238124e+00,1.749696506038473931e+00,1.705118818695767757e+00
